OFF
12128 0 0
0.271763241 -0.281494605 -0.0184850537
0.24160933 -0.287858063 0.0134629167
-0.0010256472 -0.308668016 -0.0824036355
-0.157704697 -0.31641958 0.0241016406
0.423030371 -0.265755135 0.008239587
0.424120908 -0.223970007 -0.019897717
0.423914636 -0.235142931 -0.0129585502
-0.401528501 0.161484244 0.000164258771
0.357653354 -0.28360262 -0.0105173
0.388920535 -0.258740173 -0.00899788925
0.391788161 -0.204764085 -0.0145622229
-0.0934536849 0.00948335453 -0.0295940243
-0.0936928662 0.0146085301 -0.0214995522
0.375378159 -0.152236748 -0.0265474966
0.312752652 -0.0113428533 -0.0666951586
0.322631101 -0.0112245357 -0.0633095037
0.357280255 -0.0213321273 -0.0565249233
0.0042274636 -0.278409141 -0.0512513246
-0.013407413 -0.238880102 -0.0576644447
-0.214041717 0.0440981052 -0.0236737933
0.294912361 -0.00808772956 -0.0583607413
-0.0596702687 -0.105871254 -0.0453253737
-0.0611199988 -0.102839605 -0.0450126359
0.055434936 0.0086953978 -0.101334637
0.144146526 0.0376311181 -0.0532780081
0.189127123 0.00601299778 -0.0443706533
0.0903253245 0.0176901993 -0.0813570373
-0.0437539764 -0.293996149 -0.00292951391
-0.29748504 -0.131896918 -0.0129143863
0.234948771 0.00099209568 -0.0375846829
-0.481844554 -0.323382464 -0.00215085609
-0.10201716 -0.24273277 -0.0188604604
-0.103629641 -0.191003299 -0.0214246821
-0.152812862 -0.315529546 0.0164864231
-0.167072133 -0.318497452 0.0183774367
-0.191882095 -0.322636485 0.0202428928
-0.33783317 -0.229220549 -0.0110624924
-0.332854124 -0.222614803 -0.0143379673
-0.311048255 -0.180323393 -0.0144869124
0.0804815712 0.0253986743 -0.0885099883
-0.303874898 -0.15897746 -0.0139294617
-0.299215752 -0.146151507 -0.0131840775
-0.0904859534 -0.00456198344 -0.0373243455
-0.0831198987 -0.00567169591 -0.0387465813
-0.0655918814 -0.010276219 -0.0397265351
-0.121795972 -0.0880653703 -0.0314220993
-0.150410768 -0.00181138646 -0.0258836478
-0.212761804 0.00719192079 -0.0144125978
-0.28921311 -0.0705266531 -0.0116028135
-0.226436816 0.00925239783 -0.0191673601
-0.2688263 -0.0381726198 -0.0138609847
-0.267481354 -0.0294137434 -0.0132847957
-0.247499261 -0.00346377688 -0.014427075
-0.373165717 -0.256314156 -0.00580246325
-0.356602589 -0.242996085 -0.00956902605
-0.407782703 -0.280888839 0.000769854333
-0.3189715 -0.160324726 -0.0101965774
-0.308850087 -0.141524725 -0.011064738
0.381308693 0.213404009 0.0210339315
0.372619744 0.202366543 0.0230519621
0.400489038 0.233179111 0.0140313483
0.405081207 0.253924319 -0.000878482156
0.241937564 0.0833767244 -0.0359300567
0.327495176 0.139786609 0.00893088384
0.157998521 0.0690939228 -0.0470426373
0.17013457 0.0939456757 -0.0446440746
0.341372393 0.162755884 0.00605396142
0.168632372 0.129485682 -0.0304442136
0.375537658 0.240387659 -0.00367975442
0.0792006857 0.205853299 -0.0196798206
0.0278422531 0.221278165 -0.0222905741
-0.0189897359 0.251562462 -0.0159315172
0.403105693 0.258383968 -0.0042070872
0.398943651 0.248824136 -0.00448164146
0.379862686 -0.0252421898 0.0954286938
0.369645093 -0.016020133 0.100687564
0.014836092 -0.301091795 0.0140525817
-0.0504181087 -0.21099191 -0.0449777758
0.203613843 0.0140217101 -0.0157711802
0.170660065 0.0391935698 -0.042130321
-0.00389406978 0.235328406 -0.0182707313
-0.084085895 0.0255674122 -0.0369419841
-0.087445085 0.277446884 -0.00446361814
-0.0907652199 0.27555183 -0.00533596097
-0.109903187 0.271233123 -0.00587014776
-0.129053961 0.266504112 -0.00524409378
-0.144853039 0.263312073 -0.00454990473
-0.2133016 0.245385825 -0.00510820037
-0.278946945 0.235799427 -0.000976093552
-0.311274407 0.224360159 -0.00167470275
-0.162566554 0.259493241 -0.00407796855
-0.205796706 0.251254327 -0.00319798112
-0.23507539 0.247110096 -0.00309386051
-0.260343198 0.241365636 -0.00283404898
-0.470195098 0.0805136952 0.0054957344
-0.465158292 0.0863538411 0.00326416333
-0.341501154 0.20754944 -0.00227042473
-0.385430476 0.172849971 0.000997435321
-0.0926404141 0.0135242113 -0.0282518811
-0.223012406 -0.00897055791 -0.0144843295
-0.228727839 -0.015149925 -0.0149526312
0.46608638 -0.312182004 0.0030881581
0.459262779 -0.308279318 0.00026932195
0.465461369 -0.310744384 0.00551731022
0.460024582 -0.306662904 0.00192641705
0.447757444 -0.294293166 0.00559226898
0.464707633 -0.310118997 0.00380586681
0.474540125 -0.319244691 0.01106391
0.350771164 -0.310498167 -0.0450446983
0.328789099 -0.317328536 -0.0584983759
0.335589714 -0.314293486 -0.0528214587
0.308263371 -0.312216129 -0.0596473268
0.301674179 -0.306995963 -0.0552108861
0.397010112 -0.305519882 -0.0167394255
0.384212492 -0.313616874 -0.0313572139
0.376785899 -0.313465053 -0.0359254564
0.391719726 -0.311200311 -0.0259229594
0.398383671 -0.298964032 -0.0103867067
0.38104979 -0.30401848 -0.0236782497
0.396114036 -0.297444391 -0.00982654337
0.409341131 -0.292399695 -0.000562620998
0.411730417 -0.292380814 -0.000136434516
0.435584545 -0.287872085 0.00695656589
0.438744008 -0.285595466 0.00856550119
0.408926434 -0.292947096 -0.0012639235
0.41445622 -0.286946566 0.00432714863
0.423078253 -0.288481591 0.00457046381
0.455785043 -0.300073778 0.00579317967
0.448130433 -0.297728837 0.00446786636
0.390776167 -0.309495797 -0.0238594668
0.373532845 -0.295184404 -0.0174483667
0.391688795 -0.29671368 -0.0105436723
0.406560566 -0.290581204 0.000283043264
0.377262483 -0.28390688 -0.00325530242
0.355949697 -0.316560034 -0.0478058332
0.363669404 -0.314137829 -0.0415889252
0.339408661 -0.316887219 -0.0555393278
0.348283947 -0.312758922 -0.0478255895
-0.181752367 0.0765868719 -0.0118020873
-0.0250313971 -0.309444744 0.0462745257
0.380883945 -0.309487883 -0.02881649
0.358580219 -0.312254534 -0.0433754616
0.338536207 -0.306195273 -0.0445379094
0.353042412 -0.299059382 -0.031118274
0.31590853 -0.312713091 -0.0570961206
0.347626379 -0.285018962 -0.0162499619
0.363496069 -0.283332841 -0.00814111895
0.328495117 -0.283960347 -0.0164406714
0.275195873 -0.312016555 -0.0630703955
0.305944187 -0.314204543 -0.0609642158
0.268344716 -0.31554709 -0.0674253311
0.277775482 -0.31154112 -0.0633059711
0.279890193 -0.299434381 -0.0525156284
0.239595576 -0.30806757 -0.0655628591
0.243132131 -0.31238176 -0.0693028185
0.250767875 -0.312518009 -0.0668773172
0.251614678 -0.30889053 -0.0646852825
0.248726614 -0.302524301 -0.0603810632
0.225753892 -0.294563811 -0.0561774702
0.229069514 -0.311688222 -0.0696359705
0.210519737 -0.318023531 -0.0766191153
0.212732738 -0.30714463 -0.068403374
0.220592608 -0.31712323 -0.0742683213
0.205544755 -0.308354212 -0.0693292531
0.202383641 -0.30664833 -0.0689218988
0.201558207 -0.291553492 -0.0559293174
0.180700361 -0.321610391 -0.0833181995
-0.094336811 -0.0204171406 -0.030103227
-0.13289594 -0.310234893 0.0689720905
0.124595541 -0.312794838 -0.0793268137
0.172968614 -0.316450126 -0.0789032417
0.138855471 -0.308395291 -0.0758687
0.150424543 -0.312675081 -0.0772659274
0.154250452 -0.301823928 -0.0685691457
-0.320985873 -0.204924341 -0.0151028822
0.17961815 -0.311206231 -0.0750227207
0.27989503 -0.304311778 -0.056103065
0.329290444 -0.297593842 -0.0386032751
0.284065366 -0.293967208 -0.0462012424
0.286744781 -0.28188857 -0.0297714765
0.229227856 -0.278488057 -0.038908805
0.298653307 -0.284330543 -0.00930032092
0.215343685 -0.284390756 -0.00660314617
0.233772262 -0.295920551 -0.0558496663
0.188622473 -0.291935217 -0.0570559813
0.14412513 -0.280432844 -0.0506192606
0.155562994 -0.276759328 -0.0438458171
0.164841257 -0.285238263 -0.0065346868
0.184313394 -0.279570899 -0.0289407688
0.0842481495 -0.297922861 -0.0700310878
0.0931144458 -0.314038293 -0.0820823667
0.107034809 -0.310316819 -0.0792207762
0.127325771 -0.313184192 -0.0803622463
0.127982154 -0.304165351 -0.0732536548
0.090519551 -0.307158883 -0.0774350207
0.0870261848 -0.311405575 -0.080940638
-0.0938841394 -0.00680940967 -0.0266509493
0.099934329 -0.302775171 -0.0731016745
0.091178834 -0.311247814 -0.0798665362
0.0653662738 -0.304795158 -0.0759414288
0.0440987852 -0.298023075 -0.0710085916
0.0240273619 -0.291818643 -0.0646487159
0.0643624117 -0.307813007 -0.0779944477
0.0459198472 -0.310325378 -0.0807224496
0.0604031527 -0.316920939 -0.082932429
0.0594657031 -0.299682721 -0.0718157638
0.0643443602 -0.307829762 -0.0780114597
0.0394265279 -0.305844879 -0.0784513616
0.0299477858 -0.306143276 -0.0779138619
-0.0865867798 -0.0548009912 -0.0389860281
0.0296761331 -0.30785986 -0.0789346513
0.0387795769 -0.316468123 -0.0809201008
0.00105312822 -0.295349111 -0.0663302763
0.133375112 -0.277143802 -0.0442246822
0.110748471 -0.278296852 -0.0504818384
0.0658823019 -0.279698364 -0.0526464544
0.121785043 -0.288729953 -0.00700603988
0.142483472 -0.279050887 -0.0328029817
0.0617201141 -0.281157677 -0.0363851396
0.0978430317 -0.279242454 -0.0379943064
0.0695440255 -0.291148707 -0.00932907774
0.0220180047 -0.291136266 -0.0636243089
0.0354308186 -0.282704393 -0.0556967192
0.00887916862 -0.274494668 -0.0471257475
0.0369836392 -0.282970035 -0.0330797347
-0.00239894756 -0.277165834 -0.0400263496
0.27033885 -0.034446324 -0.0829493382
0.459481792 -0.304745473 0.00332332437
0.433991373 -0.275951584 0.00643809302
0.445001399 -0.288621132 0.00781826669
0.457856395 -0.300112551 0.00940066446
0.445668108 -0.28743857 0.00566703662
-0.0977003991 -0.0784122774 -0.0280211518
0.434764474 -0.270353415 0.0013451861
0.437624373 -0.271726103 0.000229997944
0.441600669 -0.285712243 0.00821100641
0.43703322 -0.262314863 -0.00550213802
0.434716382 -0.250433555 -0.0109123645
0.43734311 -0.255719266 -0.0093103288
0.433723664 -0.243850433 -0.0143369245
0.429653596 -0.231091533 -0.0202420225
0.42124309 -0.258873349 0.0049499854
0.429731325 -0.224712858 -0.0262096436
0.427496335 -0.226043736 -0.0219317618
0.428451473 -0.244450269 -0.0100585889
0.422828023 -0.210032272 -0.026739672
0.329143922 -0.291269967 -0.0321681815
0.295705657 -0.293150156 -0.0435065211
0.318844745 -0.302397673 -0.0475173617
0.316775618 -0.291162155 -0.0361813509
0.297309316 -0.29109319 -0.0413497061
0.321775275 -0.284187767 -0.0258881859
0.287061028 -0.282042483 -0.0335512891
0.312159541 -0.281216148 -0.031855949
0.30748248 -0.277033022 -0.036932669
0.286875112 -0.274560424 -0.0426352649
-0.196960244 0.253995947 -0.001311327
0.426193879 -0.274704096 0.0083273835
0.401386791 -0.283927275 0.00451647065
0.392210921 -0.294287447 -0.0084380966
0.42639025 -0.270290084 0.00843123567
0.398936502 -0.284226085 0.00336658927
0.373868191 -0.30051432 -0.0237175573
0.381916618 -0.28385933 -0.00179245496
0.373462005 -0.283369219 -0.00445697822
0.396608162 -0.281030135 0.00574653756
0.438462713 -0.284098427 0.00897098448
0.429892425 -0.244696395 -0.0113149369
0.424604444 -0.231196586 -0.0163928719
0.415588621 -0.244228284 -0.0034325401
-0.019932955 0.245348998 -0.0148561775
0.430167868 -0.232464993 -0.0204780562
0.417878537 -0.262008333 0.00750261727
0.397786918 -0.279998488 0.00571376826
0.223482812 -0.284957731 0.0617593315
0.363254108 -0.279115186 -0.0104503681
0.388996267 -0.282395569 0.0024078935
0.389160642 -0.269496503 -0.00486873103
-0.116933167 0.137400943 -0.0269731679
0.411405832 -0.245680708 -0.00506127035
0.397096668 -0.258144714 -0.0064550847
0.383209957 -0.266156916 -0.00878297645
0.389390446 -0.258618148 -0.00894014352
0.36074645 -0.303084851 -0.0319989218
0.362888508 -0.291429134 -0.018559608
0.35165715 -0.285141271 -0.0153552451
0.34905265 -0.283803055 -0.0141769368
0.331033412 -0.284421203 -0.0226415077
0.369776675 -0.274440581 -0.0101275343
0.355578023 -0.280144792 -0.013922523
0.351559067 -0.283258435 -0.0135782336
0.324586639 -0.281091839 -0.0296095331
0.325438956 -0.28109896 -0.0291544078
0.169997085 0.0899354265 -0.0440201567
0.30779154 -0.275541195 -0.0384074664
0.409075626 -0.171608384 -0.0394226694
0.402645134 -0.153875654 -0.0452484689
0.409346435 -0.173888902 -0.0383372397
0.409059389 -0.171659821 -0.0393096767
0.402395004 -0.153686305 -0.0458819784
0.401378876 -0.154230408 -0.0494004371
0.421683488 -0.202954166 -0.032002185
0.42293807 -0.209030013 -0.0291044546
0.427687146 -0.217000394 -0.0306976305
0.419747424 -0.221592073 -0.0200213395
0.430325568 -0.224637251 -0.0274475221
0.429351676 -0.22222943 -0.027214217
0.428588457 -0.221426472 -0.0266076939
0.419117538 -0.199630636 -0.0307752608
-0.0430032154 0.254065467 -0.0119840126
0.415579129 -0.190048741 -0.0346918853
0.41729754 -0.20966359 -0.0258783324
0.408318241 -0.228821916 -0.0125632255
0.410984753 -0.209668938 -0.0229654438
0.412391726 -0.186989443 -0.0342924497
0.399696275 -0.246943961 -0.00968568592
0.418812696 -0.199149704 -0.0309957311
0.412962318 -0.216616378 -0.0206522512
0.414842888 -0.190691595 -0.0335420511
0.422563982 -0.210884009 -0.0265235847
0.422744751 -0.208749424 -0.0272987057
0.154026669 -0.000593313436 -0.0604574552
0.42505282 -0.234642386 -0.0139799264
0.418685101 -0.198049039 -0.0313931433
0.408547733 -0.169436648 -0.0421025572
0.412160832 -0.180783537 -0.0368268112
0.420095061 -0.19638438 -0.0311960181
0.406084589 -0.158591871 -0.045721587
0.404463363 -0.157934599 -0.0445209551
0.409261364 -0.172138906 -0.0391183126
0.413119368 -0.178848945 -0.0368984643
0.400548311 -0.14882796 -0.046160765
-0.0612758658 -0.132011265 -0.0448213074
0.423296397 -0.203288888 -0.0285893544
0.421657331 -0.188813988 -0.0313180483
0.420608565 -0.196802671 -0.0307709347
0.420853539 -0.191574487 -0.0317132074
0.420229554 -0.168293529 -0.0343595485
0.420621365 -0.186588317 -0.0316564863
-0.226520608 -0.325768797 0.0483466295
0.375961594 -0.268887527 -0.0102510333
0.3850353 -0.257523254 -0.0110566787
0.404529479 -0.231731971 -0.0119113813
0.35396513 -0.278911854 -0.0155493807
-0.480745002 -0.324592548 0.00531513114
0.409123041 -0.177092869 -0.0372491813
0.320913321 -0.283467984 -0.0269579992
0.299792154 -0.274551089 -0.0403283099
0.325243629 -0.284198877 -0.0230780727
0.303322403 -0.282229676 -0.0311546863
0.363253549 -0.275983648 -0.0120935152
0.385036138 -0.257985712 -0.010753332
0.352233792 -0.2835271 -0.0128093038
-0.0787330634 0.280751342 -8.06802245e-05
-0.236083895 -0.328625743 0.0313410144
0.399980796 -0.229274678 -0.0113080776
0.372411816 -0.268037507 -0.0106513858
0.327428795 -0.283998467 -0.017022314
0.392797264 -0.235015145 -0.0108483572
0.399475521 -0.195069889 -0.0242267434
0.404599072 -0.189320862 -0.0297343163
0.390129279 -0.169212352 -0.0297064614
0.395159019 -0.200560707 -0.0188078139
0.317939823 -0.28376425 -0.02392004
0.296639543 -0.28243782 -0.0206092422
0.295863649 -0.282282331 -0.0279696411
0.335173005 -0.284313378 -0.0149645387
0.402936756 -0.154624389 -0.0435695063
0.401859498 -0.166544188 -0.0381835774
0.39696815 -0.168355183 -0.0344886246
0.392214341 -0.126104279 -0.0485572004
0.384421131 -0.144099437 -0.0365585983
0.38109138 -0.173790711 -0.0217216926
0.383355352 -0.192512049 -0.0138671446
0.374907706 -0.168575327 -0.0196900162
0.37301358 -0.159689351 -0.0206996084
0.371329074 -0.13172596 -0.0331451339
0.366194754 -0.147574687 -0.0216463184
0.402717123 -0.153778438 -0.0447594475
0.396649158 -0.138852851 -0.0508769138
0.395882856 -0.135895537 -0.0491206692
0.396865411 -0.140363165 -0.0524526246
0.387832608 -0.118151855 -0.0570067397
0.383220216 -0.0981991315 -0.0571796878
0.386337483 -0.111265011 -0.0540581091
0.376334605 -0.0816436881 -0.0578410411
0.386976184 -0.111950313 -0.0511559899
0.397751042 -0.141438645 -0.0466771708
0.37992195 -0.0911240061 -0.056088055
0.376110353 -0.0811001258 -0.0582254526
0.377797846 -0.0872893124 -0.0596228403
0.381186059 -0.0874772481 -0.0573643113
0.397150938 -0.141777551 -0.0508422905
0.134946324 -0.276713427 -0.047991979
0.388466312 -0.120101595 -0.056048948
0.396604303 -0.138664876 -0.0505794109
0.388887636 -0.123583012 -0.059346777
0.264863649 -0.0508733792 -0.0947723101
0.381756129 -0.105093327 -0.0637568095
0.380418164 -0.0977708865 -0.0604914464
0.38023139 -0.098247859 -0.061108096
0.37371509 -0.0782551986 -0.0630465693
-0.299802998 -0.147691116 -0.0124814657
0.375640428 -0.0857210976 -0.0641048018
0.36907671 -0.0695724464 -0.0677469019
0.366439639 -0.0665775303 -0.0742545147
0.372863889 -0.0737569192 -0.0555902739
0.374703224 -0.0843861058 -0.0651053751
0.401783916 -0.151594499 -0.045163849
0.404875981 -0.156045762 -0.0422524587
0.396112282 -0.136848938 -0.0466229334
0.414646963 -0.165959994 -0.0373001769
0.414443766 -0.159872316 -0.0373779772
0.022041842 -0.286771584 -0.0254297789
0.413913181 -0.15337274 -0.0368407932
0.406084024 -0.138903791 -0.0416182029
0.397198204 -0.11063011 -0.0446087523
0.40339722 -0.132062412 -0.0424323004
0.397605327 -0.141129831 -0.0461112638
0.401194553 -0.145367432 -0.0440673402
0.387394674 -0.168827647 -0.027722156
0.402265342 -0.158520193 -0.0414208193
0.407172725 -0.1500686 -0.0406493404
0.398307556 -0.128709544 -0.045427188
0.386288511 -0.109117694 -0.0512703772
0.395351488 -0.129027632 -0.0473405923
0.396519275 -0.120677472 -0.0466384256
0.380009702 -0.0920294019 -0.0538733478
0.387559555 -0.100390113 -0.0503625055
0.376954607 -0.0843041509 -0.0547239721
0.386195539 -0.105598871 -0.0514687801
0.375482298 -0.0802486357 -0.0547758842
0.401339033 -0.120045887 -0.0439906036
0.393832929 -0.108181346 -0.0472935255
0.393595724 -0.103373543 -0.0465253071
0.390009183 -0.12115843 -0.0496041811
0.38594783 -0.109351396 -0.051319544
0.382831705 -0.0857341834 -0.0513714841
0.389334192 -0.0933415358 -0.0482247549
0.386117184 -0.102639333 -0.0512815476
0.386119489 -0.110746047 -0.0539006655
0.38239881 -0.113045964 -0.0474532149
0.36006176 -0.107798816 -0.0371123076
0.383607474 -0.103000218 -0.0525060429
0.380731341 -0.0942783429 -0.0537577464
0.363984731 -0.0866707177 -0.046247782
0.371014325 -0.149889333 -0.0239490775
0.373825633 -0.14160394 -0.0302540409
0.377366607 -0.122136626 -0.0400326321
0.370621613 -0.0978869843 -0.0448842194
-0.097992189 0.279979604 -0.000231252507
0.365519409 -0.129112388 -0.0307732493
0.36414247 -0.129343142 -0.029384235
0.365424729 -0.139361104 -0.0237972922
0.36056782 -0.113477639 -0.0340879408
0.412492414 -0.166610976 0.0734460918
0.37045692 -0.131169105 -0.0326228522
0.377980834 -0.0950015675 -0.0511363222
0.356671516 -0.0857320097 -0.0436723268
0.364900965 -0.0760355743 -0.0499233049
0.34803602 -0.0642834035 -0.0482698675
0.3895082 -0.13572738 -0.042911158
0.381761943 -0.0998500235 -0.0519550166
0.369989367 -0.10883829 -0.0406634111
0.369762446 -0.0871248117 -0.0483142155
0.378275903 -0.0878582149 -0.0540758497
0.362162018 -0.118659854 -0.0329720463
0.355977133 -0.0951963024 -0.0398777035
0.356579816 -0.0951903944 -0.0400240523
0.357296314 -0.0854220962 -0.043984534
0.351582666 -0.0849022399 -0.0416344484
0.345150215 -0.0744968985 -0.0443104599
0.365206688 -0.0955426208 -0.0437650325
-0.0987175462 0.00936409831 -0.038011482
0.367587063 -0.0640691167 -0.0663958184
-0.456348269 -0.314090956 -0.0193290345
0.370763892 -0.0681992682 -0.0568604084
0.373420426 -0.0741869525 -0.0581258804
0.369502452 -0.067560202 -0.063646462
0.365490096 -0.0557285859 -0.05818936
0.361057812 -0.0471240143 -0.0578198239
0.35887699 -0.0315136814 -0.0627699975
0.306597008 -0.0235208892 -0.0864853749
0.361867771 -0.05047664 -0.064085009
0.361747092 -0.0583910674 -0.0757814976
0.366325954 -0.0667620064 -0.0755648748
0.360185746 -0.0498765761 -0.0693111663
0.354633133 -0.0441553132 -0.0778216663
0.353404619 -0.0390097248 -0.0706050892
0.369258665 -0.070947102 -0.0687846441
0.348090939 -0.0306121039 -0.0644243493
0.368812893 -0.0649293363 -0.06083154
0.322952633 -0.0108935389 -0.0620182593
0.274083016 -0.0198098723 -0.0658218136
0.320189021 -0.0085329408 -0.0577706681
-0.270325287 0.238254649 -0.000583018282
0.354404366 -0.0432193412 -0.0743383945
0.341694648 -0.029032607 -0.0771283654
0.333079321 -0.0240719028 -0.0843597406
0.334937996 -0.0222576037 -0.0733077859
0.315766012 -0.0159885724 -0.0746028288
0.298834002 -0.0210095562 -0.0815164584
-0.147336157 -0.306031101 0.088524924
0.307600247 -0.00953466279 -0.0626677586
0.318825575 -0.0215188256 -0.0855665302
0.308965122 -0.0197996298 -0.0817494014
0.358111289 -0.0425403212 -0.0625199307
0.349275753 -0.0357319441 -0.0808319527
0.353808361 -0.0354460005 -0.0605922317
0.351847607 -0.0350339157 -0.0658224949
0.340301706 -0.023233528 -0.0680794089
0.34000571 -0.0189824705 -0.0595971124
0.343995415 -0.0175098128 -0.061268885
0.380652808 -0.0787299999 -0.0516079049
0.369300843 -0.0647080025 -0.0563802999
0.365390188 -0.0559532577 -0.0569914092
0.36932341 -0.0647097221 -0.0563663108
0.37098881 -0.0652343037 -0.0551461858
0.383248666 -0.0853855051 -0.0511121646
0.37214125 -0.0664528198 -0.0543021243
0.372318792 -0.0723626424 -0.0554511793
0.364612564 -0.0488403418 -0.0549985199
0.357501812 -0.0409320457 -0.0581934962
0.355835912 -0.0380408864 -0.0581606103
0.348847642 -0.0181277086 -0.0595502048
0.360286784 -0.0431310109 -0.0573492196
0.36292435 -0.0448963658 -0.0560424966
0.348811535 -0.021614235 -0.0592411782
0.354550541 -0.03127368 -0.0579596719
0.351233147 -0.032023921 -0.0587112361
0.346522875 -0.045336638 -0.0530079308
0.358722897 -0.0432299999 -0.0580933798
0.315190014 -0.0168060748 -0.0519312614
0.27922016 -0.0067965409 -0.048883306
0.370062633 -0.0668476273 -0.0559893618
0.363842086 -0.0755545474 -0.0494548611
0.372369608 -0.0728712867 -0.055606979
0.362671714 -0.0508977074 -0.0570674798
0.367187361 -0.0748258493 -0.0511750329
0.355501079 -0.0377376639 -0.0582260333
0.347911326 -0.0288733772 -0.0579494764
0.326929967 -0.0418919873 -0.0474133523
0.335745511 -0.0626344657 -0.0447161906
0.32580764 -0.0480050576 -0.0439137717
0.343441327 -0.0667427881 -0.0445252785
0.338703316 -0.0470370767 -0.0484985748
-0.186422239 0.253404445 -0.00369565875
0.328206889 -0.0245523321 -0.0525745222
0.349831023 -0.0475786404 -0.0530620114
0.334867684 -0.01810208 -0.0563396007
0.321885368 -0.0134153053 -0.0539324883
0.31964449 -0.0253509504 -0.0491675431
0.300786074 -0.00944529574 -0.0503976492
0.35411215 -0.0352563051 -0.0547839736
0.349298439 -0.0301727026 -0.0553820954
0.331591179 -0.0163963681 -0.055813654
0.331589144 -0.0164281617 -0.0543308503
0.316625477 -0.0134293123 -0.042038504
0.369717592 -0.0199762765 -0.0490894815
0.303956737 -0.00563156067 -0.0545685122
0.32136745 -0.0132679421 -0.0538588465
0.323494974 -0.0140663957 -0.0468386487
0.254839639 -0.29643541 -0.0538625805
0.27393647 -0.282460896 -0.0374223387
0.252006008 -0.274510866 -0.0457793031
0.277191565 -0.26974079 -0.0500079578
0.276768566 -0.265983069 -0.0560002789
0.288647966 -0.271264766 -0.0463821014
0.2624635 -0.26290144 -0.0583833478
0.276642022 -0.270941406 -0.0479624591
0.239081872 -0.268102817 -0.0538790267
0.224395493 -0.278309887 -0.0408148832
0.258450449 -0.266544451 -0.0555859252
0.217067009 -0.260779783 -0.0622160576
0.239475922 -0.25685617 -0.0661963365
0.239711878 -0.288461877 -0.0490114768
0.183648962 -0.280642566 -0.0477389451
0.186171083 -0.277263136 -0.0438594147
0.173323001 -0.27307304 -0.0490846452
0.207881801 -0.275936623 -0.0442433588
0.207423632 -0.259611853 -0.0640309867
0.17843845 -0.263647274 -0.0593915277
0.17815351 -0.262953239 -0.0600915761
0.157120017 -0.267759186 -0.0560169544
0.141969268 -0.26251995 -0.0617724586
-0.189446577 0.258380104 0.00358587075
0.244813763 -0.261262653 -0.0619166792
0.205955444 -0.256349221 -0.0687154788
0.19938817 -0.255653512 -0.0678877299
0.225141071 -0.265402199 -0.0562228048
0.233832886 -0.251466552 -0.0683148373
0.216414183 -0.259659854 -0.0632259569
0.198449607 -0.262980339 -0.0589960129
0.188907137 -0.260637324 -0.0626425971
0.176957176 -0.257375168 -0.065915356
0.149820563 -0.258548876 -0.0646232069
0.183275349 -0.258926967 -0.0639573029
0.157693915 -0.261073567 -0.0616960767
-0.213236409 -0.324809621 0.0299053369
0.277450194 -0.271835982 -0.0469317347
0.291454081 -0.274287318 -0.0415969499
0.285609302 -0.277781352 -0.0382671902
0.275627177 -0.279366955 -0.0375883241
0.259475182 -0.273100794 -0.046694487
0.254353394 -0.279829761 -0.0378119112
0.234200731 -0.278654409 -0.0390194082
0.224604094 -0.274584206 -0.0451694657
-0.0102552383 -0.31057255 0.0470021966
0.273455353 -0.280920682 -0.0271648568
0.252333564 -0.279987089 -0.029892897
0.261886875 -0.280755195 -0.0213601244
0.213901771 -0.277950037 -0.0337339538
0.23007075 -0.278808125 -0.0295734397
0.216200582 -0.278364468 -0.0314913852
0.18393793 -0.27309348 -0.0481035288
0.204649465 -0.277540988 -0.0423477249
0.175509827 -0.26371876 -0.0589048974
0.163321724 -0.2737359 -0.0484992378
0.200300505 -0.269821754 -0.0343443385
0.207789476 -0.277937368 -0.0344346727
0.190064896 -0.277405323 -0.0361739538
0.181166346 -0.275018224 -0.0399815176
0.189965093 -0.277423435 -0.035988165
0.189832921 -0.274267873 -0.0348576432
0.129968946 -0.287179768 -0.0585258508
0.146969685 -0.287844686 -0.0580475336
0.130328833 -0.27708174 -0.0482129408
0.0515576712 -0.299942214 -0.0724338612
0.121562442 -0.287744019 -0.0594875123
0.0912990493 -0.277737804 -0.0503515736
0.163134511 -0.292620798 -0.0606471772
0.144109991 -0.269251451 -0.0549045494
0.108405808 -0.276170021 -0.0507240702
0.115832725 -0.266758613 -0.0588514823
0.0618564276 -0.273210344 -0.0557333562
0.092205474 -0.27203822 -0.0551903396
0.11555068 -0.262152845 -0.0632324051
0.0770301697 -0.285330684 -0.0583135722
0.0479925858 -0.295601467 -0.0683679777
0.0419169064 -0.283698789 -0.0570883779
0.013048161 -0.274283589 -0.0473728262
0.0535315265 -0.278195358 -0.0513299336
0.0686602312 -0.263365614 -0.0636369545
0.0208033984 -0.266110372 -0.0560609001
0.00636190854 -0.256818198 -0.0580458597
0.0388812664 -0.26214225 -0.0633140783
-0.087701339 -0.10664992 -0.0400783453
0.114671105 -0.252087356 -0.0738989345
0.10120176 -0.257595341 -0.0676118767
0.123228794 -0.264872749 -0.0599583612
0.122622092 -0.266428191 -0.0583760985
0.0980975211 -0.269759304 -0.0568558511
0.0920175787 -0.25541155 -0.0708395926
0.0961565354 -0.261266168 -0.0643995491
0.0858965759 -0.264330626 -0.0620287054
0.0697635831 -0.261109918 -0.0655474299
0.0643826481 -0.256181048 -0.0704091201
0.0757491547 -0.25091161 -0.0732255491
0.0695269852 -0.255166018 -0.0702492262
0.0553219672 -0.256647343 -0.0693401764
0.0743263358 -0.260863348 -0.0652316767
-0.000300287338 -0.241448307 -0.0653329091
0.02963414 -0.251146291 -0.0688003059
0.0195532101 -0.255355259 -0.0637514825
0.0148119171 -0.248832303 -0.0663581693
-0.0304855232 -0.221239174 -0.0548704076
0.00955780086 -0.247528787 -0.0651417434
-0.0300360019 -0.226780525 -0.0517616229
-0.0253478958 -0.208145171 -0.0614974465
-0.0431389935 -0.198334827 -0.0520248448
0.390033692 -0.121168455 -0.0507658555
-0.0558270248 -0.185251474 -0.0452815508
0.142339272 -0.267477126 -0.0564854922
0.141561131 -0.272049901 -0.0517381467
0.122610981 -0.273033187 -0.0520430772
0.150784199 -0.27650127 -0.0466179109
0.108483663 -0.271721753 -0.0542876096
0.0983816517 -0.26996058 -0.0566597873
0.110017513 -0.27713114 -0.0493667975
0.130250962 -0.257601735 -0.0260965924
0.156849352 -0.276853692 -0.0412167386
0.132994548 -0.277174573 -0.0433100797
0.136076808 -0.277701914 -0.0370111581
0.123762827 -0.26617708 -0.0318012724
0.0912990493 -0.277737804 -0.0503515736
0.0911761884 -0.277917863 -0.0471761235
0.103700325 -0.268705237 -0.0338598631
0.064785435 -0.263930932 -0.0631810499
0.0391624809 -0.265001813 -0.0606439838
0.0125943541 -0.267521049 -0.0512682419
0.0668162874 -0.27300465 -0.0553820318
-0.0183474033 -0.249814695 -0.0484539462
0.00643636199 -0.26661347 -0.0498353007
-0.0373353542 -0.225567727 -0.0472874563
0.0623203558 -0.279893684 -0.0392143985
-0.0368382144 -0.308568015 0.0464592442
0.0304336122 -0.27666478 -0.0488311632
0.028795999 -0.27637577 -0.0492180555
0.0734365553 -0.279093383 -0.0439241474
0.0266793521 -0.276125038 -0.0489931572
0.0161360013 -0.26999817 -0.043386941
0.00273654309 -0.267368765 -0.0480387872
-0.00951073897 -0.259159063 -0.0481590851
-0.0288856459 -0.244504273 -0.0466923327
-0.00596263677 -0.262391459 -0.0479240869
-0.0337555024 -0.221619274 -0.0458240803
-0.0276436537 -0.236549869 -0.0490691656
-0.046944964 -0.202509828 -0.0475167232
-0.0351764191 -0.176160085 -0.0471920181
-0.0330391961 -0.204494224 -0.0450862829
-0.0443466448 -0.174938039 -0.0452102471
-0.050438891 -0.165367313 -0.0459836829
-0.0466495405 -0.1673267 -0.0465665382
-0.0486063524 -0.139450828 -0.0457104112
-0.0479856251 -0.167304363 -0.0460710051
-0.0437951135 -0.137087601 -0.0460591263
-0.026519505 -0.236347341 -0.0486939996
-0.0554853468 -0.191601342 -0.0447078688
-0.0467370272 -0.182860957 -0.0448160012
-0.0484001917 -0.15968152 -0.0457862163
-0.0442818754 -0.175001302 -0.0451964123
-0.00897261654 -0.308495278 0.0404477686
0.236622957 -0.0829800097 -0.1062584
0.219998679 -0.0936078649 -0.106175958
0.255648816 -0.0680874152 -0.105691873
0.246239589 -0.0756713619 -0.106841539
0.246827896 -0.0664776031 -0.0987895564
0.139775081 -0.305051011 -0.0724176119
0.225693528 -0.079113444 -0.0966805424
0.218670142 -0.0556075294 -0.0716683763
0.271115052 -0.0512744956 -0.0992397967
0.229164079 -0.0549747634 -0.0770292787
0.206513596 -0.104778406 -0.107429698
0.198981984 -0.10964672 -0.108480066
0.188786641 -0.116683741 -0.110378194
0.17417033 -0.124321356 -0.111745271
0.183780611 -0.11416858 -0.107454836
0.305369616 -0.302067335 -0.0498721595
0.183884557 -0.118013375 -0.111191252
0.164425278 -0.12266095 -0.111415275
0.184969977 -0.111636046 -0.106193083
0.199945176 -0.102345982 -0.103469541
0.208873725 -0.0891756836 -0.0968073092
0.191483756 -0.0961749682 -0.0901620199
0.200193694 -0.0790734827 -0.0846308501
0.196234524 -0.0849622631 -0.0881077669
0.195216447 -0.0967273571 -0.0975317421
0.18291918 -0.107967446 -0.102505114
0.168168427 -0.11953377 -0.108480199
0.180459823 -0.107464871 -0.101600102
0.186671703 -0.0999519198 -0.0974948223
0.181273225 -0.0880949302 -0.0896901628
0.211342662 -0.0994147105 -0.106825809
0.227438653 -0.0863081002 -0.103680717
0.201912648 -0.10620542 -0.108309731
0.214015059 -0.0927806668 -0.103374558
0.196532906 -0.096263102 -0.0979291176
0.225161416 -0.0767652478 -0.095237515
0.180429661 -0.107376218 -0.101563552
0.188689152 -0.091567504 -0.0920410482
0.15233263 -0.0984091283 -0.0992181435
0.19187808 -0.0709391826 -0.0789022865
0.212928231 -0.0986442447 -0.106160497
0.217580133 -0.052266556 -0.068257189
0.205352515 -0.0700243325 -0.0789860014
0.233720175 -0.0316705315 -0.0557503401
0.240150516 -0.0224405743 -0.0492559313
0.247892157 -0.0172640082 -0.0475007129
0.243835251 -0.037741023 -0.0441979274
0.222783409 -0.0379809335 -0.0568071563
0.223771213 -0.064907665 -0.0560948318
0.246254936 -0.0479694626 -0.0392303244
0.220648703 -0.0414345135 -0.0558610835
0.22782524 -0.0563372947 -0.0436772634
0.226695683 -0.0360881429 -0.0408137357
0.198417901 -0.0788598967 -0.0839396426
0.190143688 -0.0863764235 -0.0881699574
-0.020973006 -0.280357225 -0.0324768097
0.207205824 -0.0618104502 -0.0726730328
0.197814291 -0.0748595734 -0.0810069311
0.207220152 -0.0615937221 -0.07251173
0.198538672 -0.0769147841 -0.0794238808
0.192698826 -0.0690893205 -0.077402702
0.178778733 -0.0764037551 -0.0829021258
-0.0614489628 -0.296476454 0.0122798497
0.189583796 -0.0602129097 -0.0717102287
0.211516158 -0.0449727731 -0.0605138661
0.196401283 -0.0582816442 -0.0698629327
0.21864738 -0.0342213201 -0.0435983973
0.203177298 -0.0440912078 -0.0600778961
0.213093528 -0.0425485684 -0.0520086243
0.193023183 -0.0538733334 -0.0672813878
0.199680197 -0.0436500048 -0.060173163
-0.447977874 0.114726253 -0.00879997063
-0.370298429 0.184308655 0.00276236555
0.296493773 -0.030547744 -0.0933124334
0.276706649 -0.0520017733 -0.101805972
-0.264372428 0.240794666 -0.00484413791
0.296923791 -0.0311224232 -0.0944464201
0.277241974 -0.043781609 -0.0967387889
0.265083675 -0.0605352705 -0.103488084
0.246858769 -0.0592587389 -0.0922181207
0.261556705 -0.0402797326 -0.0826745239
0.245563493 -0.0441100899 -0.0767245939
0.283679546 -0.0417249781 -0.0970440297
0.268003697 -0.0448884081 -0.0907177947
0.245888439 -0.0716991985 -0.102045156
0.252343381 -0.0486706317 -0.0849180588
0.268262653 -0.0383923071 -0.0847633541
0.262762853 -0.0320952542 -0.0741100449
0.289924656 -0.0298069708 -0.0890319241
0.270008921 -0.0291059613 -0.0769009482
0.296684769 -0.016195131 -0.0739173243
0.257611098 -0.0280585579 -0.0660355599
0.377643611 0.202778943 0.0662317134
0.259587206 -0.0221569831 -0.0601061264
0.239949756 -0.0159570323 -0.0446847725
0.213863175 -0.0683607542 -0.0819169651
0.19911411 -0.0728289715 -0.0800107678
0.229334846 -0.0488641585 -0.071352132
0.213126092 -0.050459915 -0.0649935937
0.180240982 -0.0628238466 -0.0747558967
0.204262974 -0.0364647031 -0.0554989479
0.223493532 -0.0427207574 -0.0620067828
0.202134073 -0.0449854875 -0.0607938528
0.218847532 -0.0409063238 -0.058434226
0.182955117 -0.0388153696 -0.0620900078
0.172922824 -0.0197787446 -0.0584368867
0.192783643 -0.00873207661 -0.0477548876
0.190133374 -0.0330876339 -0.0574422412
0.235622635 -0.0398133554 -0.0652787622
0.305208546 -0.0130895057 -0.0507067361
0.271951831 -0.0078565017 -0.0473745289
0.254276897 -0.0172223709 -0.0505106746
0.291531608 -0.0157164062 -0.0465467456
0.260529552 -0.0108766224 -0.0465233767
0.311013585 -0.0394641851 -0.0432879568
0.278891091 -0.0188337521 -0.0435446909
0.251438295 -0.0158549181 -0.0474824307
0.254003883 -0.0156196434 -0.0470088269
0.263137224 -0.020804651 -0.0429329777
0.24947045 -0.0209625573 -0.0461521485
0.285199135 -0.011399386 -0.0469405045
0.198942818 -0.0366382999 -0.0564284569
0.212054821 -0.0323563296 -0.0514604601
-0.0941108748 0.059309431 -0.0169265553
0.145818476 -0.123462825 -0.112076004
0.151205023 -0.114890612 -0.10778929
-0.193077944 0.237008773 -0.00764928153
0.139714839 -0.120728079 -0.113186393
0.128474351 -0.113265954 -0.112333242
0.13565502 -0.121974551 -0.114162563
0.121314025 -0.11167264 -0.113618806
0.151954743 -0.116322926 -0.108070587
0.143502598 -0.119263033 -0.110347432
0.129390555 -0.112575025 -0.111238419
0.164248833 -0.0979994242 -0.0971876519
0.155259357 -0.0985530101 -0.0981687455
0.172650167 -0.102645516 -0.0992544978
0.120196048 -0.105046826 -0.110455654
0.162517578 -0.0783653486 -0.0871391365
0.137878137 -0.0872860776 -0.0972426651
-0.0650814864 0.260386052 -0.0098470024
0.114966803 -0.0862463016 -0.104712605
0.111209148 -0.0985441202 -0.110981362
0.118551308 -0.0745386924 -0.098629518
0.0956088845 -0.072826947 -0.106568493
0.0981891857 -0.0670914639 -0.104264961
0.133684289 -0.0939046344 -0.101060034
0.12393066 -0.0970469442 -0.105049589
0.118985534 -0.104757587 -0.110640373
0.105786872 -0.0873475285 -0.109412752
-0.21239891 0.0514347157 -0.0252380305
0.109156958 -0.0845415814 -0.105927917
0.100750444 -0.0736158872 -0.10479596
0.10141302 -0.0548004172 -0.0975135764
0.110307051 -0.0624950837 -0.0967179864
0.125876713 -0.0794488431 -0.0969164393
-0.0552912418 -0.167094694 -0.0456624772
-0.0565936134 -0.155751992 -0.0454823809
-0.0596093671 -0.15542252 -0.0456581225
-0.0496045448 -0.127753496 -0.0488355912
0.144990715 -0.0948599521 -0.0985075945
0.174548843 -0.0660090523 -0.0773929919
0.147848838 -0.076597273 -0.0891320875
-0.039804044 -0.135787868 -0.0471860139
-0.0409943544 -0.144392336 -0.0464152584
-0.0506672656 -0.163186499 -0.0456069521
-0.0605530205 -0.118299013 -0.0446438875
-0.0636367343 -0.159180913 -0.043550468
-0.0501716833 -0.13510962 -0.0452620198
-0.0635253439 -0.135212742 -0.0444026687
-0.0684166137 -0.131343151 -0.0432219588
-0.0572040626 -0.120341139 -0.0454314838
-0.050157544 -0.120177849 -0.0459298756
-0.106151848 0.096182936 -0.0321264322
-0.0456181456 -0.131557817 -0.045783456
-0.050313164 -0.10382564 -0.045889815
-0.0459936839 -0.115277989 -0.0456195224
-0.0577721984 -0.0976035953 -0.0451192223
-0.0660937292 -0.0710340485 -0.0422755788
-0.0493673141 -0.0961530789 -0.0452861657
-0.0417815555 -0.0891326558 -0.0457379692
-0.0614051257 -0.0920391822 -0.0438943674
-0.0542623771 -0.0992764256 -0.0449439469
-0.0656589395 -0.112647276 -0.0440387051
-0.0675239346 -0.0884518869 -0.0431734542
-0.0690321034 -0.0821408322 -0.0426297029
0.122468478 -0.0603901737 -0.0916424706
0.149782955 -0.0756677823 -0.0884946933
0.144304943 -0.0440926259 -0.0772922525
0.177998972 -0.053678402 -0.0702164886
0.101930966 -0.0380654273 -0.0928070483
0.0875875954 -0.0524520487 -0.103149046
0.0839762948 -0.0405126982 -0.10099686
0.0771263231 -0.048632014 -0.105859397
0.128029897 -0.0215556999 -0.0772733424
0.161818362 -0.014007966 -0.0613553856
0.0988995367 -0.0214096464 -0.0889855574
0.432492367 -0.262648826 -0.000592203834
0.163136919 -0.0392866281 -0.0689338835
0.0720133494 -0.0532979853 -0.109490459
0.0761626517 -0.0489367518 -0.106753009
0.0643560801 -0.0454874363 -0.111412847
0.0695415479 -0.0286773038 -0.103200325
0.0626264332 -0.0457204038 -0.111540606
0.0650198153 -0.0408105171 -0.109646762
0.0527681619 -0.0399427268 -0.111085973
0.09100705 -0.0630926436 -0.10537774
0.0656027473 -0.044082977 -0.109279284
0.0934157084 -0.0317908836 -0.0942581127
0.0708510257 -0.0285853583 -0.102360661
0.0666088073 -0.0153653159 -0.100348689
0.0837739333 -0.0109663563 -0.0921573304
0.0843678806 0.00548313994 -0.0871844222
0.0501286757 -0.0241630189 -0.110161363
0.0492711775 -0.0115638537 -0.107486803
0.387325958 -0.0640877343 0.0926066453
0.0683952172 -0.00444921611 -0.097002147
0.0462785822 -0.0179152066 -0.110701349
-0.128417847 -0.309291453 0.0481436067
0.0469558598 0.000624915972 -0.106483388
0.0479482343 0.000277735242 -0.106110904
0.0634129137 -0.00675330945 -0.0992828435
0.0879136198 -0.00920052198 -0.089305295
0.0849369083 0.0082176922 -0.0858523437
0.0803987497 0.00767104378 -0.0882453909
0.0550168647 -0.0185919409 -0.105252078
0.0425073886 -0.00617916118 -0.106989036
0.051262033 -0.00763303265 -0.104638229
0.0505592582 0.00292208124 -0.10326427
0.0621121073 0.00157230568 -0.0981055243
0.283280207 0.0282163797 -0.0430266068
0.161752226 -0.0524564209 -0.0740365481
0.153436516 -0.0312369928 -0.0694751243
0.130210577 -0.0577131993 -0.0868749378
0.11350107 -0.0529454387 -0.0923278745
0.120244931 -0.0350220177 -0.0842254059
0.107093953 -0.0154614442 -0.0836102133
0.145258154 -0.0179921612 -0.0687445779
0.178100893 -0.0517413388 -0.0690951905
0.177866438 -0.046254965 -0.0666565647
0.178579093 -0.0294819718 -0.0596612392
0.162827517 -0.00699841231 -0.0583926595
0.164273779 0.0178954771 -0.0508590337
0.143648039 0.00393951109 -0.0631127056
0.124721372 0.0212115499 -0.0657913907
0.0997420789 0.0146336019 -0.0778277945
-0.0456851859 -0.0616335366 -0.0431289323
-0.0572548906 -0.0718170772 -0.0434951229
-0.103419511 0.0837487668 -0.033190842
0.0937725893 0.0188851084 -0.0793176816
0.10533345 0.0240310133 -0.072935118
-0.0495606685 -0.0541627993 -0.0417938013
-0.0600016898 -0.0344096565 -0.0401585199
0.41562582 -0.177708727 0.070543312
0.345462358 -0.00832607431 -0.0681346853
0.330670252 -0.0109391044 -0.0594776938
0.347979728 -0.0191430242 -0.0596689546
0.352602212 -0.00281034033 -0.0614859395
0.334184309 -0.0104214655 -0.059889865
0.346374142 0.000430192168 -0.0743977363
0.334332183 0.000709600564 -0.0582646379
0.33392421 0.0034332818 -0.0658636947
0.322006198 -0.0107884167 -0.0662816169
0.326081953 -0.00401937662 -0.05860302
0.31278679 -0.0019845517 -0.0563853764
0.309695586 -0.00649522792 -0.056073751
0.314531795 0.0030403495 -0.0559390629
0.318635907 0.00387687828 -0.0563581904
0.312090783 0.00314582772 -0.0555854159
0.307604385 0.0119661109 -0.052987381
0.352168963 -0.0031975575 -0.0611470564
-0.112315181 0.113086304 -0.0402478035
0.349713283 3.63282896e-05 -0.0575609829
0.358821857 -0.00679508088 -0.0580921549
0.356093308 0.00270893581 -0.0534924152
0.344288708 0.00588381062 -0.0582251956
0.340261596 0.00927158521 -0.0546007331
0.331417059 0.0114905432 -0.0560644722
0.335969008 0.00125639301 -0.0585078886
0.333726504 -0.0152067986 -0.0583695173
0.354140267 -0.00706079121 -0.0547319011
0.333023223 -0.00258105769 -0.0582373813
0.314079533 0.00326426532 -0.0557966896
0.324044797 0.0138887093 -0.0541173364
-0.0818884605 0.012492483 -0.0378788819
-0.0999145216 0.0247337983 -0.0375874465
0.302233392 0.025663365 -0.0474549537
0.322188852 0.0229009125 -0.0511651359
0.328827753 0.0106548028 -0.0557804024
0.312992241 0.0270216785 -0.0494860492
0.304187658 0.0185079427 -0.0507396042
0.277952798 0.0649032006 -0.0301404143
0.316399732 0.0187260698 -0.052657808
0.314665544 0.0325756372 -0.0474127989
0.303089701 0.050949262 -0.0366092919
0.307311247 0.0379121412 -0.0441151144
0.318975254 0.0240035782 -0.0508248206
0.304135434 0.0359373558 -0.0438919053
0.300258602 0.0765385665 -0.0229820034
0.297832107 0.0523896311 -0.0357545672
0.302315171 0.0560165602 -0.0336020569
0.301801713 0.0523414912 -0.0359541201
0.298621812 0.0724775999 -0.0259989762
0.30039342 0.0915499044 -0.0153787184
0.301775048 0.0795975191 -0.0213674434
0.307854825 0.0942865214 -0.0111217433
0.359177037 0.187677107 0.0161303374
0.370819733 0.201501639 -0.00346314716
0.394878587 0.188554761 -0.0183011206
0.375259752 0.19760978 -0.0103313273
0.387983731 0.191477315 -0.0108892464
0.388160052 0.220096727 0.0219251615
0.37928548 0.215256729 0.012792719
0.366074433 0.200043574 0.00677432704
0.285855195 0.0756454182 -0.0256112403
0.292416002 0.0861694359 -0.0199555948
0.289479336 0.0906217252 -0.0181250961
0.307055173 0.113477556 -0.00484059823
0.324209291 0.140467599 0.000206211916
0.30609093 0.119309126 -0.00780651676
0.33759217 0.156284066 0.00700914408
0.3382088 0.157406478 0.00661726181
0.298149706 0.090903474 -0.0167055704
0.322095597 0.132691791 0.00330894997
0.298770793 0.0529563419 -0.0356241082
0.302888894 0.099793167 -0.0120460436
0.30985245 0.110846714 -0.00426462218
0.340323508 0.143945047 -0.00115723938
0.333295735 0.146317882 0.0159215857
0.326806346 0.140509863 0.00414988653
0.337514499 0.157156595 0.00552090694
0.355402057 0.173190753 -0.00177291146
0.351279057 0.175540803 0.00350732627
0.365958121 0.182714887 -0.0112719099
0.346890556 0.170649244 0.00544284909
0.377857021 0.205848771 -0.0128846079
0.373360503 0.203122656 -0.0063545492
0.362453001 0.187609549 -0.0021733915
0.352238712 0.17705055 0.00265198532
0.324684899 0.142134736 -8.48353137e-05
0.337543112 0.158108495 0.00432304091
0.317380421 0.137025351 -0.00425494356
0.338747022 0.160010122 0.0042857029
0.332427983 0.153515832 0.00160544808
0.351162432 0.176371251 0.00472461042
0.357483523 0.171541583 -0.0013909306
0.405655199 0.230010531 0.00348531852
0.412516434 0.239397274 -0.011114644
0.424252773 0.240487513 -0.0324007286
0.431896292 0.242101868 -0.0350807784
0.415241208 0.246226941 -0.020861604
0.424964903 0.234889752 -0.00613243035
0.417233128 0.249572183 -0.00847602208
0.401789511 0.250817724 0.000835140381
0.419265087 0.245793238 -0.0275141179
0.420578091 0.247883266 -0.020948715
0.408405929 0.248746389 -0.0158005748
0.422830024 0.248608187 -0.0186234353
0.446822924 0.254074009 -0.0217969918
0.409753328 0.251837964 -0.00703032023
0.417397685 0.256328444 -0.0188907989
0.42822574 0.254907842 -0.00225504772
0.432229956 0.253669659 -0.00718026864
0.432916051 0.257619412 -1.06133925e-05
0.448453101 0.263834006 -0.00844889729
0.426285933 0.257609111 -0.00351727532
0.434943516 0.257671167 -0.00029112694
0.404042712 0.255445348 -0.00270681545
0.414952818 0.263520225 -0.00690742245
0.426769496 0.261088821 -0.0055968672
0.430622983 0.263521048 -0.00700143147
0.416408921 0.263804652 -0.00689356587
0.408438197 0.216799933 -0.0327270277
0.383944839 0.218782796 -0.0159857471
0.385742064 0.223519398 -0.0213084193
0.387924777 0.226394694 -0.0143822017
0.394081109 0.224328288 -0.0389980462
0.405053428 0.239451593 -0.0284948302
0.404675442 0.241719374 -0.0228931889
0.416848033 0.243599452 -0.0410982884
0.389748127 0.236411953 -0.0159686287
0.40526985 0.228303295 -0.0502486759
0.403061272 0.233568956 -0.0386482517
0.381499856 0.209990835 -0.0219285951
0.386414556 0.223828745 -0.0315383647
0.384399355 0.218416624 -0.0442027803
0.380637697 0.214280883 -0.0119827309
0.385834697 0.224276787 -0.0189013344
0.37550394 0.208802334 -0.00556754712
0.3871071 0.228852505 -0.0201632219
0.386825868 0.230625868 -0.0255173589
0.387335633 0.238918355 -0.0277022398
0.379343975 0.219466477 -0.00222389381
0.389709701 0.236751772 -0.012057898
0.385519368 0.225676457 -0.0110247152
0.399817378 0.243556726 -0.0151759377
0.397390916 0.227073198 -0.0213835177
0.390459892 0.236066041 -0.00156752552
0.388333034 0.20623206 -0.0216871582
0.385102008 0.203072543 -0.0135539527
0.39611925 0.217615484 -0.0245898273
0.390405125 0.223452399 -0.0179020306
0.384309156 0.224596698 0.00572569619
0.390011565 0.227623997 0.0143499817
0.4157005 0.218507327 -0.0360904515
0.433393896 0.237814996 -0.0399675399
0.413072537 0.236349829 -0.0286728415
0.377897374 0.202620032 -0.0171698867
0.362566853 0.192809291 0.00190202685
0.368214547 0.202900184 0.00217581165
0.371299157 0.207777839 0.00171288567
0.374108589 0.223921118 -0.0111014717
0.36153663 0.21911259 -0.0151193588
0.412800928 0.244529431 -0.0238334175
0.407624827 0.247592576 -0.0166328361
0.404250629 0.242158279 -0.0216202586
0.405321162 0.247168502 -0.0159598187
0.39649664 0.247242398 -0.00902800039
0.392603916 0.250335523 -0.0162320596
0.392964576 0.242901212 -0.0106742105
0.38941473 0.247656928 -0.0322593767
0.392724954 0.251711083 -0.0173014855
0.396957856 0.247738894 -0.00882009231
0.397084637 0.256231109 -0.0130005288
0.393448009 0.253709006 -0.0164856522
0.396102348 0.264814779 -0.0186313417
0.395135118 0.264424362 -0.0193339501
0.386194202 0.241069236 -0.0473564392
0.385947074 0.248173938 -0.0366437513
0.388967905 0.242922295 -0.020025629
0.387345276 0.252373906 -0.0313252371
0.386984951 0.253316319 -0.0332914596
0.387780723 0.251371646 -0.0286079904
0.366599661 0.242804463 -0.0426708019
0.385351028 0.243143587 -0.0239936696
0.386221419 0.24964407 -0.027654195
0.390154031 0.246303258 -0.0189081815
0.389521059 0.259362353 -0.0313468968
0.388193191 0.263807896 -0.0370009707
0.391562489 0.268245847 -0.0293733694
0.3909844 0.26952052 -0.0311031515
0.394384002 0.269134679 -0.0252292542
0.39022921 0.253481283 -0.0235504693
0.399990907 0.250647531 -0.0059863983
0.398571211 0.249236577 -0.00748608878
0.399967608 0.257943088 -0.00989215404
0.407209999 0.275010956 -0.0195001889
0.402050305 0.256796533 -0.00556225091
0.378346872 0.230461293 -0.0131797006
0.378543812 0.241988149 -0.0285654283
0.377118459 0.241248013 -0.015769414
0.350405794 0.261915809 -0.0264248845
0.389952748 0.263247316 -0.0228433408
0.381382302 0.281707976 -0.0295892753
0.389239653 0.246838816 -0.0188163208
0.38089903 0.250336688 -0.0171191427
0.364977003 0.272685071 -0.0342627468
0.362195246 0.265080421 -0.0262231735
0.383900937 0.260024933 -0.0222739468
0.374190799 0.280204301 -0.033016108
0.382244599 0.274941125 -0.0273013759
0.377723146 0.268449323 -0.0268141953
0.386519978 0.242815058 -0.0116959546
0.389116901 0.269066692 -0.0229355573
0.392589219 0.249718805 -0.0147962542
0.396267403 0.256263126 -0.0138890576
0.39534169 0.245268121 -0.00759418959
0.392601721 0.239684756 -0.00267162461
0.396588123 0.251519114 -0.0110613575
0.272202636 -0.0074991188 -0.0472318551
0.297895414 -0.00265665451 -0.053071679
0.280419411 -0.000674968848 -0.048102968
0.264656191 -0.00735028888 -0.0453385092
0.24648467 0.000810540525 -0.0399908473
0.257948322 0.00630666375 -0.0416445114
0.29945421 0.00164608022 -0.0528907751
0.29580642 0.0139693165 -0.0500394299
0.293537174 0.0123312521 -0.0498102902
0.277187061 0.0214709388 -0.0438163522
0.238554923 0.0457630104 -0.0352512396
0.270640241 0.0188936486 -0.0426637557
0.242132565 0.0279533193 -0.0363477184
0.208219453 0.0526046427 -0.0355584902
0.214895369 0.0766825925 -0.0404827198
0.228625964 0.0596549311 -0.0356908031
0.152976165 0.0237781549 -0.0538442199
0.171225648 0.0574011404 -0.0380110688
0.221887171 -0.0168042608 -0.0412058527
0.221278934 -0.00874035103 -0.0373453035
0.406630667 -0.211235446 -0.0207798061
0.210075409 0.000110176593 -0.0384697063
0.425996426 -0.253215098 -0.00263651608
0.176694662 0.0073020343 -0.0491504522
0.214097144 0.00999960406 -0.0342495727
0.190229078 0.0376414488 -0.0344549899
0.138985698 0.038853551 -0.0554147276
0.141456287 0.0481945596 -0.0529287835
0.158643798 0.0669776505 -0.0461878329
0.150530995 0.0649428745 -0.0511158867
0.22153329 0.0244504997 -0.0346767967
0.209235692 0.0264427599 -0.034172167
0.196606521 0.07317484 -0.0399906711
0.184605001 0.0550661784 -0.0366168144
0.180335269 0.0893608331 -0.0439818309
0.287594989 0.0257450995 -0.0449524633
0.273959694 0.0329003257 -0.0404207858
0.219170309 0.0754020605 -0.0398481337
0.188967084 0.0965550428 -0.0471056257
0.207064901 0.0951524604 -0.0472916225
0.20123722 0.106052527 -0.0532156393
0.227168464 0.0859272071 -0.0417479342
0.198573533 0.104356909 -0.0504744907
0.168757514 0.073618806 -0.0415788357
0.162676006 0.0865125493 -0.0488112246
0.152583731 0.0960498027 -0.0643663737
0.16976391 0.0951949286 -0.0450962645
0.158245722 0.103565505 -0.0646738506
0.19170034 0.0844920278 -0.0432095423
0.179085504 0.0918045837 -0.0447212546
0.176086811 0.0877058317 -0.0433193383
0.191878681 0.104763509 -0.0496561962
0.179957254 0.101739924 -0.0474966376
0.17527413 0.112095645 -0.0522632682
0.191903734 0.10744119 -0.0510447249
0.181073711 0.117363547 -0.0526764756
0.1829517 0.116077196 -0.0531707697
0.181908162 0.117976571 -0.053295505
-0.408465129 -0.287530792 -0.0426877477
0.172917548 0.1194473 -0.0487658589
0.167987674 0.108111744 -0.050381688
0.151986949 0.106521384 -0.0715030251
0.159905648 0.10549629 -0.064787208
0.166264428 0.109975141 -0.0471264673
0.169206258 0.109459648 -0.0470506042
0.171653755 0.116817644 -0.0482894549
0.16806978 0.121128606 -0.0573031276
0.15598292 0.144649897 -0.0422037298
0.268237707 0.0718199984 -0.0277021605
0.241641345 0.0639070576 -0.0340362663
0.247708574 0.0802659982 -0.0334641307
0.244122197 0.0764566346 -0.0343379271
0.231785336 0.0879199251 -0.0408365354
-0.390228767 -0.272501778 -0.0284739531
0.278020886 0.0948957077 -0.0215226615
0.271369407 0.0830017608 -0.0238246501
0.284638883 0.0934878534 -0.0179381293
0.294030979 0.107689363 -0.0142745816
0.265010309 0.0943756861 -0.0279265646
0.22994714 0.0774976568 -0.0385194745
0.277647155 0.0943116002 -0.021559221
0.32706505 0.149236231 -0.00126621532
0.288573565 0.10858979 -0.0177904659
0.274049522 0.104321135 -0.0248378651
0.20481513 0.101268286 -0.0493647859
0.224564468 0.092302447 -0.043401879
0.222774489 0.096222753 -0.0444219852
0.254665127 0.0965650387 -0.0330260912
0.209373327 0.102840732 -0.0493688282
0.19505439 0.105256373 -0.0495609869
0.196539874 0.104104732 -0.0497688883
0.309422066 0.130993303 -0.00841111541
0.301311181 0.121261782 -0.0118032831
0.317961603 0.137875582 -0.00410575336
0.314933556 0.131319422 -0.00400797416
0.345707029 0.170238804 0.00433673853
0.317760295 0.137774044 -0.0043045676
0.324185791 0.144292956 -0.00101449848
0.3337802 0.153799571 0.00357389089
0.262168063 0.102307843 -0.0296396036
0.281920612 0.10863931 -0.0202763788
0.247116299 0.0944915804 -0.0350826834
0.264208219 0.103242997 -0.0284655552
0.234838354 0.105164712 -0.0388174456
0.298210277 0.120698692 -0.0130073644
0.315849324 0.126817706 -0.00115608761
0.249568308 0.0915826614 -0.0343750686
0.272583936 0.101461206 -0.0250176748
0.202634494 0.0914195039 -0.0456067551
0.225077229 0.0884763573 -0.0425815814
0.189095488 0.106936171 -0.0498313028
0.185524944 0.0997879625 -0.0474083941
0.169452257 0.111645483 -0.0471724285
0.124415236 0.0096133652 -0.0692425145
0.127938536 0.0396687879 -0.0601686264
0.124427019 0.0284828988 -0.0639973771
0.113296453 0.0302348814 -0.0681162985
0.0991666785 0.0223252165 -0.0764492604
0.134673319 0.0566922161 -0.0604253875
0.143305828 0.0752855097 -0.0619500558
0.125472868 0.0474122877 -0.0637353405
0.0840109665 0.0435872972 -0.0937829216
0.106267055 0.0617312699 -0.0869442407
0.121958397 0.0808981274 -0.0874892393
0.0854645846 0.0524355145 -0.0980647119
0.0868533191 0.0632348132 -0.102428277
0.0828188893 0.0143553226 -0.0859302258
0.0712805287 0.0195547125 -0.093585444
0.0519576476 0.0134057448 -0.106389263
0.047531247 0.00903889996 -0.106288058
0.0548774672 0.0107460484 -0.102030843
0.0932174173 0.0415508212 -0.0857704295
0.058369223 0.0247429023 -0.105499191
0.0618806574 0.0330948614 -0.105584174
0.0805956847 0.0259155763 -0.0832364254
0.0941237868 0.0288646223 -0.0792698661
0.0534069305 0.00904622289 -0.101927318
0.061788388 0.00762099648 -0.0973914286
0.061305467 0.016724574 -0.0988126775
0.0762722027 0.0149392732 -0.0893551524
0.070101669 0.0180892759 -0.0934183054
0.0590996879 0.0180177129 -0.100575307
0.0692295951 0.018576085 -0.0942301267
0.0646808498 0.0343939295 -0.105558665
0.0701509158 0.0426688183 -0.103773556
0.0825887096 0.0496343436 -0.09726612
0.0890315927 0.0464743043 -0.09070863
0.0658935851 0.0324157304 -0.103051894
0.108643415 0.0515612462 -0.0780012371
0.127755056 0.0343417835 -0.0608820475
0.110476545 0.0313515249 -0.0637909362
0.109254376 0.0394585144 -0.0351342996
0.129609201 0.0399840372 -0.0590709611
0.128952889 0.0521356397 -0.0417977052
0.12088048 0.0518319365 -0.0436318078
0.134905646 0.0472706737 -0.0569120071
0.106951853 0.0259551423 -0.0718437681
0.0801374193 0.0209817377 -0.0865719383
0.100898376 0.0295695073 -0.0750458825
0.0228920428 -0.312122939 0.0494956925
0.0950886424 0.0291113874 -0.0722161645
0.113406838 0.0321497105 -0.0557139397
0.108584375 0.031669272 -0.0494485996
0.102036525 0.0262318222 -0.0742621606
-0.278194078 -0.104802805 -0.0119342009
0.119777108 0.0393159624 -0.0650018001
0.0988651485 0.0369104321 -0.0788751124
0.124266383 0.047636221 -0.0616642635
0.123953908 0.0731618452 -0.0793812053
0.138811497 0.0922463757 -0.0787255077
0.138055522 0.0942369458 -0.0808816594
0.119481055 0.0858718165 -0.0935656147
0.149048363 0.0973774478 -0.0701802362
0.105588035 0.0684440856 -0.0926685174
0.117658314 0.0801338695 -0.0896479696
0.133647362 0.0945734673 -0.0856195585
0.100157507 0.0690653089 -0.0969978484
0.0888048152 0.0620752962 -0.0998681016
0.100169115 0.0614660743 -0.0904002924
0.118428748 0.0755116496 -0.0849777229
0.135185769 0.0661361293 -0.0642874286
0.121085969 0.0671428219 -0.0767014093
0.134451946 0.0894142461 -0.0804568535
0.134400701 0.085547427 -0.077452263
0.119302228 0.0684544753 -0.079332551
0.140771142 0.0740782597 -0.0632223973
0.166107331 0.110193096 -0.0471437951
0.155294686 0.102185509 -0.063858312
0.164809745 0.108413973 -0.0486021357
0.152618416 0.0960395475 -0.0643013967
0.163648483 0.103802427 -0.0506623772
0.156046548 0.123336172 -0.0475015168
0.139846964 0.148305647 -0.0435084658
0.137232051 0.143790926 -0.0477180015
0.149521697 0.0915868441 -0.0651973264
0.154857527 0.117971901 -0.0491106147
0.129262512 0.148442393 -0.0477967982
-0.256685401 -0.0560362952 -0.0162016253
0.126500545 0.0465803816 -0.0624661855
0.156025559 0.0889207949 -0.0550792256
0.147821267 0.0703910478 -0.0549018617
0.145245978 0.0620030596 -0.0538071204
-0.0970452974 0.0841332033 -0.0153189245
0.163628889 0.0860017804 -0.0476807979
-0.0933249731 -0.111564713 -0.0393785879
-0.0659824351 -0.0154248111 -0.0393038154
0.169853571 0.0933270706 -0.044656998
0.157200493 0.102876783 -0.0527500263
0.133033033 0.143696997 -0.0491715114
0.150524685 0.120935009 -0.0495735639
0.111103638 0.162430531 -0.0485717369
0.157451342 0.113682202 -0.049137367
0.155514214 0.12099214 -0.0483093494
0.127911426 0.151435122 -0.0465494842
0.121415009 0.15601549 -0.0480382046
0.104129458 0.177637738 -0.0372569376
-0.0728902116 -0.0886834348 -0.0425050372
0.0915118528 0.1760357 -0.0431759321
0.162534379 0.114402319 -0.0471113418
0.144080691 0.14737062 -0.041225415
0.125326017 0.160826819 -0.042944413
0.105293821 0.178786997 -0.0355407353
0.125109332 0.168926235 -0.0356247594
0.133351905 0.159767029 -0.0367949175
0.238312247 -0.284308395 -0.0448967684
0.0688102425 0.196501086 -0.0315290896
-0.309868506 -0.187096263 -0.0192639581
0.100855447 0.181966524 -0.0288564307
0.11211653 0.0493088212 -0.0743244686
0.0891129435 0.178781683 -0.0420486097
0.0675205843 0.189182433 -0.0385338565
0.171986436 0.127345225 -0.0491525977
0.170320771 0.126250251 -0.0555056987
0.357987197 0.188694535 0.00348519327
0.358189123 0.19107189 0.00216777658
0.35834744 0.1910088 0.00244300645
0.351082179 0.179961246 0.00368252251
0.351941734 0.178538921 0.00603740707
0.354309542 0.181899702 0.010580765
0.364863852 0.205007616 -0.00217586614
0.36733204 0.206619912 -0.000634807397
0.358044872 0.198926653 0.00849996357
0.333177123 0.217451297 -0.00618737576
0.357056445 0.190961543 0.00192287157
0.35276036 0.213479387 -0.00218620854
0.332716646 0.214475814 0.00277563571
0.375223443 0.217585432 0.000785228998
0.172901275 0.130168704 -0.049339592
0.137280841 -0.30532933 0.0587202586
0.172971443 0.131080543 -0.0492127399
0.175955371 0.115755582 -0.0490662665
0.171975721 0.130605687 -0.0487413801
0.165414624 0.14435567 -0.0460159693
0.170010911 0.145892066 -0.048346091
0.167808041 0.138900707 -0.0486073309
0.147161063 0.155873624 -0.040105902
0.138177309 0.162750229 -0.0371964873
0.156743368 0.155216395 -0.0442787414
0.146842176 0.160119285 -0.0412111678
0.171586771 0.120664302 -0.0483099484
0.166986964 0.112840803 -0.0458713974
0.164865288 0.125422906 -0.0448758231
0.160529414 0.133164294 -0.0410484633
0.164409592 0.13630837 -0.0450182976
0.162152175 0.142521967 -0.0444867049
0.147111512 0.155770738 -0.0400394182
0.156690578 0.141277395 -0.0417752429
0.138890565 0.162338044 -0.0372436032
0.138892558 0.164480357 -0.0378012194
0.364462453 0.227333772 -0.0129231907
0.351214108 0.228905577 -0.0100353371
0.350642835 0.245726734 -0.0230335647
0.348168748 0.225911451 -0.00667505286
0.370235618 0.235083656 -0.00894814125
0.357722125 0.234786034 -0.00108330993
0.155789787 0.132384312 -0.043617794
0.147497437 0.145390094 -0.041311211
0.281593408 -0.281598358 -0.0346863471
0.125734842 0.160689574 -0.0428905338
0.11487327 0.169336104 -0.0407423984
0.12933865 0.170687644 -0.0352306208
0.135932979 0.159654257 -0.0376941761
-0.0763123236 -0.213340576 -0.0399685766
-0.0569362028 -0.292723533 -0.000424220641
0.115064601 0.16517356 -0.0447669454
0.095703379 0.183659348 -0.0353387891
0.0938326042 0.187537966 -0.0319765698
0.0964252157 0.179733071 -0.0389036343
0.142984736 0.160443784 -0.0344939071
0.118305917 0.178085458 -0.0333792301
0.145148024 0.165691552 -0.0448582893
0.115761827 0.175671039 -0.0342522881
0.115830299 0.177349779 -0.0338464563
0.127292608 0.174486124 -0.035547042
0.127058365 0.178286576 -0.0376203055
0.11836706 0.181093558 -0.0349902417
0.117629819 0.182128963 -0.0352195278
0.0956641032 0.187474086 -0.0313830181
0.0765252705 0.19761198 -0.028247247
0.110965156 0.181878519 -0.0326014526
0.0893753894 0.191367774 -0.0299619252
0.0973751058 0.188506686 -0.0308200452
0.0701807367 0.201732546 -0.0270910515
0.122551692 0.175767367 -0.0340095947
0.125577334 0.173597751 -0.03468724
0.134114954 0.168068831 -0.0338677928
0.120737576 0.179929929 -0.0317426645
0.0996432273 0.193945351 -0.0244896893
0.110507073 0.187130077 -0.0274799675
0.0893199197 0.197760084 -0.0248945926
0.0935056637 0.191259093 -0.0297677917
0.110758381 0.185697577 -0.0297676219
0.108593447 0.184149577 -0.031540237
0.0653354243 0.204714736 -0.0258191917
0.0878850631 0.198376281 -0.0242928095
0.0777760186 0.20449347 -0.0217142385
0.0582927985 0.211836567 -0.0214038078
0.0885423527 0.182081994 -0.0392810268
-0.0247566945 0.250044483 -0.0132006431
0.0646364839 0.195387558 -0.0337779334
0.0642182301 0.198652835 -0.0317103444
0.0768614445 0.193249922 -0.0330217192
0.0579592207 0.204391431 -0.0282198184
0.050725849 0.201184384 -0.0335889098
0.0701233736 0.192433582 -0.0358644165
0.0581850252 0.199058712 -0.0330966929
0.0417861485 0.20667345 -0.0312536561
-0.0358648716 -0.282967876 -0.0619627195
0.033016276 0.208897631 -0.0307635677
0.0256713452 0.214608579 -0.0285152028
0.0476132537 0.199718232 -0.0349634405
0.0424424111 0.205872558 -0.031717517
0.0240943895 0.214292802 -0.0292137899
0.0230226389 0.212494345 -0.029917285
0.0341113404 0.21004781 -0.0303806091
0.0548256907 0.200745396 -0.0319738222
0.0830002852 0.193192155 -0.0299284436
0.0726270877 0.198752637 -0.0278938046
0.0538644324 0.205795499 -0.0275082817
0.0498051052 0.206254846 -0.0284145776
0.0266918187 0.21495816 -0.0278090464
0.466786026 -0.304067968 0.0308546091
0.0316722923 0.217195329 -0.0243248601
0.052436165 0.20951461 -0.0250379529
0.363815509 -0.0515548092 -0.0563234217
0.0255162748 0.221482106 -0.0226057195
0.0119995587 0.228319401 -0.0201260983
0.0374367627 0.211157456 -0.0281471109
0.0652087457 0.203494196 -0.0266610032
0.0431090339 0.214415359 -0.0235585548
0.0371301537 0.21775864 -0.0230133829
0.000935080032 0.231509065 -0.0202661478
0.00425687157 0.221668796 -0.0260835531
0.0384082462 0.216450843 -0.0237173324
0.0225281554 0.221192841 -0.0239293042
0.00439989076 0.23164068 -0.0196336541
0.0695242651 0.20213477 -0.0269332309
0.0621499101 0.207945659 -0.0244557021
0.0498308574 0.211477266 -0.0247486859
0.0538867594 0.213926801 -0.0259222274
0.0408721891 0.217781445 -0.0235380556
0.0222917694 0.226255124 -0.0205511406
0.252834777 0.0290220776 -0.0377420548
0.0123881043 0.229017985 -0.0196044967
0.000852667655 0.233720769 -0.018573931
0.0179376561 0.226038195 -0.0208007286
-0.00677232146 0.238587393 -0.0171592663
0.0456937312 0.214789203 -0.0233820944
0.0326457702 0.22108531 -0.0218126397
0.0392183744 0.223217652 -0.0167749365
0.0354713479 0.22119953 -0.0207186686
0.0234764087 0.225577753 -0.0205740012
0.0130799798 0.231145437 -0.0187371834
0.00183058494 0.235669623 -0.0178006174
-0.00520033212 0.239978852 -0.0163330695
0.0150952553 0.232506309 -0.0170697589
0.377292397 0.200953094 0.057453102
-0.00416027289 0.241162749 -0.0153423221
-0.0240849179 0.249907265 -0.0132213353
0.410862626 0.281264302 -0.0217575784
0.405946736 0.269670335 -0.0118628766
0.405202297 0.274001029 -0.0146832755
0.40009889 0.267733204 -0.0160090083
0.404512964 0.27412982 -0.0203423554
0.402628846 0.272399248 -0.0163624217
0.400604269 0.27405576 -0.024402679
0.399427759 0.268784099 -0.0158772773
0.402368917 0.271394308 -0.0112766385
0.401478183 0.274299511 -0.012276472
0.417663585 0.269663378 -0.00838158859
0.408993244 0.268842274 -0.00848247006
0.403128181 0.265783769 -0.00722488164
0.406728069 0.284124006 -0.0055428162
0.404040083 0.277469189 -0.0038348309
0.404029672 0.274955029 -0.0132325033
0.403125704 0.277612194 -0.00861516633
0.400460535 0.282668921 -0.0125971852
0.406420103 0.29601152 -0.00133441151
0.40351951 0.294232057 -0.00327938515
0.40055289 0.283471751 -0.011514427
0.393469696 0.268812485 -0.0230275655
0.396239328 0.273839452 -0.0236136555
0.395683375 0.281304218 -0.0210809802
0.385742423 0.28227349 -0.028250502
0.398627134 0.265847082 -0.0157251498
0.399798939 0.283876295 -0.01338152
0.396464567 0.27236026 -0.0176033613
-0.223193432 -0.326893262 0.0216535659
0.40346087 0.266751197 -0.00286499202
0.400350918 0.259285218 -0.00990037302
0.472683938 -0.320005932 0.00478372205
0.48259642 -0.327009071 0.0179500106
0.389833486 0.063909708 0.0876809451
0.480619286 -0.328285195 0.014484382
0.479007238 -0.322458194 0.018402168
0.272298121 0.0229104356 -0.0421095102
0.480236425 -0.323446687 0.018596495
0.483103818 -0.32640862 0.0222951987
0.482480208 -0.323483293 0.0247776346
0.478599933 -0.320208954 0.0243668951
0.473610964 -0.316089235 0.0205633834
0.462803812 -0.303657533 0.0191260021
0.44562231 -0.287451987 0.0144155993
0.47625244 -0.319369113 0.0136475081
0.476543386 -0.318381878 0.0200082984
0.482119133 -0.323249917 0.0297431567
0.478526017 -0.320040375 0.024382343
0.479824237 -0.320424241 0.029417543
0.472165741 -0.313181293 0.0266041935
0.477626231 -0.318026304 0.0322505574
0.473536556 -0.313759486 0.0299640755
0.47310603 -0.312170928 0.0329430318
0.461032382 -0.293846995 0.0329414795
0.462992129 -0.306679521 0.00870138947
0.441507673 -0.287724606 0.00870405243
0.461922367 -0.303615285 0.0128103675
0.439692442 -0.287185953 0.00844496356
0.416342286 -0.284734491 0.00667047089
0.216869583 -0.00798441961 -0.020749258
0.450524455 -0.292600001 0.0150075301
0.327134898 0.139877088 0.00365198963
0.43213849 -0.285016681 0.00788090966
0.396608162 -0.281030135 0.00574653756
0.37994015 -0.285769828 0.00788907155
0.395403392 -0.302796605 0.0248281946
0.408398829 -0.295001739 0.0145350062
0.415471212 -0.28483992 0.00687852454
0.378367788 -0.295304189 0.0254347285
0.453434669 -0.290969369 0.0234240079
0.444622735 -0.28735066 0.0133623889
0.39312772 -0.300001712 0.0245717372
0.410985998 -0.283174062 0.00681969571
0.162809523 -0.283632421 0.0702024667
0.393015129 -0.29829943 0.0231197544
0.38846206 -0.305130004 0.0299165979
0.370228717 -0.305326476 0.0397038107
0.382581479 -0.311006376 0.035635485
0.377047495 -0.300899651 0.0324226296
0.366098111 -0.300266817 0.0369096208
0.372742429 -0.289816513 0.0186202036
0.348991611 -0.292365419 0.0231138256
0.331414507 -0.288835543 0.00941932477
0.377083913 -0.304186287 0.0345360205
0.358612694 -0.298250476 0.0373605715
0.364834482 -0.309457853 0.0454121115
0.354347792 -0.311138093 0.0529571093
0.348347779 -0.310887934 0.0559357488
0.195393045 -0.288721746 0.0393205937
0.35627625 -0.304966924 0.0468388106
0.346023773 -0.296996109 0.0388927375
0.326856443 -0.293890975 0.0299633121
0.287849985 -0.294040658 0.0441400732
0.325235891 -0.297593154 0.0465926658
0.311949905 -0.298061927 0.0554950402
0.335990755 -0.309021156 0.0596994447
0.334440047 -0.307102498 0.0582920685
0.344004087 -0.308472016 0.0561629117
0.343780564 -0.300699268 0.0482653751
0.334452163 -0.307902128 0.058840053
0.32520768 -0.31212625 0.0646735646
0.322196838 -0.309757849 0.0642116365
0.320739734 -0.299860065 0.0553827547
0.307284303 -0.299186209 0.0576292499
0.279468598 -0.291458216 0.026071066
0.271309461 -0.291783328 0.0348925628
0.277559023 -0.294256977 0.0562294707
0.297060089 -0.299452086 0.0581921125
0.252550858 -0.290471495 0.0416699186
0.263368381 -0.301528539 0.0596812599
0.233923275 -0.294327027 0.0564567085
0.233666118 -0.29967222 0.059437614
0.200784001 -0.287059684 0.0124765717
0.231026792 -0.288790223 0.0340909579
0.195393045 -0.288721746 0.0393205937
0.216215335 -0.288561752 0.043401703
0.209557092 -0.299181351 0.0584136876
0.193287273 -0.289402483 0.0525702552
0.153522807 -0.291307533 0.042469068
0.171529422 -0.300067399 0.0580135251
0.309633689 -0.30086377 0.0582045128
0.304479873 -0.303176956 0.060629628
0.288315562 -0.295654102 0.0568850329
0.28919362 -0.29513159 0.0586010871
0.274870015 -0.294044694 0.0562375725
0.285214839 -0.301337598 0.0606914926
0.282941229 -0.298005866 0.0584867658
0.249389717 -0.290123012 0.056683701
0.257671741 -0.291861875 0.0555024541
0.24126415 -0.295739158 0.0564690088
0.208502405 -0.304097702 0.0613311558
0.217111029 -0.299017055 0.0582335788
0.204296177 -0.289055601 0.0526259143
0.188537367 -0.289555219 0.0528909922
0.19795971 -0.300339756 0.0590724543
0.158498961 -0.299583635 0.0570721702
0.188165108 -0.302794949 0.0621228406
0.175576167 -0.291831215 0.0537747961
0.16000937 -0.288741441 0.015719757
0.0875236571 -0.292027202 -0.00164148317
0.0863558428 -0.297193814 0.0313964948
0.128175271 -0.294011117 0.0464941023
0.130023547 -0.29215234 0.0247695692
0.138768902 -0.299711252 0.0556520715
0.145251129 -0.308967163 0.060463045
0.127438396 -0.314027046 0.0632441777
0.115493246 -0.295515438 0.0469803937
0.116082384 -0.307531085 0.0583968551
0.0694160859 -0.302753893 0.0489049843
0.0821677308 -0.320733958 0.0640434461
0.0896928858 -0.320174889 0.061578929
0.0374012932 -0.300200539 0.0152986401
0.0718292396 -0.296698816 0.0143187093
0.0590805895 -0.300362597 0.0320346444
0.382796529 -0.0500373754 0.0945909036
0.0664086901 -0.317876227 0.0578048512
0.0409523165 -0.319200728 0.0547879272
0.401581024 -0.1014861 0.0915080392
0.0241490675 -0.303872921 0.0295932372
0.0383749949 -0.306088875 0.0457735998
-0.00151847139 -0.314670183 0.048864137
0.0186859858 -0.320589851 0.052681971
-0.0153738384 -0.320758567 0.0537160614
0.0115010514 -0.317631461 0.0523957558
-0.0129009024 -0.313634766 0.0489255453
0.142060902 -0.295950868 0.0541764282
0.143791182 -0.294105169 0.0532182116
0.201977643 -0.287106735 0.0122217721
0.121679733 -0.297939172 0.0534649979
0.0791184043 -0.313150574 0.0588923975
0.100431432 -0.313482331 0.060947482
-0.127579057 0.248237808 -0.00950414424
0.0681180922 -0.305775676 0.0513743442
0.0800483416 -0.300642247 0.0492483487
0.0539950543 -0.309501984 0.0513462498
0.0468358774 -0.305227655 0.0476551034
0.0362222945 -0.315727304 0.0530675969
-0.00113007829 -0.309406762 0.0452621945
0.444169521 -0.288137948 0.0081820599
0.444860006 -0.27724349 0.0243697368
0.466564979 -0.306586212 0.0199864379
0.458791139 -0.2925554 0.0294738896
0.428702398 -0.273101065 0.00888561376
0.472357207 -0.311380767 0.0289639537
0.472109763 -0.310517101 0.0319227471
0.466922745 -0.302105239 0.0347037683
0.457446243 -0.283324571 0.0442716738
0.463567746 -0.296788327 0.0335929815
0.449459926 -0.276352294 0.0320845728
0.459855329 -0.289097574 0.0381764976
0.447361976 -0.264062573 0.0424316601
0.43565466 -0.253742182 0.0326132423
0.421032066 -0.263644776 0.00802673466
0.423603855 -0.244728527 -0.00646028453
0.41899749 -0.258912237 0.00906893964
0.424899592 -0.25889291 0.0152925742
0.424177719 -0.263903421 0.010805046
0.445523896 -0.266584991 0.0361494681
0.447421481 -0.253326546 0.0542774068
0.444512346 -0.253961129 0.0477290101
0.439303177 -0.247785107 0.0450706542
0.437321175 -0.234272731 0.0551684039
0.417410562 -0.250095089 0.000609786691
0.430671856 -0.248134281 0.0308728428
0.429823639 -0.230970582 0.0447072
0.434615688 -0.226030794 0.0464016351
0.432075908 -0.235393594 0.0439228918
0.434928679 -0.280011748 0.0102721908
0.416598039 -0.265742779 0.00763825853
0.446231473 -0.278121721 0.0261040592
0.456404367 -0.284519563 0.0362179
0.440966259 -0.258776574 0.0373475688
0.447948391 -0.265734079 0.0426058036
0.448240137 -0.261666438 0.0474853573
0.410411388 -0.278741317 0.00691577335
0.419274176 -0.261665663 0.00786726415
0.394373607 -0.293950894 0.0187158711
0.401502576 -0.281956675 0.00613765753
0.388344008 -0.288462248 0.0148664329
0.357865409 -0.300045179 0.0405968463
0.396608162 -0.281030135 0.00574653756
0.393706904 -0.28249341 0.0076916922
0.376402981 -0.290664853 0.0199076473
0.396715459 -0.27915767 0.00882572556
0.356512915 -0.296932427 0.0363225366
0.417927077 -0.261025789 0.00747247509
0.384305829 -0.28612326 0.012745275
0.370146832 -0.290548283 0.0204172578
0.419604509 -0.192257219 0.0660170364
0.413747179 -0.257080479 0.017315238
0.41965426 -0.241172066 0.0264135409
0.361702762 -0.287502285 0.00650432742
0.330703595 -0.288031374 0.00663496271
0.3767373 -0.288808221 0.017115752
0.389344877 -0.280189427 0.0145031755
0.338633373 -0.297691797 0.0435655055
0.4137139 -0.245976816 0.0273166769
0.297422686 -0.29023338 0.0658719294
0.415903353 -0.262802742 0.0072059646
0.38050355 -0.286112998 0.00983710185
0.419650654 -0.241221472 0.0263462728
0.0907725253 -0.298576115 0.0509539988
0.416972953 -0.225557661 0.0421596084
0.418217524 -0.241742255 0.0275784433
0.365729483 -0.291809394 0.0231123275
0.348604136 -0.292028351 0.0221953671
0.338740092 -0.290790193 0.0176733211
0.325406487 -0.292278 0.0241080187
0.298684682 -0.287988242 0.00612685159
0.289253302 -0.293441139 0.0400947509
0.342309762 -0.294746451 0.033178273
0.303935077 -0.29447055 0.0386193415
0.317120155 -0.294985801 0.0382189297
0.44553976 -0.251945707 0.0521192468
0.443132674 -0.24257495 0.0565633199
0.44116758 -0.244066591 0.0525764642
0.445875337 -0.251658526 0.052796647
0.435013922 -0.22374085 0.0618676833
0.434157607 -0.225415264 0.0589191216
0.108943027 -0.298637318 0.0523708963
0.434021356 -0.225485426 0.0586916833
0.429688738 -0.241761734 0.0351507174
0.427788196 -0.222660244 0.0506688844
0.339793879 -0.299887382 0.0489070763
0.333467113 -0.299461646 0.0510726397
0.377541086 -0.293041929 0.0231662375
0.36617242 -0.297963051 0.0339962549
0.34909674 -0.299793255 0.0444889853
0.338785487 -0.29926892 0.0482863827
0.328555861 -0.297716674 0.0536218914
0.298367525 -0.296199062 0.057989402
0.319895256 -0.298838115 0.0544768703
0.319812721 -0.298618541 0.054877316
0.326051239 -0.29851654 0.0536001814
0.336667989 -0.298495595 0.0471771316
0.32565743 -0.298439137 0.0518605814
0.313470016 -0.297336379 0.0516797973
0.292059844 -0.287914031 0.068359519
0.297505355 -0.293105382 0.0627777324
0.305331513 -0.293582102 0.0627729657
0.423761506 -0.243200932 -0.00776179496
0.424818247 -0.245824187 0.0257454185
0.418506311 -0.250662406 0.00550995806
0.418168913 -0.242205495 -0.00566061995
0.421223938 -0.230186366 -0.0151073748
0.417654648 -0.247027487 0.00286336087
-0.217174274 0.00297130125 -0.0148468359
0.42471876 -0.23954049 0.0317018964
0.429352581 -0.218053282 0.0528224576
0.42719808 -0.230161893 0.0431416187
0.420314751 -0.244041791 0.0231223501
0.0276015894 -0.313979242 0.049691093
0.414899128 -0.242464845 -0.00455510857
0.41326435 -0.209975796 0.0542456009
0.432878465 -0.226716017 0.0544871907
0.427832082 -0.215994221 0.0557424929
0.427890361 -0.216418168 0.0554938284
0.420984062 -0.216483022 -0.022866681
0.427848545 -0.217017623 0.0550631946
0.420184939 -0.191980818 0.0662923374
0.416741234 -0.2458649 -0.000640291379
0.0573050938 -0.318386812 0.0583991157
0.415663304 -0.206228245 -0.0267762927
-0.0864105542 -0.0719683692 -0.039786232
-0.0965925416 -0.0969896413 -0.0398632693
0.414496878 -0.240992884 -0.00554046445
0.0551088465 -0.298879637 0.0184579139
0.408573282 -0.229179825 -0.012421628
0.413819451 -0.236514233 0.00723704907
0.4006825 -0.189957521 -0.0264593002
0.424255081 -0.22896523 0.0428542281
0.418217528 -0.23054644 0.0365372418
0.0978934534 -0.295941839 0.0320596161
0.414334769 -0.215572784 0.0497752899
0.410589145 -0.210138167 0.0466757859
0.405178546 -0.178399148 0.0683064677
0.40772394 -0.193720404 0.0627974477
0.409604654 -0.17328276 -0.0386439468
0.416601673 -0.200992022 -0.029487427
0.413993991 -0.184511911 0.0681778769
0.408754844 -0.171163235 0.0715105231
0.431376896 -0.205992183 0.0568769542
0.434110119 -0.204741297 0.0555525327
0.425355969 -0.195459886 0.0644487845
0.433841552 -0.193549611 0.0575623241
0.427126314 -0.180947909 0.0649395461
0.422255523 -0.190762885 0.0666857126
0.429455148 -0.188857118 0.0610219265
0.418301725 -0.164372583 0.0701893761
0.426483105 -0.190688085 0.0638331045
0.414627815 -0.16686906 0.0732739112
0.405576188 -0.159612853 0.0743890895
0.404055277 -0.273192914 0.00577288519
0.360230797 -0.283392167 -0.00949248315
0.418438497 -0.25913043 0.00681052657
0.396608162 -0.281030135 0.00574653756
0.419177337 -0.243575533 0.0200492579
0.418066514 -0.23352565 0.0329968347
0.373462005 -0.283369219 -0.00445697822
0.242079539 -0.296549433 0.057100151
0.397404039 -0.226383307 -0.0104174851
0.393533684 -0.216217095 -0.00967455296
0.387959852 -0.207961238 -0.00950490405
0.383063348 -0.20534375 -0.0052281635
0.406601834 -0.209821957 0.052950423
0.243915293 -0.290414132 0.0528738022
0.236747016 -0.289585391 0.0540728404
0.206572004 -0.281597663 -0.0177994877
0.32081528 -0.284833702 -0.00757252624
0.31023896 -0.286995487 0.00236554043
0.418499924 -0.260477442 0.00760415836
0.410804618 -0.224218374 0.0426554174
0.403797693 -0.209042591 0.0532201753
0.412526492 -0.210010909 0.0541747378
0.40731355 -0.18817943 0.0650432885
0.414068725 -0.230793333 0.0350968353
0.394916748 -0.196928383 0.0591574254
0.401542259 -0.196197036 0.0598904423
0.387432716 -0.188872902 0.0618800957
0.398800542 -0.194429576 0.0610659021
0.386812475 -0.2070087 -0.00815287496
0.388958346 -0.190562325 -0.0181358194
0.379896053 -0.187921715 -0.0122267382
0.374127357 -0.176765421 -0.0144010248
0.407055205 -0.2006868 0.0588815356
0.379191507 -0.164447215 -0.0237990321
0.401857028 -0.194221529 0.0615994279
0.394180945 -0.170340012 0.0693416566
0.394263725 -0.175712956 0.0665900124
0.0580343848 -0.292824438 -0.00731014649
0.047627062 -0.292654202 -0.00860844887
0.049206961 -0.0277590825 -0.113017907
0.14828246 -0.29063217 0.0292061811
0.388614887 -0.160073228 0.0718717454
0.386368432 -0.163681732 0.0693325795
0.0917035001 -0.297420181 0.0408481123
0.386697388 -0.155213187 0.0724572485
0.382564963 -0.149750742 0.0755670441
0.429518432 -0.216111602 0.0586186482
0.430149998 -0.211268112 0.0649620019
0.431069859 -0.211909054 0.0656840666
0.427956073 -0.208793364 0.0628045352
0.42828489 -0.209027286 0.0630472936
0.428369484 -0.222513842 0.0511622952
0.431166691 -0.224398279 0.0546153031
0.419495701 -0.211936331 0.0556106016
0.418524833 -0.200554475 0.0625893622
0.426423129 -0.207147207 0.0614404603
0.422565718 -0.210104769 0.0578256167
0.4170485 -0.180636173 0.0701195646
0.418216294 -0.177896724 0.0706340485
0.422358874 -0.192079518 0.0665865084
0.424114792 -0.196981575 0.0650504751
-0.230211749 -0.000947935002 -0.0183551909
0.419571752 -0.181196142 0.0699652571
0.412828992 -0.156116351 0.0770041361
0.422267355 -0.192000104 0.0673218527
0.416435006 -0.178495751 0.070548698
0.413463865 -0.161388686 0.0751514129
0.407460475 -0.14972715 0.0771655892
0.412739769 -0.197644766 0.0626486561
0.39171853 -0.171972906 0.0685773899
0.408635972 -0.181077505 0.0684541807
0.398845533 -0.160214518 0.0734619684
0.391472421 0.234693273 0.00525913072
0.401255381 -0.155613728 0.0750359863
0.403908898 -0.149731325 0.0771846607
0.416846184 -0.177125071 0.0708091998
0.420051983 -0.157615579 0.0697972511
0.413423309 -0.143687625 0.0754082047
0.413725068 -0.137833035 0.0746585363
0.410656362 -0.148102918 0.0771525614
0.219529517 -0.0121191148 -0.0264180255
0.408079964 -0.131291992 0.079158594
0.412633694 -0.166197165 0.073502781
0.409891432 -0.149861688 0.0774128416
0.411424069 -0.145088993 0.0762151779
0.405078641 -0.147909495 0.0775766842
0.404791026 -0.14195212 0.0790513835
-0.0944934424 0.00653113835 -0.0363886857
0.409488891 -0.120190979 0.0787525233
0.403420756 -0.128801691 0.0820811429
0.397133496 -0.124164631 0.0826816009
0.404909233 -0.110245687 0.0819470442
0.404540067 -0.110194917 0.082326898
0.39529817 -0.103629014 0.0869415986
0.385257108 -0.0564185399 0.0936840004
0.399963565 -0.107309541 0.0847152799
0.400908209 -0.0875441018 0.0841145681
0.397211194 -0.10226989 0.0877406086
0.375387326 -0.139598141 0.0796422164
0.381381624 -0.138557738 0.0791210787
0.398784958 -0.144381597 0.0778541108
0.388842567 -0.142301936 0.0781435872
0.379747586 -0.127273926 0.0811923942
0.378470488 -0.11567664 0.0824897572
0.395319954 -0.116232793 0.0841316997
0.395220246 -0.115910941 0.0841940249
0.384585041 -0.12068041 0.0829383314
0.377428578 -0.0217739558 0.0967499533
0.38505802 -0.113641731 0.0844839426
0.391488592 -0.0937966221 0.0882681554
0.388953027 -0.0975500849 0.0873730402
0.3794289 -0.0914685887 0.0874272079
0.412425947 -0.158637962 0.0754860203
0.408483056 -0.144776422 0.0786523075
0.370053149 0.19570947 -0.00675365766
0.408218475 -0.14181738 0.0789652067
0.409756912 -0.127131132 0.0780175558
0.408136569 -0.137157679 0.0834384303
0.411215186 -0.151719986 0.0779307692
0.407868976 -0.139640078 0.0811761173
0.406437331 -0.144694945 0.078749317
0.40139017 -0.137092019 0.0800705999
0.403675193 -0.113384708 0.0900800556
0.400925454 -0.129607926 0.0817711555
0.400759982 -0.11738824 0.0844905912
0.398391578 -0.107140686 0.0863092547
0.405434357 -0.125472319 0.0871581941
0.401048688 -0.113392167 0.0870928057
0.401844321 -0.100574505 0.0931338187
0.402852284 -0.120590945 0.0847333394
0.397664861 -0.101406082 0.0886676839
0.396168353 -0.0911143534 0.0924247501
0.391503434 -0.0809846023 0.0907810304
0.395927396 -0.0908663567 0.0919489634
0.390766382 -0.0742154477 0.0913551579
0.176782111 -0.289978093 0.0496150715
0.397369219 -0.144440298 0.0779611647
0.304227447 0.0234652749 -0.0486916371
0.394595931 -0.132885224 0.0809568061
0.380892572 -0.115642667 0.0835670434
0.38471273 -0.0919479883 0.0885219332
0.389622107 -0.0972015805 0.0876303708
0.217317739 -0.288382737 0.0327057699
0.375913466 -0.0911722248 0.0867627645
-0.0639873639 -0.0600477948 -0.0415462091
0.393734637 -0.088903591 0.0893660382
0.228496192 -0.290607945 0.0534494443
0.100097675 -0.277562274 -0.0500065879
0.378314116 -0.0923100361 0.0873349983
-0.0477343768 -0.0630755838 -0.0428666769
0.39307143 -0.0719328788 0.0896278854
0.272049677 0.0107479051 -0.0440546637
0.391111001 -0.0767986429 0.0905046712
0.395903348 -0.0825602441 0.087469419
0.393629475 -0.0713744806 0.0889022762
0.179630084 -0.288402379 0.0246993743
0.398011399 -0.0549101957 0.0819278335
0.192103453 -0.287728276 0.0200527549
0.0267454134 -0.252964823 -0.0663718447
0.386247624 -0.0356727674 0.0906680293
0.385958979 -0.019029446 0.0905781801
0.277126789 -0.00781394228 -0.0475042645
0.388018771 -0.0855634945 0.0893484042
0.381723069 -0.0830286073 0.0891579551
0.386027847 -0.0593962788 0.093552837
0.38031038 -0.057903915 0.093280334
0.38517658 -0.0662911857 0.0922201484
0.375765927 -0.0411808792 0.0953050526
0.290898657 -0.0111967432 -0.0360846042
0.304064252 -0.0113974496 -0.0396676509
0.293775221 -0.00878445435 -0.0488903782
0.280042082 -0.0120761 -0.0319485429
0.289005621 -0.00797192812 -0.0485706214
0.252927969 -0.00815151002 -0.0426026185
0.387806759 -0.0480163129 0.0904584548
0.380312421 -0.0375198329 0.0956239847
0.378411522 -0.0295985116 0.0966436796
0.382466214 -0.008815925 0.0918940637
0.381633475 -0.0290433619 0.0939561789
0.377239918 -0.0116360352 0.095729883
0.378838716 -0.00228365233 0.0932979124
0.374269483 -0.00285355815 0.0972869546
0.376907106 -0.0213979378 0.0970841558
0.395527564 -0.0838577731 0.0883007489
0.0148057881 -0.271370878 -0.0450151318
0.385609346 -0.0587510055 0.0936880143
0.388477165 -0.0614745007 0.0919193552
0.388289292 -0.0681474785 0.0925908159
0.0251612553 0.222281214 -0.0218997286
0.3892936 -0.0683478085 0.0935932383
0.392884592 -0.0811323598 0.0923159949
0.383932056 -0.0539627811 0.0937784168
0.379960909 -0.0382307583 0.0958748156
0.379522028 -0.0375433425 0.0962003053
0.384493493 -0.0511661515 0.0941763965
0.38839089 -0.0322110391 0.089596246
0.386845283 -0.0408016549 0.0918652182
0.382027374 -0.0431965624 0.094709249
0.0952808711 -0.276369278 -0.0514669729
0.43752562 -0.268381269 0.0225105745
0.374898693 -0.00518019924 0.0969541257
0.378425117 -0.0300357275 0.0967328154
0.145832077 0.153460615 -0.0389856054
0.373586209 -0.0785749749 0.08796085
0.309369088 -0.289065787 0.010017491
0.37582302 -0.0669056953 0.090811623
0.377790419 -0.0587879772 0.0929582748
0.38452798 -0.0648701234 0.0925121139
-0.049568644 -0.289521163 -0.0102735561
0.374604894 -0.0551508768 0.0923023754
0.375079752 -0.0172222697 0.0974446808
0.380911917 -0.068380225 0.091747249
0.379744016 -0.0473879494 0.0956841199
0.382885388 -0.0511874841 0.0943443132
0.376823256 -0.0274091784 0.0971049524
0.378339192 -0.0454647589 0.0954349566
0.375299857 -0.0250312121 0.0974140408
0.37419127 -0.0406478608 0.0955005937
0.37418265 -0.0164974563 0.0977488803
0.372869338 -0.018670626 0.0976405156
0.378634439 -0.030623202 0.096682887
0.379292117 -0.0436890339 0.0953361531
0.375654919 -0.0222628131 0.0975391899
0.375386857 -0.0171636256 0.0973878089
0.37653561 -0.0264925507 0.097200411
0.376018031 -0.0196453424 0.097416407
0.281721883 -0.288209891 0.00853923118
0.289655759 -0.283901866 -0.00958135429
-0.17972026 0.223913413 -0.0107755108
0.286529875 -0.291597023 0.0254354083
0.290481151 -0.295078583 0.0503352775
0.270333838 -0.293016714 0.0509191688
0.247733227 -0.289714923 0.0567653133
0.159469241 -0.289965659 0.0563558224
0.271166316 -0.2914877 0.0638756553
0.27814629 -0.291194659 0.0638386216
0.301944456 -0.295759022 0.0594865173
0.283504837 -0.291814558 0.0632697342
0.262741285 -0.290039607 0.0611527909
0.279260377 -0.291846887 0.0629100248
0.241165672 -0.288566768 0.0577139003
0.227093022 -0.254556658 -0.0683076047
0.258051745 -0.286499717 0.0652880426
0.248188097 -0.285998138 0.0641602909
0.24881786 -0.28307443 0.069430751
0.284635206 -0.288857026 0.0671105603
0.288111329 -0.286822388 0.0687506223
0.268616694 -0.288164816 0.0653260468
0.260203392 -0.284942217 0.0676455567
0.284486423 -0.290815327 0.0643559139
0.277163295 -0.285769555 0.0686821874
0.259973609 -0.288438256 0.0623997954
0.248524353 -0.282115344 0.0710722134
0.255852642 -0.286203301 0.0648604842
0.237821987 -0.278171565 0.0754204494
-0.341991862 0.206662032 0.00379577151
-0.174482437 -0.3246973 0.0103959692
0.18331716 -0.288988815 0.0550945883
0.208533817 -0.28585255 0.0592271277
0.150286278 -0.29282031 0.0524138151
0.153382451 -0.292228971 0.0535462012
0.177366147 -0.288175712 0.0578328567
0.191566279 -0.282875146 0.0662179952
-0.0248145735 -0.27166769 -0.0443831204
0.166174169 -0.283296078 0.0704564634
0.215242076 -0.281790665 0.0669364155
0.23165472 -0.279782198 0.0733951909
0.205860701 -0.280255435 0.0708440595
0.203058701 -0.282291423 0.0662433493
0.209179334 -0.286392357 0.0578574231
0.211838392 -0.284493348 0.0616880372
0.22171124 -0.280786179 0.0708970407
0.193629789 -0.279018463 0.0693472945
0.173170853 -0.283973733 0.0660678324
0.183728211 -0.282611301 0.0665480279
0.189495701 -0.282970911 0.0649173508
0.189855531 -0.279907 0.0676804695
0.153758572 -0.287753434 0.0610448773
0.304144955 -0.28365312 -0.0132468245
0.278097965 -0.284061977 -0.00781972215
0.273091715 -0.281631702 -0.0176446904
0.277872462 -0.281430555 -0.0199598998
0.294653187 -0.283360784 -0.0122109239
0.36127382 -0.0545224875 -0.0551463118
0.369576289 -0.0578567009 -0.05402832
0.248081897 -0.284001429 -0.00914125726
0.252928045 -0.280646366 -0.0216327455
0.252976517 -0.276793871 -0.0201985195
0.223729674 -0.278697341 -0.0303545703
0.26727715 -0.287120345 0.00497158174
0.243976911 -0.288291007 0.0194737942
0.242080972 -0.2895366 0.0419368891
0.225446678 -0.288801712 0.0441857343
0.235570564 -0.289431118 0.0529567567
0.24090145 -0.287868724 0.0586657099
0.196068306 -0.284155766 -0.00712070235
0.233611529 -0.279999816 -0.0243696494
0.173896202 -0.278421421 -0.0327371267
0.231026792 -0.288790223 0.0340909579
0.211924668 -0.288780186 0.0425524929
0.225545415 -0.28532505 -0.0015718666
0.19294508 -0.288223574 0.0244982225
0.177965901 -0.282805322 -0.0162013508
0.154708059 -0.278526255 -0.0334533248
0.181033323 -0.288810237 0.0345646656
0.1687762 -0.287711526 0.0108404525
0.167127026 -0.289027331 0.0272031992
0.220262944 -0.288888934 0.0524253446
0.223053081 -0.288360259 0.0544480283
0.200428885 -0.288829633 0.0506976826
0.172637023 -0.289690244 0.043902705
0.185073851 -0.289430219 0.0505938374
0.205484858 -0.28807313 0.0544103944
0.127481574 -0.292947198 0.0365939315
0.112157143 -0.279397068 -0.0351875015
0.12690538 -0.291008687 0.011115327
0.41095025 -0.150416708 -0.0390655298
0.0883141393 -0.290257623 -0.00743437799
0.114279148 -0.294853857 0.0544435435
0.132856445 -0.29294927 0.0418739987
0.0984507153 -0.29536715 0.0245953463
0.098618797 -0.297561771 0.0472483988
0.128178989 -0.293994048 0.046414394
0.0227793853 -0.306818339 0.0435326159
0.0101045621 -0.308361287 0.0459277075
0.0757714188 -0.285058877 -0.0251590292
0.382712927 -0.0994604385 -0.054454171
0.0157163309 -0.27017317 -0.0436852794
0.0398801098 -0.27864839 -0.0421745821
0.0640369003 -0.280432712 -0.0373713
0.0531570186 -0.284491865 -0.0286921003
0.0766559569 -0.295553322 0.0132440972
0.0663284163 -0.298139445 0.0212385746
0.0139339206 -0.274349167 -0.0474236766
0.038283551 -0.291980323 -0.0113583852
0.0388856405 -0.299324261 0.0127607061
0.000725111167 -0.273550591 -0.0466144064
-0.00133962459 -0.277558726 -0.0394213651
-0.0143150705 -0.272165295 -0.0451750196
-0.0134219015 -0.273588517 -0.0433823539
0.022541831 -0.276022105 -0.04574518
-0.00543726921 -0.253224771 -0.0388083944
0.422332736 -0.20964569 -0.0271531335
-0.0193599467 -0.24183699 -0.0368859503
0.0754635816 -0.29914761 0.0383640341
0.0795792747 -0.300360046 0.048215521
0.0550892745 -0.302832721 0.0426960129
0.112307273 -0.295169047 0.0421091813
0.0928204399 -0.29705289 0.0398514089
0.051412133 -0.301360936 0.0314601267
0.0236785623 -0.304155126 0.0314043542
0.134718215 -0.294148277 0.0519159663
0.16959231 -0.286556053 0.0622661437
0.129082852 -0.293609904 0.0542609501
0.143440988 -0.285386065 0.0674315649
0.139513989 -0.28750108 0.0646686656
0.112125508 -0.296763405 0.0511506869
0.457126882 -0.301393813 0.00521219581
0.0958207687 -0.292958777 0.0625454227
0.104659202 -0.292503914 0.0601527903
0.115872988 -0.291914267 0.0591424428
0.142185324 -0.286936722 0.0643926508
0.118914788 -0.292051304 0.0588333815
0.124954741 -0.285333625 0.0692996826
0.161846251 -0.285082928 0.0653243529
0.219145983 -0.25907122 -0.0636188225
0.134414324 -0.293799424 0.0525362398
0.106781344 -0.293898878 0.0572004484
0.0797735715 -0.299424324 0.0528328584
0.0557171283 -0.303483638 0.0492449662
0.0516633162 -0.302207994 0.0544285586
0.0757090413 -0.296674836 0.059353038
0.0699878717 -0.301064956 0.0505167516
0.177716888 0.021724035 -0.0444979646
0.0604783818 -0.301729666 0.0512975465
0.047288307 -0.305000484 0.0487545501
0.0402292287 -0.30377095 0.0547552513
0.0254884117 -0.307430667 0.0459596257
0.0175717222 -0.307354925 0.0488588404
0.0535258542 -0.304145494 0.0464925092
0.045329542 -0.304766174 0.0483365419
0.0153918298 -0.306902113 0.0494171491
0.0903409872 -0.298071567 0.0518534633
0.147413935 -0.288652625 0.00767225262
0.153486391 -0.284363625 -0.011949143
0.136001069 -0.277733615 -0.0368486101
0.127299809 -0.278669279 -0.0351791728
0.12009865 -0.281180024 -0.0294891724
0.114080278 -0.263510741 -0.0300011486
0.146454533 -0.291219922 0.035257801
0.0976771449 -0.278826398 -0.0388754449
0.114640547 -0.278277383 -0.0378061729
0.0901994575 -0.261670079 -0.0286670895
0.165644178 -0.290291156 0.0458049575
0.0738093301 -0.279934159 -0.0385559411
0.0794404829 -0.266679864 -0.0307889861
0.0377381973 -0.277251211 -0.0415339115
-0.000221089929 -0.262705972 -0.0448026388
-0.0161654522 -0.255483674 -0.0475350584
-0.038860345 -0.231402666 -0.0459820121
0.247971908 -0.00895701203 -0.0417844169
0.231995389 -0.0158996752 -0.0424410868
0.22591672 -0.0350593424 -0.026146478
0.226587183 -0.0195518805 -0.0290898002
0.240760078 -0.0226695168 -0.0218956007
0.246733061 -0.020122961 -0.0223632187
0.226675025 -0.0198358992 -0.0285546663
0.267583737 -0.0119460373 -0.0318028792
0.249587752 -0.0188095546 -0.0241247268
0.254040316 -0.00908237361 -0.0403521395
0.225255853 -0.0156469923 -0.0338090446
0.233384522 -0.011392105 -0.037372613
0.247821186 -0.0112733962 -0.0175113062
0.212201245 -0.00386005712 -0.00913702904
0.219181337 -0.0282979071 -0.0299442392
0.213716308 -0.0317002972 -0.0496817937
0.21297036 -0.046241809 -0.0126653279
0.219624054 -0.031481909 -0.011422725
0.216994087 -0.0228415453 -0.0118367683
0.210985315 -0.0317869086 -0.0144932176
0.210336603 -0.0109466108 -0.00998451785
0.207659387 -0.0349036044 -0.029721052
0.211823127 -0.0216031473 -0.0456890567
0.220998963 -0.00903446106 -0.0375081468
0.216702076 -0.019064696 -0.00952620601
0.210752476 -0.00294047081 -0.00537581895
0.189024933 -0.00742477584 -0.0484857224
0.198432178 0.00823667582 -0.0400021009
0.216559274 -0.00639887937 -0.0378096777
0.188050078 0.0176570538 -0.0412069732
0.192547156 0.0346197887 -0.0341687507
0.213168727 0.00920479739 -0.034193549
0.195101814 0.0315914894 -0.0339944608
0.210932297 0.007819575 -0.0210873645
0.413844446 0.191171921 0.0426952149
0.381244961 -0.0160535566 0.0937110961
0.377549331 0.018004461 0.0939007195
0.38230023 -0.00511844695 0.0922384798
0.381942752 0.0377175516 0.0879897178
0.384695711 0.049262493 0.0852580249
0.379965294 0.0259906905 0.0904829526
0.39066208 0.0685244564 0.0814925384
0.388063884 0.0591797963 0.0839931972
0.388836383 0.060524861 0.0818076463
0.393193671 0.0730683804 0.0794302168
0.452474516 -0.296006276 0.00697304252
0.404704331 0.100106041 0.0680706484
0.396975913 0.0867835311 0.0741742997
0.39347231 0.073911485 0.0785799286
0.399854623 0.0970888006 0.0716989271
0.396858279 0.0852312732 0.0750532466
0.399713181 0.0955353661 0.0722919645
0.303275375 -0.00434793128 -0.0542788207
0.381330758 0.0238031735 0.0895127744
0.377646456 0.0185123087 0.0936259909
0.37683986 0.0223771627 0.0942587883
0.377863706 0.0287980247 0.0942394318
0.301120892 0.104705075 -0.00967975405
0.383660028 0.0476662758 0.0871667444
0.387673502 0.0585122473 0.0835359501
0.143697355 0.0272665848 -0.0565021301
0.392130688 0.0708718842 0.0793153643
0.390755362 0.0683646712 0.0803043648
0.210218812 -0.289259947 -0.0524998149
0.384319866 0.0505146725 0.0882470377
0.383988634 0.0494524336 0.0892806057
0.397129263 0.0958212666 0.0710006021
0.3944024 0.078815213 0.0768863802
-0.0981780894 0.0179197248 -0.0374079547
0.394365064 0.0786701246 0.0769408229
0.393812696 0.076293931 0.0781948306
0.388437113 0.0614009661 0.0852057859
0.375110383 -0.000942924313 0.0968676678
0.375483206 0.0109450472 0.0960178987
0.373885106 0.00631506373 0.0974979054
0.375221684 0.0181108596 0.096836942
0.378466473 0.0324525387 0.0931182432
0.386091779 0.056547017 0.0870141081
0.378469349 0.0327447094 0.0946411775
0.376829527 0.0263763605 0.0983126995
0.399061876 0.0851657982 0.0811169713
0.385128482 0.0518660743 0.0927548927
0.385891715 0.0517425018 0.0984184908
0.405119011 0.103882415 0.0740835701
0.403310907 0.0884016872 0.0891067955
0.393150018 0.0667754889 0.10041865
0.381899736 0.0419614753 0.0973473279
0.399733381 0.0784002367 0.101939444
-0.47583078 0.0709478747 0.0195005753
0.386116864 0.0505944503 0.100426841
0.395723503 0.0705382258 0.10004868
0.404955877 0.0870528424 0.10283401
0.400101764 0.0796006355 0.100435385
0.374439543 0.000311721837 0.0976596575
0.373711585 -0.00239944006 0.0977508321
0.38038193 0.0388520139 0.092113682
0.372680525 0.0187467483 0.0996751166
0.136744581 -0.31099041 -0.0774020919
0.37650155 0.024813787 0.095953984
0.371930702 0.00378295823 0.0996619851
0.368845141 -0.00639856082 0.100793888
0.371016713 0.00499100357 0.100360036
0.375221684 0.0181108596 0.096836942
0.373274186 -0.000405182833 0.098433758
0.372851863 0.00344727368 0.0997727175
-0.479469367 0.0626114392 0.0127706867
0.372761932 -0.00297801693 0.0987648423
0.373645052 0.0177369202 0.0991007327
0.38145332 0.0394462248 0.0999956369
0.37474214 0.0197137979 0.0982292751
0.379997481 0.036278824 0.100510816
0.380980674 0.0406073286 0.0978980527
0.383988634 0.0494524336 0.0892806057
0.390338031 0.0599906268 0.100456215
0.375529617 0.0214151048 0.0966087026
0.381373485 0.0434082703 0.0940697767
0.380562674 0.0392617452 0.0922372778
0.389708485 0.0642548828 0.0862215213
0.390986766 0.0641969938 0.0982226132
0.401107826 0.0819627408 0.0960586538
0.389860512 0.0645651176 0.0870600109
0.384462949 0.047665963 0.100753716
0.410408621 0.124420136 0.0621937289
0.414067828 0.154046267 0.0565581432
0.424174671 0.155667442 0.0484008084
0.404388296 0.114002417 0.0667499055
0.386352223 0.121487946 0.0617030843
-0.281892594 0.234174597 0.00228144651
0.354901644 0.167319065 0.0431735038
0.408335299 0.1259194 0.063871383
0.401565476 0.153704922 0.0550388368
0.377805592 0.165927764 0.0482249559
0.364112399 0.150190393 0.0510332764
0.380138806 0.149599739 0.0529166841
-0.100554445 0.0171680313 -0.0449607578
0.405834943 0.112350541 0.0658001707
0.410357964 0.124758935 0.0623174882
0.408501563 0.126253088 0.0638122374
0.416255382 0.130646259 0.0569924917
0.412600202 0.144978787 0.0594958388
0.405091655 0.10087792 0.0669619053
0.380540165 0.191722545 0.0396012758
0.376610754 0.206050467 0.0245749273
0.383810975 0.205632799 0.0335102439
0.410686924 0.147241872 0.0583997408
-0.0403248053 0.25375173 -0.0123073201
0.40981478 0.198310145 0.0387824034
-0.188950132 0.256222092 0.000360807527
0.404937103 0.176450542 0.0478168764
0.399484478 0.205631308 0.0344337108
0.420366103 0.171296973 0.04645377
0.414642203 0.16947828 0.0512674242
0.403285979 0.213317286 0.0311787709
-0.362586184 -0.248183105 -0.00687254395
0.378635184 0.180037205 0.0437840291
0.418059288 0.161241051 0.0525756372
0.415580665 0.176175898 0.0491706314
-0.0986695064 0.277002746 -0.00269273814
0.155068686 -0.276678316 -0.0460879504
0.427116343 0.177859272 0.0549681149
0.339121143 0.151508501 0.0282522774
-0.306014521 -0.158464457 -0.0125257191
0.343022017 0.151481496 0.0447797972
0.346988522 0.167804084 0.0176588873
0.34508787 0.167462738 0.00852018486
0.350246411 0.159218166 0.0473506828
0.329721053 0.130869738 0.0173750406
0.315190544 0.116182837 0.00138491126
0.31945628 0.123371896 0.0078938733
0.332288607 0.141353261 0.0250304305
-0.0896131775 0.278251107 -0.00331403004
0.342328442 0.1505506 0.045027325
0.332602926 0.140691325 0.0374896893
0.322956178 0.130520018 0.013932621
0.393255393 0.107527158 0.066056142
0.39475996 0.0965016411 0.0702290336
0.371806754 0.12521502 0.0595072327
0.367732842 0.133800581 0.0562794027
0.383307104 0.114312532 0.062398852
0.357246218 0.142134076 0.0535504933
0.346490352 0.154068293 0.0492170425
0.388326472 0.0988438952 0.066994315
0.388152583 0.10493952 0.0658786244
0.397512536 0.0893584913 0.0736273453
-0.0814725894 0.286582805 0.00502944832
0.358423875 0.132522267 0.0570289262
0.34650875 0.147628441 0.0521817045
0.340959284 0.147452426 0.0543140554
0.353286415 0.123516611 0.0608006742
0.329288239 0.136251753 0.0524494632
0.330150421 0.131041393 0.0712442187
0.414589169 0.104126448 0.0928621896
0.41842752 0.118368572 0.0833945178
0.422625099 0.122547619 0.0862620085
0.417835284 0.107836552 0.0952610637
0.409220513 0.105133833 0.0807834375
0.404735512 0.087025191 0.0991346742
0.414327696 0.0994929864 0.0989202457
0.403637193 0.110157 0.0685138181
-0.178479586 0.108306636 -0.0187980721
0.40669526 0.121135729 0.0654297073
0.418113107 0.112907948 0.0904595276
0.421771851 0.124137307 0.084410428
0.414185713 0.109255452 0.0864280887
0.416574124 0.105534588 0.0990008402
0.410591516 0.0957508561 0.101260978
0.408051038 0.0914136899 0.0980300894
0.413459736 0.102429504 0.0949480002
-0.0248145735 -0.27166769 -0.0443831204
0.415261835 0.143022982 0.0625854876
0.0442017159 -0.277767723 -0.0507699248
0.427443199 0.130047208 0.085885564
-0.161788473 0.149460804 -0.0168987695
0.150207472 -0.284898538 -0.0107258546
0.429325567 0.158347146 0.0670398776
0.431174751 0.145501324 0.0789619227
0.435432814 0.155840815 0.0761641444
-0.485800269 -0.324874389 0.0020385213
-0.408666301 -0.287716747 0.0179216816
0.1652248 -0.278104338 -0.0347263978
0.431385823 0.164564578 0.0650379694
0.432129385 0.145382213 0.0808714715
0.428249922 0.144276915 0.076419117
0.427259698 0.130130021 0.0856817256
0.421394668 0.144427084 0.0686368682
0.412159568 0.117699329 0.0750744633
0.412597834 0.1471807 0.0587726842
0.410277848 0.136365994 0.061930251
0.390459101 0.145445206 0.056242739
0.410714401 0.138298713 0.0617267806
0.410479637 0.161453758 0.0540269437
-0.398565477 -0.276486904 0.00967237164
0.390654733 0.178939033 0.0460051932
0.398191547 0.163692528 0.0518157506
-0.255547976 -0.0216409445 -0.0142104059
0.393057388 0.073028885 0.080238411
0.386842619 0.118446766 0.0629003568
0.367178271 0.119018037 0.0615722944
0.342231108 0.140737322 0.0575192201
0.39770048 0.0778554165 0.0929637901
0.405665968 0.0968725706 0.0843189056
0.397713177 0.0824030055 0.083559849
0.400779034 0.110748951 0.0672877967
0.399780557 0.0967383862 0.0718795755
-0.241642651 -0.328785238 0.0400598354
0.367484042 0.14188761 0.0545001513
0.354371758 0.164280949 0.0464338662
0.387224603 0.130854022 0.059514781
0.331995441 0.120778449 0.0739174345
0.326372165 0.124000347 0.0784239845
0.330060824 0.132050302 0.0708306097
0.329641232 0.131046747 0.0722817193
0.326763403 0.127945934 0.0765461035
0.330412465 0.136777613 0.0709120245
0.326645096 0.125792247 0.0781018261
0.345356096 0.152994837 0.0525670746
0.320284397 0.123148906 0.0875270844
0.323189133 0.131260088 0.0840537073
0.325546715 0.132472856 0.0785999818
0.32761065 0.134405989 0.0800815352
-0.245715558 -0.056476864 -0.00200363714
0.368876292 0.156701235 0.0501860822
0.373570213 0.166550189 0.0479661382
0.351316185 0.162267034 0.0676073259
0.359784138 0.170506416 0.0447683757
0.335509659 0.143324359 0.0887556828
0.331400084 0.138681177 0.0788656678
0.33726413 0.145194356 0.0768633497
0.352440941 0.164360544 0.0678425042
0.338185052 0.147335209 0.079838916
0.362055541 0.177909338 0.0700990717
0.344556342 0.154032364 0.0876960972
0.334519929 0.140981796 0.0880272963
0.339586824 0.148745295 0.0932647998
0.342061373 0.152155143 0.085645579
0.351428852 0.163976158 0.0800610514
0.35413781 0.16763998 0.0743225165
0.418909204 0.186902433 0.0423872079
0.401154728 0.223179564 0.021819518
0.398662538 0.225914906 0.0240125947
0.405110246 0.217670483 0.030603412
0.407259145 0.208505131 0.0341631531
0.434205796 0.188781774 0.0541824535
0.415898566 0.205775917 0.0389066921
0.441393108 0.194971799 0.0540765705
0.428506266 0.20286015 0.0456722835
0.439987027 0.201808197 0.0512318984
0.445948426 0.18951822 0.0596514846
0.402273525 0.246411944 0.0106497478
0.407433057 0.230487338 0.0271407498
0.413456111 0.241785461 0.0231241302
0.418390199 0.224560102 0.0356444284
-0.251438166 -0.059465654 -0.0128323845
0.442484476 0.195881243 0.0543839411
0.442134469 0.209706892 0.0506975614
0.423880148 0.237429239 0.0335971918
0.431698337 0.232649541 0.0402324409
0.444066346 0.181084813 0.062957635
0.441979217 0.19633908 0.0541400971
0.421570839 0.2556427 0.0134560754
0.426180362 0.257570586 0.00640702669
0.431813206 0.258106336 0.00276793143
0.428352712 0.257773153 0.0146222089
0.43708696 0.259582416 0.00790879183
0.435044785 0.258143376 0.0190399139
0.42620436 0.252483085 0.0225481671
0.439454343 0.260112448 0.0169587685
0.431535805 0.243990116 0.0347217132
0.432922493 0.248809107 0.0304349146
0.44214714 0.260076919 0.0206833607
0.429563273 0.256962259 0.0182969795
0.435983596 0.259776272 0.0315604061
0.429053268 0.253014583 0.0247741394
0.429422411 0.251585589 0.0270662877
0.417682156 0.256087205 0.00123578762
0.433178471 0.259116162 0.0146671953
0.404235728 0.257044414 0.00467540498
0.413033276 0.255319832 0.00731513584
0.427062915 0.257415976 0.0146797228
0.413529988 0.253747636 0.010975291
0.411074642 0.200520404 0.0382878195
0.438080368 0.176912438 0.0628496323
0.435994124 0.165805004 0.068218996
0.432814745 0.17554135 0.060034206
0.0915059418 -0.27918074 -0.0518593009
0.42160671 0.172007456 0.0548756955
0.421070704 0.157383284 0.0614610492
0.416789695 0.17202225 0.0520690028
0.43989135 0.187683753 0.0577606284
0.429807034 0.188394506 0.0528751094
0.42811794 0.200892106 0.0464587669
0.409297747 0.203437527 0.0368340194
0.407901854 0.188220102 0.043302889
0.386888743 0.210764368 0.0311971337
0.383121335 0.193927116 0.0391373772
0.378210687 0.177736756 0.044841873
0.43121351 0.211348513 0.0450989997
0.403332076 0.222662782 0.0289513124
0.395795127 0.21572159 0.0292005554
0.426163578 0.224631608 0.0400382176
0.397724247 0.220013875 0.0274473265
0.404384323 0.222990823 0.0344266309
0.392757322 0.21574541 0.0391683281
0.39748779 0.218420077 0.0389975284
0.394812405 0.217599461 0.0378465178
0.390020586 0.216476053 0.0291513419
0.381331193 0.206865911 0.0540182939
0.386246049 0.213054305 0.0405340068
0.363137016 0.178536888 0.0577727793
0.355903587 0.172762202 0.0550496861
0.367448562 0.188577105 0.0517269241
0.371503793 0.191935484 0.0692930099
0.361466273 0.177850509 0.0839531352
0.374316407 0.195227509 0.0571686415
0.374969742 0.19776971 0.0689582571
0.376438972 0.202145008 0.0726510557
0.369073684 0.18954174 0.0799472231
0.363429927 0.181696459 0.0777438114
0.360493172 0.17669032 0.0732239299
0.373285409 0.194868647 0.0631154147
0.375255401 0.222837023 0.0732817948
0.371793186 0.208370763 0.0412486476
0.375240956 0.196852182 0.055235071
0.380871123 0.207536021 0.0624002265
0.384434458 0.213330313 0.051932277
0.375880333 0.200762112 0.0744127075
0.383226493 0.212537543 0.061448135
0.381224657 0.208553521 0.0609219885
0.416902101 0.250258232 0.0179122558
0.41096366 0.259168556 0.00773357636
0.403021519 0.2509452 0.00677146
0.403180683 0.260194303 0.0114540877
0.399804219 0.245165888 0.0111223978
0.399138124 0.263445755 0.0275367353
0.399145177 0.26704751 0.0249654556
0.377092609 0.217626022 0.0196613517
0.387917486 0.21939885 0.0226116708
0.394612406 0.238953593 0.00595776033
0.39759634 0.245505877 -0.000706585182
0.379395114 0.256049161 0.0441294944
0.398536073 0.264085018 0.0259169228
0.382378982 0.262129268 0.038507765
0.385365574 0.234171354 0.0206771291
0.371676803 0.237701118 0.0314138222
0.393982159 0.231585216 0.0172277073
0.378043291 0.251890803 0.0180888646
0.396246953 0.238374823 0.0125716656
0.398055374 0.243642206 0.00681875319
0.408566368 0.227337634 0.0300149516
0.407047502 0.229488763 0.0276960925
0.397918466 0.223106514 0.0256127392
0.413552425 0.240450421 0.0245389953
0.402074561 0.235835267 0.0200669894
0.387295494 0.22106419 0.0438815423
0.394507539 0.231926252 0.0176896672
0.402953106 0.241912409 0.0157512317
0.401150142 0.242196878 0.0217220516
0.392108401 0.230947487 0.0279739015
0.396170235 0.242049883 0.0224054157
0.385555151 0.222324788 0.0557236134
0.381659846 0.238183695 0.0702609349
0.385346477 0.217111015 0.0439637917
0.386543868 0.246218144 0.0438130141
0.391481559 0.234104814 0.0388836687
0.377632056 0.24047435 0.04760977
0.39397654 0.254243569 0.0390204862
0.39259371 0.251210665 0.0260064706
0.244030023 0.00564829954 -0.0386598288
0.259190409 0.00603036358 -0.0418549515
0.248671716 0.0213141374 -0.0378390527
0.266825576 0.0215171058 -0.0412443229
0.221774711 -0.00354600897 -0.0363149641
0.237475171 0.0199948523 -0.0361263218
0.225067789 0.0113033949 -0.0351171446
0.291844499 0.036945393 -0.0412197117
0.29238348 0.0697915246 -0.0267902851
0.278873938 0.0705442032 -0.0273204083
0.292077274 0.0865022204 -0.0197568624
0.29296506 0.100380274 -0.0128700686
0.309911163 0.116107991 -0.00191885537
0.312829057 0.119619117 0.00121949666
0.307726465 0.114296556 0.00201254108
0.2694599 0.073154987 -0.0269689635
0.287738662 0.0968180854 -0.00901528118
0.29296506 0.100380274 -0.0128700686
0.271237275 0.0838567593 -0.0144068433
0.237142677 0.0595887892 -0.0344967781
0.240824393 0.0401035454 -0.035662137
0.222365139 0.0544346437 -0.0353661962
0.206344772 0.0632944625 -0.0371008207
0.215704245 0.0632831488 -0.0366846706
0.210744246 0.0351515013 -0.033998097
0.179519164 0.0488273636 -0.0358981828
0.20227457 0.0113394826 -0.00439168883
0.213168727 0.00920479739 -0.034193549
0.196623878 0.0251876999 -0.0205544218
0.187987558 0.0286979107 7.96798416e-05
0.184169265 0.0392292652 -0.0210083447
0.190242305 0.0292602827 -0.0126857297
0.173948716 0.0463786067 -0.00902347429
0.187053258 0.041215957 -0.0346257458
0.196690875 0.051128775 -0.0356109826
0.176500112 0.0548667774 -0.036695143
0.180754674 0.0461167778 -0.02871502
0.181648997 0.0417946568 -0.0167657493
0.179126107 0.043165946 -0.0107416618
0.170047381 0.0553173946 -0.0189575165
0.170656795 0.0523726049 -0.00981973519
0.170524129 0.0651518139 -0.0343616281
0.318086907 0.125382733 0.0164886209
0.303107973 0.111876713 0.00598698367
0.324551464 0.131799091 0.0214222473
0.316238563 0.123230326 0.0241522752
0.325654674 0.133759084 0.0308266736
0.3005522 0.110930526 0.00696702256
0.288798441 0.0978757373 -0.00880634539
0.318755098 0.127788748 0.0342328187
0.32419567 0.133444132 0.0119414086
0.313292235 0.120846782 0.01207
0.327513565 0.135818522 0.0302121456
0.273276007 0.0851137062 -0.0222644847
0.276682375 0.0876007434 -0.0209726786
0.245518342 0.0703399991 -0.0324234185
0.21267528 0.0648997907 -0.0371266262
0.230447433 0.0680769082 -0.0357804614
0.292758197 0.100963885 -0.0107562599
0.314203407 0.123287424 -0.000121421591
0.229226577 0.0692688344 -0.036299022
0.3239633 0.131692966 0.039437352
0.323378856 0.126643743 0.0663797317
0.320628309 0.129514384 0.0315919987
0.336029946 0.14413875 0.0489069737
0.329642194 0.136914783 0.0518500371
0.32184842 0.130142477 0.0457490134
0.332817829 0.138404335 0.0645918986
0.334881901 0.149114684 0.0174384019
0.334172423 0.14436349 0.0320003697
0.333908091 0.1509298 0.00730040575
0.339823897 0.155425078 0.0396748806
0.349224859 0.16783416 0.0318171922
0.336874035 0.144832494 0.0502725265
0.337928898 0.150669166 0.0535284077
0.186158322 0.0718339232 -0.0393825026
0.183613522 0.0673441357 -0.0385570222
0.185785095 0.0835674282 -0.0423233456
-0.275253883 -0.0886830716 -0.0143492098
0.180428095 0.0809534772 -0.0413474116
0.171345163 0.0634540531 -0.0272588607
0.171753387 0.0685715109 -0.0392792984
0.170946781 0.0759182331 -0.0393569724
0.170640002 0.0764892384 -0.0401744813
0.182133315 0.0898109126 -0.0441287601
0.170266617 0.098998983 -0.0450580727
0.171684442 0.0944186334 -0.0443383625
0.175632822 0.117343994 -0.0288212616
0.170926585 0.0858926341 -0.0427281633
0.169707841 0.0946408868 -0.0351600147
0.170447413 0.0893713382 -0.0420621488
0.167761786 0.110715993 -0.0437666508
0.1557993 0.139401343 -0.0412911412
0.324550436 0.13316562 0.0717749116
0.316785701 0.127018814 0.0887354598
0.325219243 0.132349336 0.0790670431
0.323716406 0.132143853 0.0795290156
0.313648366 0.138847849 0.0740393207
0.32362333 0.138017993 0.0749276938
0.332570869 0.139512939 0.0701004471
0.337335308 0.144455777 0.0608182237
0.332691251 0.144522042 0.0631530652
0.348077538 0.15654085 0.0482539631
0.347867882 0.157238696 0.0584320258
0.155119061 0.045942232 -0.0466856995
0.164393715 0.0537019229 -0.0411189656
0.141667102 0.0474143521 -0.0264701237
0.171953937 0.0536188047 -0.0372141316
0.119620774 0.03803915 -0.0351395964
0.170247116 0.0545996626 -0.0183913998
0.163862958 0.0529213741 -0.0287005354
0.162252416 0.0610810078 -0.00499965356
0.172278356 0.0577420051 -0.0374736264
0.168268734 0.066131646 -0.0402837892
0.168094528 0.0665652401 -0.0284894697
0.134779354 0.0479410525 -0.0332335755
0.164573157 0.0556685917 -0.0409495945
0.148564786 0.0550546149 -0.0399410013
0.158339745 0.0630574677 -0.045368459
0.169848451 0.0815613011 -0.0424424126
0.15848737 0.0837554808 -0.0133299649
0.163002437 0.0824816917 -0.0259670668
0.159174887 0.0756755452 -0.0433678742
0.166262768 0.114996504 -0.0451489876
0.170076973 0.0987997866 -0.0440617431
0.165963942 0.115889474 -0.045272555
0.158997959 0.132395121 -0.0423918552
0.157791629 0.134990522 -0.0419150375
0.146237694 0.150378126 -0.0393460726
0.145966434 0.150061604 -0.0384326962
0.118893943 0.172839987 -0.0348639068
0.345635141 0.168324974 0.00918914895
0.348174999 0.166978195 0.0297959207
0.350313911 0.189396073 0.0203906833
0.334768752 0.170944642 0.0337023964
0.353946507 0.185333069 0.0270628164
0.329824728 0.170381461 0.0415852949
0.336820272 0.152779694 0.0540191917
0.35377562 0.165017301 0.0455052755
0.35561756 0.173123881 0.0408414197
0.362210764 0.188453576 0.0257818492
0.359879885 0.190108455 0.0124971611
0.369910845 0.205785657 0.00868384802
0.334209285 0.199516363 0.0208651601
0.357724484 0.216365983 0.0112761034
0.359012137 0.192324087 0.019378809
0.371030844 0.202037039 0.0215577261
0.35160939 0.197431636 0.0374914472
0.366455424 0.211973517 0.0319918296
0.167853891 0.121442486 -0.037994985
0.157728575 0.141455994 -0.0376303979
0.157594967 0.136381426 -0.0416714999
0.14926158 0.151708749 -0.0376658031
0.355019942 0.165146201 0.0461246326
0.366897749 0.187485005 0.0345306645
0.37043544 0.216324427 0.0056324899
0.383115444 0.223692203 0.00470903395
0.376123699 0.211953755 0.0127026182
0.376419337 0.226825482 -0.000276275138
0.38941942 0.233681662 0.00157473846
0.392279603 0.234136173 0.00913750971
0.134722484 0.164021085 -0.0365858112
0.115462757 0.17957255 -0.0330983003
0.140341356 0.160235497 -0.0375270013
-0.111156647 -0.305314687 0.0597646198
0.117268881 0.172713238 -0.0336456967
0.124866019 0.169178997 -0.0355520576
0.0941868182 0.188064592 -0.0311543055
0.105626972 0.182263435 -0.0325258681
-0.0982581462 -0.104406596 -0.0316521915
0.088855057 0.196679825 -0.0259883209
0.0976449614 0.193998 -0.0247345006
0.0656265461 0.206495554 -0.0237372961
0.0795587021 0.20504273 -0.0209314265
0.0648082968 0.210686016 -0.0202621271
0.0816065767 0.188087714 -0.0247032272
0.0707604256 0.199813108 -0.0279233785
0.0637550696 0.204407966 -0.0263803136
0.0488409451 0.21112187 -0.0249015465
0.0472541607 0.211745044 -0.0246499131
0.0615281471 0.204750578 -0.0264418446
-0.29187785 -0.133563223 -0.0115008607
0.054132668 0.210739053 -0.0237756863
0.0388433109 0.216764162 -0.0233873666
0.0329760721 0.220956049 -0.0217792131
0.062639378 0.209230965 -0.0220536284
0.0549357143 0.214564855 -0.0200083518
0.0280412779 0.226624094 -0.0182760213
0.02201406 0.224666459 -0.0208916008
-0.000139856097 0.234167497 -0.0183332167
0.0142806198 0.227901806 -0.020169185
0.0147596558 0.234223217 -0.0152263009
0.0124818878 0.227761653 -0.016814348
0.0439497776 0.22149998 -0.0182185209
0.0259910123 0.229129623 -0.0158863434
0.00738532906 0.238131754 -0.0140312756
0.0225584943 0.231118735 -0.0161139096
-0.0271266523 -0.309387924 0.0467787386
-0.00413121829 0.246493049 -0.00815121568
5.85612085e-05 0.24277385 -0.0125916885
0.00706517753 0.238986937 -0.0134194118
-0.0169785865 0.251094629 -0.0091469182
-0.028483256 0.260819758 -0.00696957776
0.404533558 0.261819332 0.00551041165
0.409105937 0.277879608 0.00964184115
0.404545374 0.273441488 0.00394662627
0.405964997 0.28240303 0.0103092087
0.40573568 0.302126226 0.00690114223
0.405745209 0.294574891 0.00684711157
0.404818952 0.284834612 0.00423609858
0.407373415 0.29550846 0.014795316
0.405243134 0.295300569 0.00586742527
0.406138098 0.286683144 0.0105452804
0.404320432 0.261413576 0.00696163995
0.403912962 0.270907482 0.0160307641
0.401521643 0.272927157 0.0250302052
0.406830533 0.286134094 0.0184884162
0.406586003 0.285412705 0.0180576337
0.402618125 0.285996509 0.0306617833
0.404404821 0.270335198 0.0124831586
0.403023923 0.25289913 0.000443630043
-0.136600369 -0.302819827 0.0853617965
0.404147958 0.264396638 0.00868143691
0.403533897 0.254068614 0.00542952711
0.405435145 0.27816682 0.00924695909
0.404342682 0.270171499 0.00435004818
0.399490535 0.249394952 0.0140172331
0.3992327 0.266889636 0.0245565118
0.0189272611 -0.30943496 -0.0813157785
0.00483887496 -0.306052491 -0.0767589034
-0.0190740052 -0.302123919 -0.0756630018
0.0149702516 -0.303160503 -0.0742394096
-0.0145751199 -0.300990654 -0.0720977363
-0.0226748189 -0.289613368 -0.0619998054
-0.0172372382 -0.290669529 -0.0622651708
0.0296357931 -0.305686129 -0.077539641
-0.0100548314 -0.309553138 -0.0813542315
-0.0150079165 -0.294288977 -0.065699717
-0.0278438524 -0.283435988 -0.0548158842
-0.0298097738 -0.30259269 -0.0788918419
-0.0320937643 -0.290362477 -0.0656861115
-0.033775213 -0.280186724 -0.0576674408
-0.0399715359 -0.277055332 -0.0579228601
-0.0492911961 -0.26752799 -0.0565287969
-0.0136090771 -0.290689021 -0.0619774389
-0.0242937351 -0.278394529 -0.0350748735
-0.0233584958 -0.277628703 -0.0500904688
-0.0246138974 -0.274071653 -0.0467606951
-0.0382841013 -0.281914351 -0.0263444973
-0.0290485832 -0.271068966 -0.0428516234
-0.0363522868 -0.272509628 -0.0518198084
-0.0332599679 -0.26905777 -0.0463204003
-0.0224710441 -0.291002872 -0.0141341824
-0.0450283171 -0.2866181 -0.0173338439
-0.0404164731 -0.284517279 -0.0221318826
-0.245522592 -0.330452403 0.0311364772
-0.0703856659 -0.305312836 -0.000272577154
-0.0446777341 -0.262382607 -0.0390176389
-0.0440443897 -0.279421922 -0.0262512803
-0.0555605085 -0.290418211 -0.0057284785
-0.0885457297 -0.312970325 0.00517152372
-0.0925965325 -0.304962159 0.0120238455
-0.103386737 -0.318297202 0.00681344929
-0.115940579 -0.314784383 0.012230579
-0.053405342 -0.284928936 -0.014076193
-0.057495788 -0.274551976 -0.020737288
-0.0792879278 -0.293462299 0.01277637
-0.103870892 -0.309076662 0.0134431243
-0.126117954 -0.323242839 0.00811838838
-0.115364812 -0.31652355 0.0104893947
-0.125633961 -0.307639863 0.0185766566
0.127394014 0.139618766 -0.0504243274
-0.155740775 -0.323215718 0.011801998
-0.152706564 -0.324920465 0.00827815317
-0.231612313 -0.328503802 0.0149872762
-0.171402305 -0.321136244 0.0143579255
-0.15507335 -0.316094611 0.015446557
-0.163969583 -0.316556055 0.0125000431
-0.189461004 -0.322627561 0.0151426455
-0.198845445 -0.324602342 0.0157911393
-0.199055281 -0.324626373 0.0157380215
-0.215047995 -0.326134155 0.0141190197
0.214137143 -0.280395906 -0.0242984141
-0.211378387 -0.326338706 0.0156891264
-0.444462616 -0.313979407 -0.0506900425
-0.426892162 -0.295809199 -0.0226907098
0.197915368 -0.277540638 -0.036061779
0.243119096 -0.283234313 -0.0130042647
-0.451241891 -0.312915757 -0.0305283844
-0.466044742 -0.32061332 -0.0327764013
-0.119317179 -0.301387363 0.0728951225
-0.0711467382 -0.23581355 -0.0364322359
-0.453811261 -0.318754859 -0.0489255434
-0.44941297 -0.313721598 -0.0423867724
-0.053589464 -0.290603261 -0.00565279937
0.170727843 0.0773383705 -0.0411072291
-0.452914044 -0.31825186 -0.0527368373
-0.463661626 -0.323454115 -0.0472467689
-0.467922737 -0.325881927 -0.0484784693
-0.473610272 -0.326635749 -0.0424744151
-0.465012263 -0.323819683 -0.0476071553
-0.461048616 -0.322292929 -0.0496809292
-0.454579572 -0.319028893 -0.0492279855
-0.434950741 -0.300885363 -0.0201633425
-0.456733493 -0.313782505 -0.0169593388
-0.462772681 -0.316861975 -0.0131505823
-0.478068184 -0.323161537 -0.0127009129
-0.445105525 -0.306518307 -0.0163508497
-0.471351592 -0.324794935 -0.037197773
-0.48059481 -0.326869251 -0.0369875217
-0.47421858 -0.325687421 -0.0410154118
-0.484869266 -0.326080313 -0.0213674875
0.389732171 0.0956706902 0.0685176912
-0.479855915 -0.326381633 -0.0329268036
-0.216793431 -0.324186979 0.0921093471
-0.479718023 -0.32304211 -0.0131503742
-0.471833343 -0.3206041 -0.00875193016
-0.0101972769 -0.281301876 -0.0541386227
-0.0255526584 -0.283184392 -0.0568434107
-0.0311791113 -0.268059338 -0.0442196887
-0.00518314605 -0.270883919 -0.0467144102
-0.0409189455 -0.257920076 -0.044223199
-0.0449281492 -0.254744749 -0.0441504026
-0.0396953527 -0.278110275 -0.0625033373
-0.0373044444 -0.26209033 -0.044467811
-0.0446765605 -0.287753211 -0.0690974192
-0.0459037128 -0.281993886 -0.067289248
-0.049372145 -0.267791242 -0.0568178269
-0.0399418963 -0.266652822 -0.0502955555
-0.0520184922 -0.260498423 -0.0538634336
-0.00703437652 -0.266963786 -0.0473510494
-0.016816283 -0.266233787 -0.0462373168
-0.0377301869 -0.244327789 -0.0461730903
-0.018923616 -0.251842672 -0.0477727175
-0.0482105853 -0.237991726 -0.0449539162
-0.0491292827 -0.23790171 -0.044767903
-0.0535303601 -0.251683013 -0.0477218983
-0.0610907626 -0.252319128 -0.0531180964
-0.0571081347 -0.262800844 -0.0594377083
-0.073634608 -0.247881541 -0.05767198
-0.0633432864 -0.233636194 -0.0420715092
-0.0690322595 -0.238797717 -0.046467111
-0.0605908094 -0.220341963 -0.0437227486
-0.0603577621 -0.247835415 -0.0493976463
-0.0640472468 -0.235436534 -0.0421566919
-0.0711866206 -0.219352669 -0.0411665035
-0.0770186977 -0.221389801 -0.0444103294
-0.0738799147 -0.215899954 -0.0407479538
-0.0578487061 -0.241641306 -0.0426372395
-0.0521792607 -0.256818065 -0.0380139147
-0.172786929 0.0437967013 -0.0185110803
-0.0718481022 -0.245883523 -0.0309836299
-0.0706630661 -0.235412402 -0.0370514445
-0.0549820095 -0.267950992 -0.0280247801
-0.0835672398 -0.281944697 0.00370468778
-0.108167694 -0.298812799 0.0160895163
-0.140384342 -0.310372039 0.0152133925
-0.128013349 -0.297630715 0.00787545595
-0.149631547 -0.308064115 0.00715275424
-0.133457717 -0.290386093 0.000177073749
-0.103349563 -0.271338566 -0.00475142073
-0.117983933 -0.294300679 0.00989269868
-0.113890905 -0.27020413 -0.00832288413
0.155383732 -0.0671696463 -0.0827649934
-0.108970354 -0.261993341 -0.0110064901
-0.123577487 -0.277241163 -0.00442915947
-0.132052447 -0.298676277 0.00768310414
-0.11333007 -0.260407328 -0.0115244265
-0.0648433257 -0.234385359 -0.0414494637
-0.0681644579 -0.233264482 -0.039798528
-0.0849203555 -0.232287913 -0.0298760912
-0.0712278702 -0.226678282 -0.0400865163
-0.0805457854 -0.217398769 -0.0365568276
-0.093329182 -0.2542877 -0.0157270772
-0.104038964 -0.249762951 -0.0197822869
-0.0880550633 -0.221414223 -0.0308514492
-0.12204386 -0.285492122 0.00101215265
-0.107498744 -0.268794051 -0.00693049281
-0.0995670195 -0.243807276 -0.0196915553
-0.0976920198 -0.231408151 -0.0233163696
-0.0474225128 -0.206612507 -0.0466098381
-0.0426849198 -0.227524326 -0.0458737644
-0.0530269887 -0.186404079 -0.0483453107
-0.0566236046 -0.190301606 -0.044457123
-0.0543382187 -0.213076767 -0.0448756351
-0.0517189391 -0.22471822 -0.0450206809
-0.0623620748 -0.202385705 -0.0437808536
-0.0454647007 -0.200057867 -0.0497169794
-0.0529830107 -0.179072138 -0.0496143506
-0.0604701967 -0.163985941 -0.0449119638
-0.0590777257 -0.145358732 -0.0532057064
-0.058768197 -0.173662431 -0.0449218618
-0.0614372272 -0.172655546 -0.0437569753
-0.0684226446 -0.171160057 -0.0429529686
0.396432708 0.0738845158 0.0974538034
-0.0704251974 -0.145760049 -0.04276488
-0.0462566801 -0.186916967 -0.054481369
-0.0550896358 -0.170123028 -0.0503115175
-0.0583096027 -0.171525305 -0.0451637366
-0.0725724059 -0.209441374 -0.0419051018
-0.214138531 -0.32564909 0.0242190057
-0.0848463945 -0.190080804 -0.0465389957
-0.0709864972 -0.198468468 -0.0426110698
-0.0681040616 -0.182954589 -0.0430536135
-0.0780708035 -0.177293036 -0.0414662354
-0.0816046323 -0.195880953 -0.046236693
-0.0826033021 -0.176150585 -0.040677165
-0.0783067599 -0.200410854 -0.0407229581
-0.0764476013 -0.203265203 -0.0411616203
-0.0930506625 -0.173132931 -0.0492542622
-0.0891564765 -0.173105106 -0.0446708787
-0.081782583 -0.190019851 -0.0408447924
-0.201494703 -0.323618085 0.0264788582
-0.0775737146 -0.153215443 -0.041667983
-0.086749072 -0.146876373 -0.040177022
-0.0912181465 -0.147240505 -0.0423878358
-0.101769297 -0.15873802 -0.0578551177
-0.129447655 -0.304426311 0.0769123636
-0.0978580383 -0.163320514 -0.0489325496
-0.084004484 -0.199074661 -0.0372652106
-0.0823687036 -0.182811957 -0.0402957617
-0.0896926984 -0.206992412 -0.0318612394
-0.0851749643 -0.166003156 -0.0400665516
-0.0933475233 -0.227354028 -0.0263716098
-0.0954909421 -0.226445618 -0.02545979
-0.101047497 -0.203388989 -0.0236255686
-0.0962289555 -0.205779545 -0.026869958
-0.0909230593 -0.173868962 -0.0340671662
-0.107394403 -0.213397096 -0.0202882519
-0.0890929739 -0.179248377 -0.0423319564
-0.0860251585 -0.172564721 -0.0387929322
-0.0860224982 -0.162465824 -0.0398759639
-0.102060259 -0.192143534 -0.0227759771
-0.101613541 -0.180091746 -0.0232980512
-0.102355147 -0.161230063 -0.0239087197
-0.161317968 -0.31262808 0.00801816533
-0.142697596 -0.302124539 0.00554534333
-0.152806103 -0.311105381 0.0111201252
-0.161102527 -0.312660661 0.00839098502
-0.169642733 -0.316265461 0.0101154339
-0.189623656 -0.320881292 0.0113990266
-0.191004165 -0.321653999 0.013461783
-0.209953073 -0.325591133 0.0171605706
-0.336395663 -0.237422953 -0.0299831023
-0.319991206 -0.223631555 -0.030045308
-0.329504472 -0.233882686 -0.0315628854
-0.329218455 -0.231399752 -0.02949779
0.211487884 -0.285843189 0.00231961414
-0.32148678 -0.228880833 -0.0352053207
-0.34063724 -0.229427978 -0.0121497512
-0.0389442582 -0.317284273 0.053665724
-0.321540832 -0.219663806 -0.0246155282
-0.323971363 -0.216763283 -0.0192109298
-0.324939961 -0.225625673 -0.0269957685
-0.336470497 -0.234969084 -0.0268750447
-0.326811501 -0.222112235 -0.0207772567
-0.326428947 -0.216741573 -0.016789949
-0.0888685237 -0.157302484 -0.0379237933
-0.0923329899 -0.148690383 -0.0352124047
-0.0511713554 -0.306614383 0.0474843697
-0.104393269 -0.168699162 -0.0240664242
-0.319486395 -0.222197803 -0.0302519745
-0.317664848 -0.217111149 -0.0270291422
-0.339353623 0.207442461 -0.0177129284
-0.319571648 -0.222231978 -0.0300708315
-0.310019489 -0.205887435 -0.0292394294
-0.313475774 -0.212265477 -0.0298926087
-0.309512589 -0.202958257 -0.0289651558
-0.306489129 -0.185793873 -0.0249698977
-0.314301644 -0.214058757 -0.0295790597
-0.316980532 -0.216199048 -0.0276228087
-0.304002064 -0.159890298 -0.014248701
-0.319575872 -0.211547315 -0.02125057
-0.315446938 -0.191662771 -0.0146791738
-0.309096735 -0.193362798 -0.0235922456
-0.303648755 -0.168296354 -0.0197768121
-0.294597248 -0.144275419 -0.020351953
-0.294521883 -0.14824278 -0.0233996697
-0.306720335 -0.181298134 -0.0214935042
-0.302508785 -0.176557137 -0.0269889512
-0.306783473 -0.186160049 -0.0248862776
-0.299217791 -0.155971667 -0.0205139748
-0.31903707 -0.202958083 -0.0166496964
-0.298681125 -0.164816923 -0.0271892671
-0.295699177 -0.156471825 -0.0293749874
-0.309040483 -0.174887937 -0.0153258303
-0.308479588 -0.177584752 -0.0166406197
-0.295644291 -0.137634768 -0.0133397448
-0.303892028 -0.161239339 -0.0153862378
-0.29441795 -0.139491967 -0.0165820008
-0.0646887806 -0.142697673 -0.0446286324
-0.0694518215 -0.140843137 -0.0429084335
-0.0609513994 -0.151104711 -0.0534508178
-0.0737439202 -0.108376983 -0.0494234146
-0.0561853907 -0.161463047 -0.0527889045
-0.0662780787 -0.120538038 -0.0441091559
-0.0602368842 -0.133099624 -0.0492312175
-0.0700292992 -0.126875604 -0.0429100405
-0.0723948614 -0.124652542 -0.042526312
-0.0777287584 -0.0946490235 -0.0410756352
-0.083770879 -0.0883769552 -0.0406130878
-0.0671448037 -0.108727457 -0.0440467146
-0.0734199256 -0.0812627993 -0.0421297725
-0.0713058727 -0.105886181 -0.0429720936
-0.0769017461 -0.0671277076 -0.0411240689
-0.0723899302 -0.114020062 -0.0425222222
-0.0746545335 -0.12681248 -0.0420749084
-0.0868751109 -0.138265019 -0.0402057879
-0.0802941323 -0.120822352 -0.041160596
-0.330492993 0.214403055 -0.0035499483
-0.0939083981 -0.127013831 -0.0420115248
-0.101773471 -0.140851302 -0.0502077072
-0.103252477 -0.137903914 -0.0507102202
-0.0988313454 -0.132653284 -0.0469952162
-0.095531017 -0.0923975883 -0.0384743865
-0.073179163 -0.138724369 -0.0425196863
-0.0807672964 -0.0975452759 -0.0409706345
-0.075010436 -0.121911586 -0.0421537161
-0.0813378124 -0.0997963308 -0.0410508326
-0.0861376325 -0.0967105229 -0.0403803654
-0.108178292 -0.0996985371 -0.0519294918
-0.0923481151 -0.106796156 -0.0390754448
-0.0999969808 -0.0955655877 -0.044797373
-0.0867806847 -0.0764939883 -0.0399336294
-0.0879724527 -0.0532770395 -0.0389398337
-0.0666019476 -0.108562136 -0.0447613529
-0.0717706407 -0.098489949 -0.0428911052
-0.0700347878 -0.0851094786 -0.0428761236
-0.0816533418 -0.0625073869 -0.0399408728
-0.0741289223 -0.0580950813 -0.0409834729
-0.0786039867 -0.0373414057 -0.0400768442
-0.0834173432 -0.0751603977 -0.0401288656
-0.0886327377 -0.0471313306 -0.0434316375
-0.0887373002 -0.0343226128 -0.0384329707
-0.163326018 -0.316034662 0.0795114186
-0.364202435 0.190328256 0.00199807168
-0.0848841099 -0.0413061636 -0.0392619677
-0.0912422367 -0.0126591148 -0.0375901831
-0.0953657204 -0.0159398021 -0.0380211544
-0.0934553486 -0.0251578046 -0.0550750843
-0.0905697778 -0.063209399 -0.0390210302
-0.0937259615 -0.0802163313 -0.0386603649
-0.0896711599 -0.0728640412 -0.03944936
-0.0942958017 -0.0381695861 -0.0424768116
-0.105126634 -0.0714309342 -0.0513628634
-0.103344818 -0.0631702588 -0.0471317484
-0.472782454 0.0772819217 -0.0165312494
-0.0985548451 -0.0484148779 -0.0385403971
-0.0944670413 -0.0269058148 -0.042224332
-0.09723127 -0.0102816559 -0.0449627579
-0.095980657 -0.0162756937 -0.0382096957
-0.0965563628 -0.039765933 -0.0384209937
-0.0934303133 -0.038503219 -0.0381103016
-0.0992720002 -0.0338959844 -0.0382949685
-0.0611945115 -0.0499241678 -0.0413343873
-0.070630772 -0.0583120329 -0.0410912819
-0.0787910678 -0.0652810151 -0.0406148161
-0.0710262688 -0.0282368905 -0.0400340796
-0.0742416971 -0.0514767815 -0.0410531109
-0.0581386528 -0.0395407443 -0.0415213756
-0.0649092579 -0.0251155713 -0.0398550838
-0.0695033305 -0.0178830529 -0.0393648151
-0.0746920986 -0.0358809348 -0.0399910267
-0.0791967992 -0.0421639977 -0.0399000727
-0.0785090951 -0.0104113071 -0.0387231601
-0.0895865041 -0.0266083365 -0.0378798247
-0.0696207747 -0.0298880435 -0.0399253394
-0.108731931 -0.0963953691 -0.0443336385
-0.0922691483 -0.14524499 -0.0425769469
-0.087085243 -0.154401942 -0.0398591416
-0.0907290026 -0.126968033 -0.039532927
-0.0926495616 -0.1468363 -0.0433374971
-0.112855423 -0.117759116 -0.0491556183
-0.096792915 -0.120497931 -0.0428130176
-0.0964300504 -0.116505279 -0.042053237
-0.0951984353 -0.131637813 -0.0338661563
-0.0931111978 -0.124057633 -0.0372541076
0.376481204 -0.051861457 0.0929053496
-0.277659456 -0.102021241 -0.0159089079
-0.269354001 -0.0887429007 -0.0132072209
-0.102421482 -0.0882889701 -0.0393266518
-0.0942819491 -0.0989198343 -0.0385571799
-0.273987219 0.237665291 -0.00591811082
-0.0997331496 -0.08674043 -0.0383532914
-0.251219203 -0.0559982499 -0.0137712483
-0.253149242 -0.061322574 -0.0133245497
-0.0972074987 -0.0966121948 -0.0374554742
-0.0943716331 -0.106581351 -0.0374249403
0.307904692 0.115701487 -0.00514577153
-0.120972935 -0.0740096998 -0.0337775324
-0.229210733 -0.0487452169 -0.0128429323
-0.199485131 -0.0488537957 -0.0161709794
-0.214180873 -0.0433358092 -0.0146363614
-0.119969151 -0.0808685256 -0.0323406192
-0.231721137 -0.048620448 -0.0122095567
-0.220195455 -0.0505264305 -0.0135930594
-0.266652772 -0.0830596475 -0.0136688673
-0.2622014 -0.0765875918 -0.0132099923
-0.252835671 -0.06557368 -0.0122723503
-0.240354031 -0.056214166 -0.0122877409
-0.245899348 -0.0591436457 -0.0120976648
-0.31219152 0.224021212 -0.00493854074
-0.283385269 -0.116290738 -0.0187612109
-0.294435156 -0.147874874 -0.0231821556
-0.286588736 -0.123329915 -0.0188489824
-0.283247211 -0.115499531 -0.0226723187
-0.264897466 -0.0784924262 -0.0145596939
-0.286942 -0.125050432 -0.0199167742
-0.272150164 -0.089531932 -0.0165250597
-0.291422631 -0.138012567 -0.0217198596
-0.290146317 -0.132990429 -0.0211240923
-0.29838525 -0.147789172 -0.0166517177
-0.279124665 -0.105640229 -0.0235654665
-0.283402416 -0.115690753 -0.0231518658
-0.291080164 -0.128464416 -0.0145237571
-0.289286083 -0.129614936 -0.0183885115
-0.276220178 -0.0987016017 -0.0154586112
-0.281525571 -0.108713797 -0.0141692097
-0.283876721 -0.114431241 -0.0129155494
-0.26276919 -0.0723442425 -0.015216151
-0.268741728 -0.0819884387 -0.017086924
-0.265334866 -0.0788370361 -0.014721701
-0.240817633 -0.0383724808 -0.0141142602
-0.258563926 -0.0645799027 -0.0151263405
-0.269355994 -0.0826467995 -0.0182812419
-0.272208673 -0.0894980928 -0.0167439065
-0.281893586 -0.10925869 -0.0142209209
-0.275865355 -0.096690079 -0.0176166008
-0.272352275 -0.0898519663 -0.0168660263
-0.26954171 -0.0834871575 -0.0182435154
-0.106906847 -0.00118379055 -0.0364471335
-0.107169646 -0.0676863727 -0.0375328928
-0.107030794 -0.0807096219 -0.038835416
-0.128282375 -0.0675570357 -0.0326591483
-0.124247182 -0.0629255201 -0.0344136925
0.23962954 -0.27893207 -0.0373561436
-0.166662101 -0.0386410459 -0.0253420701
-0.212233193 -0.0393626969 -0.0151387878
-0.189051068 -0.0427624081 -0.0193670354
-0.126501719 -0.0386638597 -0.0336213944
-0.107139742 -0.0360816162 -0.0373052017
-0.11737639 -0.0568543535 -0.0361075454
-0.138070573 -0.0443765262 -0.0316863449
-0.216704952 -0.0257741645 -0.014073209
-0.195925778 -0.0174354194 -0.0174881359
-0.237307023 -0.0385207829 -0.0132283108
-0.238635663 -0.0454533487 -0.0127192597
-0.230234907 -0.0219361489 -0.0141280957
-0.23208193 -0.026918909 -0.0136685997
-0.00114150135 -0.292398752 -0.0110258366
-0.156804235 -0.0545481279 -0.0263585859
-0.134030316 -0.0674715374 -0.0300660523
-0.0437427247 0.258514932 -0.0107038958
-0.140040201 -0.0689816014 -0.0253913189
-0.190680436 -0.0520575625 -0.0163246796
-0.209013407 -0.0450976559 -0.0146144244
-0.121917097 -0.0276490336 -0.0339651088
-0.140443591 -0.0295186177 -0.0303134161
-0.144839045 -0.0361287507 -0.0291834887
-0.121784041 -0.0168213093 -0.0337284673
-0.260343198 0.241365636 -0.00283404898
-0.195058891 0.000890580963 -0.0167358254
-0.207104198 -0.00233467284 -0.0150542163
-0.221835141 -0.00870097835 -0.0142267635
-0.223387279 -0.00906671364 -0.014604289
-0.229784959 0.00357004194 -0.0221067136
-0.249118593 -0.0441793766 -0.0156789795
-0.259658043 -0.0628262781 -0.0159602862
-0.247516423 -0.038451547 -0.0165277002
-0.236228047 -0.0147914998 -0.0176750432
-0.25489988 -0.0537488469 -0.016016919
-0.26192024 -0.0649023835 -0.0162412819
-0.264638398 -0.0727892391 -0.0158959713
-0.27260862 -0.0905617812 -0.0150583213
-0.254037536 -0.0486685203 -0.0165911159
-0.257766734 -0.053217815 -0.0165650074
-0.252959245 -0.0401370945 -0.0164232612
-0.248343589 -0.0371928514 -0.0168952845
-0.271533985 -0.0801362075 -0.0152563231
-0.161294897 -0.313430398 0.0851504806
-0.261581655 -0.0641087094 -0.0162616459
-0.274241311 -0.0632178563 -0.0149756796
-0.285077603 -0.0720811387 -0.0127051309
-0.460271137 0.0938032693 0.0196600069
-0.27344856 -0.0545470672 -0.0144637695
-0.247650265 -0.0352454214 -0.0203134655
-0.235326075 -0.00674037291 -0.0244491823
-0.222309145 0.0775930248 -0.0211500639
-0.233035702 0.00694041183 -0.0320456477
-0.240958035 -0.0227120575 -0.0188067276
-0.107075852 0.106875992 -0.0319101508
-0.240419187 -0.0228795256 -0.0171562897
-0.245099192 -0.023585114 -0.0168107502
-0.26743851 -0.043189508 -0.0151541208
-0.274285079 -0.0532163107 -0.014268206
-0.245873989 -0.0204077417 -0.0163029609
-0.247930885 -0.0161282738 -0.0156926653
-0.369623062 -0.261782631 -0.0385476903
-0.368344712 -0.262060652 -0.0420828727
-0.386821199 -0.27503585 -0.0463450449
-0.383576587 -0.274524378 -0.0488869162
-0.399511229 -0.283891068 -0.0458077237
-0.414923478 -0.290593461 -0.0347577654
-0.420778301 0.14336261 0.00567703627
-0.396619105 -0.282116522 -0.0482555757
-0.33686393 0.209670081 0.00463464154
-0.382397601 -0.271513639 -0.0424284407
-0.366570834 -0.254714714 -0.0228006872
-0.369131484 -0.254161142 -0.013942787
-0.381508181 -0.265688036 -0.0254926856
-0.247666455 0.244741033 -0.00449424989
-0.404225277 -0.278446517 -0.00749916308
-0.354013986 -0.251473883 -0.0360469387
-0.106424055 0.0898095432 -0.0338314342
-0.343190915 -0.243094786 -0.0330156501
-0.361781544 -0.256479623 -0.0374778267
-0.348829382 -0.245707722 -0.0313422322
-0.35415689 -0.247929275 -0.028455923
-0.364582525 -0.256307579 -0.0311602539
-0.33411545 -0.236427309 -0.0316276528
-0.340540066 -0.240271907 -0.0314355724
-0.112022278 0.111345488 -0.0417173649
-0.351232191 -0.248706764 -0.0342627018
-0.356221576 -0.251127722 -0.0333420191
0.39903252 -0.117208676 0.084514083
-0.37677833 -0.268268995 -0.045320338
-0.392299766 -0.276489955 -0.042871268
-0.37091378 -0.264065588 -0.0404544325
-0.364554129 -0.255783386 -0.0303836892
-0.382101733 -0.266244531 -0.0281063766
-0.350275758 -0.241158878 -0.0193286871
-0.373370284 -0.256889966 -0.0149779115
-0.378069316 -0.259964258 -0.0111475012
-0.435582512 -0.308699597 -0.0513539799
-0.426992201 -0.301269533 -0.0483669336
-0.431190625 -0.306505394 -0.0542867333
-0.410509054 -0.291817525 -0.0487202256
-0.382839984 0.173922172 0.00869520267
-0.394910626 0.163853482 0.023006313
-0.440390469 -0.312556002 -0.0541398434
-0.423934601 -0.300995392 -0.0554434792
-0.432958275 -0.306553263 -0.0532604947
-0.421550281 -0.299369962 -0.0508819671
-0.433517 -0.30233222 -0.0355494191
-0.107534976 0.0885517806 -0.0345853431
-0.405847947 0.156846288 0.0119736989
-0.405472186 -0.288581771 -0.0515908539
-0.100709527 0.0339590781 -0.0373051402
-0.411088459 -0.291072322 -0.0465656479
-0.423857032 -0.295941515 -0.0356670183
-0.429155675 -0.297973239 -0.028703336
-0.443033197 -0.312817703 -0.0524826223
-0.437433065 -0.307025941 -0.0464367657
-0.462932966 -0.321264761 -0.0428380973
-0.414232013 -0.286940537 -0.0210107401
-0.429086918 -0.295868849 -0.00613517535
-0.462242763 -0.318445846 -0.0275186044
-0.454675003 -0.311532007 -0.00421807006
-0.444193694 -0.305721088 -0.00731109158
-0.437313003 -0.302284883 -0.0163313566
-0.415453731 -0.289496259 -0.0314067092
-0.389745149 -0.270369091 -0.024233053
-0.419543963 -0.290839161 -0.0179585193
-0.398863941 -0.274600635 -0.0125033561
-0.386032982 -0.265710927 -0.00498565607
-0.405384633 -0.279594629 -0.00631831456
-0.37946206 -0.260485699 -0.00993811257
-0.32396797 -0.223547097 -0.0266835326
-0.328995937 -0.225556872 -0.0231676268
-0.338230748 -0.235431273 -0.026395034
-0.332647974 -0.221597552 -0.0138100253
-0.350131022 -0.241214539 -0.020096045
-0.340078419 -0.228861417 -0.0122770368
-0.325223235 -0.201998452 -0.0125507169
-0.351019356 -0.238061391 -0.0113946102
-0.355755086 -0.242069194 -0.00989997474
-0.360449572 -0.246000166 -0.00819156488
-0.33680356 -0.213083275 -0.0116014147
-0.344198982 -0.225268044 -0.0110347006
-0.351023702 -0.237879979 -0.0105932786
-0.102565687 0.043505937 -0.0416398111
-0.338937099 -0.214534083 -0.0109108903
-0.321102476 -0.203502965 -0.0145180306
-0.310811665 -0.178903525 -0.0142448977
-0.301720121 -0.151467774 -0.0131477057
-0.318532176 -0.17716434 -0.0122616605
-0.310915028 -0.175797045 -0.0136436317
0.420602015 -0.169646496 0.0701138863
-0.326320459 -0.186899932 -0.0116633504
-0.325100262 -0.174702824 -0.0106010423
-0.315108783 -0.156133618 -0.0112511216
-0.446407314 0.110895735 0.0174766971
-0.331616687 -0.200600033 -0.0117693319
-0.448242687 -0.312119662 -0.0331770399
-0.292393732 -0.130438911 -0.013650745
-0.303886026 -0.152486163 -0.0130600734
-0.341714122 -0.223789541 -0.0115341326
-0.313935654 -0.164062896 -0.0118944184
-0.310822336 -0.13752709 -0.0110000704
-0.314888019 -0.148488851 -0.0107433673
-0.301958702 -0.118038121 -0.0111995295
-0.29059302 -0.126524337 -0.0135304261
-0.304162064 -0.143649788 -0.0125512843
-0.291922802 -0.11518823 -0.0129044294
-0.305985745 -0.126967391 -0.0110427004
-0.293223764 -0.108022813 -0.0125342395
-0.279852856 -0.104944604 -0.0143497991
-0.29633659 -0.104079484 -0.0116284937
-0.293378726 -0.0933450365 -0.0109842512
-0.454723037 0.101055081 0.0159877605
-0.2862631 -0.0831535576 -0.0128657848
-0.0826727086 -0.00595746324 -0.0387890283
-0.0920671839 0.0241430621 -0.0364458112
-0.0891071635 0.0160720673 -0.0372055352
-0.0939813905 -0.00151058878 -0.0366945664
-0.0982191251 0.0138538821 -0.0376148814
-0.0924991451 0.00605237442 -0.0421893271
-0.100340889 0.0303502185 -0.0372638439
-0.0967988248 0.0310920656 -0.0356705618
-0.0948815348 0.0359885958 -0.035730768
-0.0958536394 0.0535678357 -0.036660702
-0.0959771667 -0.0193101426 -0.0437802086
-0.101590912 0.00964775524 -0.0542260131
-0.169556189 0.25405918 -0.00473514819
-0.10254772 0.033726732 -0.0456878
-0.100774353 -0.0217918627 -0.0380509539
-0.104732055 0.0161371587 -0.0367602523
-0.0979982327 -0.00813311287 -0.038008423
-0.0987034177 0.00524884804 -0.0410398118
-0.100091243 0.0234624025 -0.0396875945
-0.1032715 0.0439158141 -0.0485076701
-0.103447252 0.0542702373 -0.0395324761
-0.103396312 0.0433069658 -0.0473876741
-0.100286137 0.0192942122 -0.0439759051
-0.106085675 0.0762801164 -0.0380633376
-0.106427547 0.0633522024 -0.0500047399
-0.109423109 0.0565464154 -0.0600242519
-0.099580154 0.013398623 -0.0397316821
-0.100135651 0.0260572877 -0.0375464115
-0.107769907 0.0702113805 -0.048442652
-0.104525878 0.060442187 -0.0384766546
-0.114251826 0.0714165636 -0.0340373099
-0.0725007226 -0.00924356938 -0.0392714109
-0.0737042758 0.0102219887 -0.0381198697
-0.0630797115 -0.00761401159 -0.0396463622
-0.0656094401 -0.00230694949 -0.0393621086
-0.0845836834 0.0247813405 -0.0370767139
-0.0677437686 0.0243276508 -0.0373321703
-0.069743343 0.0279384264 -0.0375840327
-0.0715832691 0.024565149 -0.0368956193
-0.331875575 -0.211345533 -0.0119518497
-0.338745676 -0.223739885 -0.0120531241
-0.0977363245 0.0446395231 -0.0350576215
-0.0914911771 0.0310634264 -0.0363280843
-0.083530312 0.0451966082 -0.035459204
-0.254779613 -0.0156182357 -0.0128831979
-0.0930046882 0.059418571 -0.0343532104
-0.079536451 0.0561285517 -0.0338399246
-0.08151563 0.0480415598 -0.0349249179
-0.0756388751 0.0679095694 -0.0320163609
-0.072728567 0.0462387302 -0.0353511281
-0.173976396 0.246354477 -0.00588793922
-0.113242127 0.0177163593 -0.0345320868
-0.138378631 0.0760995879 -0.0268101866
-0.0949852571 -0.145031845 -0.0448853702
-0.100822243 0.0599731754 -0.035356847
-0.105124364 0.0800947591 -0.0346019483
-0.105977988 0.0767974342 -0.0367029981
-0.109265143 0.0957758125 -0.0433265485
-0.109652678 0.089942189 -0.049052336
-0.105675638 0.0726746936 -0.0356990994
-0.110126957 0.0888055346 -0.0502485996
-0.108877518 0.0924173137 -0.0405036237
-0.106686191 0.0809829998 -0.0351544489
-0.108965751 0.0989948287 -0.0373819217
-0.110553189 0.105100073 -0.0352582053
-0.111467756 0.108920075 -0.0451293814
-0.111175596 0.134918517 -0.0404121343
-0.113240503 0.122222228 -0.0347815102
-0.118679376 0.143839477 -0.0261174169
-0.112817181 0.116666956 -0.0304701797
-0.110602532 0.105207537 -0.0358102495
-0.110854794 0.107935758 -0.0318084954
-0.119811216 0.147142737 -0.0254750015
-0.0966745099 0.0839294999 -0.0324020519
-0.0867020766 0.0769853747 -0.0331548034
-0.0875121113 -0.15033632 -0.0397156142
-0.10738443 0.0972592192 -0.0326071961
-0.101909824 0.0657654375 -0.0352324175
-0.072428298 0.00875539971 -0.0380074024
-0.0798590901 0.0753708968 -0.0313588487
-0.0831124612 0.0964253131 -0.0310723102
-0.100611604 0.0787468718 -0.032408645
-0.0859210509 0.0860227773 -0.0314376803
-0.0931895865 0.0682792259 -0.0332305505
-0.0988499895 0.104634232 -0.0297774301
-0.0930108007 0.123275215 -0.0286566002
-0.112718985 0.121443469 -0.0290846011
-0.10895725 0.108884202 -0.0305400338
-0.117016109 0.137973732 -0.0269012396
-0.103237538 0.133815296 -0.0275496489
-0.0917516061 0.102240321 -0.0304965611
-0.0995890432 0.135182281 -0.0276402191
-0.0920513667 0.113387394 -0.0293349699
-0.123491914 0.0973022329 -0.0300864575
-0.11612322 0.103408262 -0.0314901931
-0.44580672 0.114704499 0.00473812919
-0.121029518 0.136824595 -0.0265781137
-0.118216016 0.116240962 -0.0292292168
-0.124262077 0.154146524 -0.0242136805
-0.157152369 0.0123355144 -0.0234065075
-0.198069912 0.00954631745 -0.015966351
-0.184090833 0.0274616427 -0.0173409051
-0.205692122 0.0214100671 -0.0145673804
-0.130898878 0.0166784971 -0.029679728
-0.210753866 0.0162652128 -0.0154255216
-0.229962688 0.00989225795 -0.0314874418
-0.203945639 0.0434134426 -0.0177978862
-0.345652401 0.201609288 0.0100778598
-0.38363423 0.172506978 0.0112298292
-0.232089661 0.0101520682 -0.0368786249
-0.156071481 0.0627668156 -0.0223537629
-0.197346082 0.0391717151 -0.0150968767
-0.177779726 0.0495465536 -0.017747509
-0.181586192 0.0755265868 -0.0163559028
-0.190092992 0.0564362685 -0.0156727649
-0.207566852 0.0497509052 -0.0200979179
-0.215832769 0.0403348414 -0.0224432046
-0.221663004 0.0388437647 -0.0355644531
-0.203371591 0.0673993 -0.0213027115
-0.227178661 0.0177732676 -0.0305348311
-0.223278259 0.0289723514 -0.032165329
-0.217389259 0.0329355807 -0.0204222961
-0.236847375 0.00265546599 -0.0177490431
-0.231523801 0.00960161248 -0.0183092122
-0.240196622 0.00604184657 -0.0168227635
-0.245623346 0.00073637883 -0.0155247299
-0.239823507 0.020213611 -0.0167815571
-0.244304376 0.00974243233 -0.0162287734
-0.210689394 0.0517253346 -0.0212502693
-0.220671202 0.0288336878 -0.0200222516
-0.237763782 0.0188906642 -0.0172639372
-0.232425866 0.0255118726 -0.0185836174
-0.210799321 0.0638874394 -0.0218359469
-0.234521613 0.0255971812 -0.0181067185
-0.238720068 0.0245763368 -0.0171765947
-0.233248045 0.0443302225 -0.0185310088
-0.220384535 0.0633637857 -0.0211835324
-0.226459295 0.0484448198 -0.0200559809
-0.230220702 0.0471217919 -0.0193048707
-0.231908569 0.0710910089 -0.0204514284
-0.227224424 0.0666162634 -0.0203143491
-0.103258342 -0.125369335 -0.0464386387
-0.146554717 0.107211691 -0.0230499804
-0.180626242 0.09128446 -0.0177813711
-0.163103279 0.1173031 -0.0178316635
-0.195014074 0.0944354148 -0.0220372594
-0.204562419 0.0703016436 -0.0219153224
-0.196968145 0.0893547732 -0.022017616
-0.203486903 0.0934969544 -0.0223770739
-0.217046881 0.0919052861 -0.0216410993
-0.168411693 0.11555385 -0.0168823839
-0.175649817 0.104163164 -0.0179662059
-0.166913469 0.136619847 -0.0174670081
-0.18115856 0.118617027 -0.0200444871
-0.192766331 0.111217287 -0.0223504802
-0.377932892 0.176086101 0.0158717175
-0.189760959 0.117205319 -0.021866761
-0.200383353 0.125507921 -0.0225674636
-0.205428084 0.125844849 -0.0219903459
-0.212756427 0.138525614 -0.0198019053
-0.209004345 0.13797059 -0.0207750418
-0.258634768 0.241408022 0.000383382361
-0.211036659 0.127249955 -0.020678645
-0.204605068 0.0792771903 -0.0220378234
-0.20856754 0.0955594969 -0.0225096822
-0.218929528 0.0957365537 -0.0217041238
-0.222058126 0.0940104705 -0.0218357722
-0.223842656 0.064115366 -0.0204864492
-0.225474253 0.0780377879 -0.0209930331
-0.22052088 0.0872776658 -0.0217629567
-0.227487118 0.0696857279 -0.021041212
0.122836935 0.177748891 -0.0318915033
-0.221419412 0.0887642396 -0.0214426474
-0.217023971 0.117918867 -0.0210036469
-0.228078583 0.247803002 -0.000530261832
0.0924821894 0.191210406 -0.0299837356
-0.116621531 0.15390036 -0.0356718339
-0.120707637 0.155044987 -0.0250408246
-0.124520856 0.168525735 -0.0231148612
-0.140084495 0.168032045 -0.0196745357
-0.111342277 0.135504921 -0.0272074314
-0.11016687 0.151261731 -0.0251023766
-0.118852066 0.155080276 -0.0251436646
-0.12076615 0.157677664 -0.0248929449
-0.102673685 0.136090027 -0.0269647903
-0.107292813 0.15310157 -0.0248638203
-0.106704525 0.140788912 -0.0263157288
-0.114506044 0.153380425 -0.0249189462
-0.104121211 0.146239076 -0.0257794229
-0.112335935 0.171289856 -0.0231153822
-0.103491113 0.157467768 -0.0242533594
-0.093775126 -0.0897142119 -0.0386367335
-0.105606282 0.178514127 -0.0213709729
-0.0996317866 0.193039784 -0.0194980168
0.0148284497 0.216709133 -0.027915529
-0.00297960813 0.220791777 -0.0290360338
-0.306395954 -0.16730484 -0.014161116
-0.0302932091 0.232985494 -0.0206270711
-0.00377212775 0.235113231 -0.0184775797
-0.0285711511 0.243692867 -0.0159590104
-0.0100242233 0.236645434 -0.0183496181
-0.0137033083 0.236797904 -0.018769216
-0.0288095116 0.243495607 -0.0160233121
-0.113112195 0.208450939 -0.0202779976
-0.0709689658 0.249901885 -0.0126757517
-0.0810983092 0.238742301 -0.0157757212
-0.0954157817 0.242759463 -0.0142204363
-0.0100571413 0.229991527 -0.0237730805
-0.187754779 0.185106124 -0.0192463947
-0.0176117683 0.229685318 -0.0229573377
0.0108854513 0.224891559 -0.0230802383
-0.00801973631 0.236049136 -0.0183323645
-0.0333298045 0.241194881 -0.0164035831
-0.0327857004 0.241396426 -0.0164429434
-0.0669339207 0.22813997 -0.0173567667
-0.0834250633 0.225782048 -0.0180805641
-0.0892094633 0.209768925 -0.0185259016
-0.0813686732 -0.189939012 -0.0403657149
-0.102656895 0.194408784 -0.0203998568
-0.0989442202 0.218681598 -0.0187273273
-0.045080143 0.239952832 -0.0155667997
-0.0351381919 0.244063052 -0.0154097494
-0.0686928986 0.224854549 -0.0165714523
-0.0561676682 0.244370125 -0.013856002
-0.0843121987 0.221298642 -0.0182449012
-0.0925543287 0.199846097 -0.0192003808
-0.0343300632 0.245885825 -0.0154406563
-0.0528508465 0.242644059 -0.014666382
-0.0963025608 0.23305119 -0.0167273405
-0.117070329 0.141524818 -0.028186097
-0.114440652 0.138205711 -0.0324252726
-0.114060368 0.158651443 -0.0414391909
-0.122983549 0.171338647 -0.0276624554
-0.12525329 0.171404244 -0.0227498841
-0.148702722 0.157071777 -0.0190634366
-0.139285542 0.182159394 -0.0182849251
-0.124274995 0.173485625 -0.0229010223
-0.123868209 0.178695012 -0.0223620181
-0.129969156 0.187877543 -0.0198271353
-0.123208929 0.179525441 -0.0223277524
-0.123365643 0.198037716 -0.0207162815
-0.118952698 0.196078463 -0.0211616032
-0.11294815 0.213396438 -0.0195375863
-0.124800726 0.208202675 -0.0187651512
-0.134983785 0.184209739 -0.0188583051
-0.133389514 0.199015801 -0.0177071513
-0.151164722 0.200166226 -0.0145573404
-0.136526549 0.198771051 -0.0168778986
-0.0167261499 0.241298597 -0.0162872447
-0.0293165656 0.245488324 -0.0153179362
-0.178885059 0.255497117 -0.0035726969
-0.0272687074 0.24935575 -0.0136250154
-0.039599376 0.252093373 -0.0127722214
-0.0522259946 0.25255745 -0.0122616
-0.0387019056 0.250099663 -0.0139509525
-0.0707923896 0.263198116 -0.00940706939
-0.104408117 0.264754997 -0.00699490924
-0.0493313797 0.255560164 -0.011661642
-0.0624687008 0.262557815 -0.00950188168
-0.0901330714 0.26538472 -0.0078292286
-0.447313071 -0.316571104 -0.052572823
-0.0252955129 0.250170531 -0.0132616917
-0.0372701802 0.255171324 -0.0120999663
-0.0292459791 0.250332615 -0.0135146363
-0.0244272555 0.252603518 -0.0110962007
-0.0507306339 0.26288748 -0.00934010304
-0.0734016197 0.267325396 -0.00818560216
-0.0641255258 0.266531918 -0.00845126094
-0.0904999528 0.27415779 -0.00607422936
-0.0765920196 0.273502093 -0.00953274309
-0.0537709766 0.266665676 -0.00690337275
-0.0700190338 0.271656788 -0.0065944074
-0.0654502834 0.267680609 -0.0083077193
-0.0831518938 0.275021705 -0.00591400454
-0.108627361 0.237848418 -0.0146312925
-0.08739194 0.254772029 -0.0106766565
-0.119849208 0.210577184 -0.0194469421
-0.0771018402 0.262056478 -0.00938814438
-0.107996093 0.24812563 -0.0117289742
-0.129166878 0.206922009 -0.0176026302
-0.118695791 0.221786923 -0.0172614582
-0.0881000884 0.261633212 -0.00918317163
-0.141279734 0.218498491 -0.0136290502
-0.163066978 0.218217145 -0.0124143929
-0.157329053 0.230625166 -0.0106288839
-0.128267221 0.231013479 -0.0134993568
-0.142103117 0.234294318 -0.0108100405
-0.136657657 0.258612157 -0.00630767831
-0.163166071 0.245783172 -0.00727570918
-0.11903739 0.264628479 -0.00628885102
-0.111597067 0.267958403 -0.00640228914
-0.0934244995 0.27010794 -0.00666889684
-0.129311242 0.266460846 -0.00524714373
-0.143517864 0.261888103 -0.00513629355
-0.135123625 0.270279809 -0.00897734859
-0.101815282 0.282727832 -0.010538032
-0.116665968 0.272184548 -0.00769650626
-0.109115585 0.278223104 -0.00963312904
-0.0897775727 0.274513722 -0.00595380127
-0.115340487 0.272235167 -0.00725693096
-0.0947962808 0.282902581 -0.00763671128
-0.129829942 0.273640896 -0.0107671683
-0.143840504 0.268573927 -0.0089861933
-0.164401359 0.262601878 0.000665427782
-0.130899532 0.274048372 -0.0111292503
-0.131561273 0.266184684 -0.00517138103
-0.153449545 0.263568249 -0.00570687879
-0.13892174 0.139775541 -0.0223101318
-0.16289192 0.148901815 -0.0171491368
-0.160999286 0.161620202 -0.0170825452
-0.172590077 0.154674588 -0.0189638496
-0.182365176 0.173090494 -0.0199056156
-0.187859823 0.134836299 -0.0214680164
-0.188350574 0.155699731 -0.0214107831
-0.197509007 0.147687394 -0.0220734759
-0.190420275 0.175036691 -0.0206404549
-0.205280759 0.147070978 -0.0209436852
-0.204756779 0.151319768 -0.0201782015
-0.0318444362 -0.280809451 -0.0575732202
-0.195034113 0.162405827 -0.021611355
-0.201392439 0.160804799 -0.0197504196
-0.187753703 0.185093604 -0.0192463803
-0.159499094 0.180168011 -0.0163694322
-0.151032442 0.204904799 -0.0143818319
-0.166590504 0.198549701 -0.0153722026
-0.178000597 0.212381256 -0.0139395342
-0.183312848 0.194990915 -0.0179313945
-0.192432736 0.177219071 -0.0216802863
-0.189349442 0.19286103 -0.0202220543
-0.189330659 0.212153584 -0.0158517062
-0.194621323 0.196536751 -0.0185536194
-0.186988519 0.189995182 -0.019153689
-0.18512136 0.198207721 -0.0179143956
-0.191533684 0.209919077 -0.0165280029
-0.188166313 0.185313571 -0.0190037073
-0.185349178 0.195787875 -0.017897327
-0.203098461 0.234227365 -0.00985611593
-0.201206994 0.227057237 -0.0124301412
-0.215794108 0.2430446 -0.00717761977
-0.21950772 0.242749752 -0.00759898415
-0.240902504 0.243351884 -0.0101188392
0.170834563 0.0946367699 -0.0442066983
-0.2317519 0.245228798 -0.00650375519
-0.194875062 0.221200963 -0.0127701923
-0.221877168 0.248132996 -0.00344527183
-0.296643068 0.229851378 -0.00441605471
-0.269727037 0.238980053 -0.00410991504
-0.247780368 0.244407925 -0.00102451702
-0.255850418 0.243175171 -0.00410278894
-0.278972193 0.235792968 -0.00101025387
-0.247829713 0.24428807 -0.00541162553
-0.261154398 0.241252802 -0.00532499882
-0.303708783 0.227151246 -0.00265639601
-0.307271637 0.225593966 -0.00591690126
0.140956517 0.162440677 -0.0351669165
-0.309306339 0.224833723 -0.00802594799
-0.311749128 0.224042839 -0.00244997655
-0.277734729 0.235902526 -0.00720908779
-0.291175126 0.231907619 -0.00760805426
-0.3024483 0.227821604 -0.00766183894
-0.292957728 0.231602065 -0.00756594854
-0.171999627 0.225996091 -0.0100358373
-0.188962152 0.249780502 -0.00442620787
-0.186349455 0.253659465 -0.00362891704
-0.202994341 0.239992718 -0.00721198463
0.0559964871 -0.0244920143 -0.107561287
-0.191644644 0.245203705 -0.00558388653
-0.217433679 0.243332001 -0.00705204448
-0.228955818 0.247808693 -0.00411086299
-0.213919058 0.249530857 -0.00307897811
-0.209210217 0.250274109 -0.00321592413
-0.201402871 0.260396667 -0.0103571176
-0.233459913 0.247351116 -0.00430599527
-0.230876055 0.248280309 -0.00471386185
-0.221978446 0.252445915 -0.00600567704
-0.234193202 0.248202814 -0.00472865146
-0.172724354 0.258095064 -0.00467391053
-0.149658793 0.27259398 -0.0130543591
-0.169320003 0.262749115 -0.00741624101
-0.111597067 0.267958403 -0.00640228914
-0.190059727 0.26630901 -0.0126105285
-0.207079895 0.254050244 -0.00576075171
-0.192538902 0.26132332 -0.00986481878
-0.212609104 0.252157015 -0.00432638354
-0.264223229 0.239766904 -0.0068416492
-0.260202262 0.241753491 -0.00542259173
-0.276694193 0.237005467 -0.00513389075
-0.243443217 -0.0467674246 -0.007040761
-0.255649902 0.243352272 -0.00455976088
-0.120270414 0.246847446 -0.0110632771
-0.258766352 0.242277918 -0.00524387057
-0.131846321 0.227745537 -0.0133166279
-0.289000467 0.233128402 -0.00610774171
-0.308731167 0.225247655 -0.00743571468
-0.280492806 0.23581605 -0.00284553563
0.248222203 0.0729034183 -0.0317283508
-0.311749128 0.224042839 -0.00244997655
-0.293721101 0.230424506 -0.000741951665
-0.29363916 0.23143434 -0.00324608924
-0.477006953 0.0677934649 0.00245307004
-0.465438277 0.086650553 0.0227248243
-0.47106031 0.0794382646 -0.0228517611
-0.469696879 0.0831269632 -0.0176220942
0.261782799 0.0423401702 -0.0365540031
-0.466447953 0.0914924222 -0.0229677295
-0.374272361 0.181668509 -0.0141587499
-0.381240931 0.177263526 -0.00927843243
-0.382874699 0.176213311 -0.0121793557
-0.405242731 0.160555904 -0.0135088312
-0.390699558 0.171077513 -0.01532191
-0.385430476 0.172849971 0.000997435321
-0.402951153 0.160020539 -0.000349792421
-0.447056515 0.117208588 -0.00899163735
-0.45443295 0.108680697 -0.0209797124
-0.466092937 0.0905114544 -0.0225489461
-0.460274922 0.1001324 -0.0249260996
-0.462168989 0.0986773655 -0.0260164074
-0.455451259 0.108847078 -0.0258745822
-0.461113657 0.0963272567 -0.0168594392
-0.44152222 0.125306462 -0.0146336377
0.0601951867 -0.0348103472 -0.109600571
-0.453497452 0.110492385 -0.0186410148
-0.453512883 0.109590828 -0.0244900247
-0.447564774 0.11737567 -0.0218621687
-0.449849121 0.118359125 -0.0250213612
0.352877533 0.166080416 0.0837435999
-0.450606245 0.114885479 -0.0194522963
-0.455457298 0.102927855 -0.000133670499
-0.40548475 0.162955194 -0.0200573279
-0.41547895 0.153044884 -0.0152006418
-0.435102312 0.136266323 -0.0260589047
-0.430489299 0.139906409 -0.0172161728
-0.437886926 0.132149698 -0.0210455011
-0.443231539 0.125696401 -0.0251790922
-0.424787776 0.144250299 -0.0123581948
-0.409798663 0.155398974 -0.00596136693
-0.402590355 0.161846223 -0.0110290397
-0.41033351 0.158483628 -0.0188562097
-0.422063863 0.148755258 -0.0216833055
-0.421867628 0.147556912 -0.0165915761
-0.426405942 0.145602827 -0.0271101648
-0.050722068 0.257981473 -0.0108849944
-0.423085938 0.148261774 -0.0214850211
-0.432304148 0.136463353 -0.0142275507
0.337096196 0.143922735 0.0656982954
-0.165980886 0.140455394 -0.0171526474
-0.444994194 0.123872778 -0.0231306346
-0.401899661 0.15917654 0.0112957451
-0.438312385 0.132425623 -0.0218693226
0.429423451 0.156015612 0.069518516
-0.484003417 0.0513440774 -0.00069954613
0.388589017 0.0622121969 0.0841143495
-0.481009643 0.0673181312 -0.0193471259
-0.484544665 0.0600844187 -0.0119530186
-0.483708681 0.0558788894 -0.00252944572
-0.162637 0.152354095 -0.016880709
0.225095329 -0.00960236968 -0.0380235111
-0.1926058 0.0808026047 -0.0195631812
0.00993721329 -0.29261997 -0.0114919683
-0.471062175 0.0801243473 -0.0233129888
-0.485320002 0.054612379 -0.00349282398
-0.478772219 0.0661560269 -0.00945516036
-0.474998218 0.0757050767 -0.0246455716
-0.0143092484 -0.256979789 -0.0477042222
-0.173618071 0.103866493 -0.0173805103
0.0628020542 -0.293215434 -0.00404657666
-0.469766143 0.0813695053 -0.00804271171
-0.376356591 0.182015515 -0.0133185992
-0.171976087 0.103630218 -0.0170613243
-0.391628748 0.174189596 -0.0233660375
-0.376999886 0.183171466 -0.0167352835
-0.366185566 0.190360714 -0.0132517995
-0.374515516 0.181993428 -0.0140280491
-0.370022958 0.186177635 -0.00676920018
-0.366449735 0.189678568 -0.00783342543
-0.369568549 0.185012833 0.00383739971
-0.351691342 0.201449348 -0.0129021315
-0.338167416 0.210438913 -0.00770597336
-0.320765947 0.219798484 -0.00333515895
-0.363269273 0.193459075 -0.0127175245
-0.362592606 0.193064064 -0.0155365548
0.257536602 -0.291283841 0.0489839478
-0.357276433 0.196812453 -0.00371426006
-0.330664465 0.214309306 -0.00249023732
-0.3212237 0.219549989 -0.000509038391
-0.375286201 0.172568825 -0.0183029014
-0.37717295 0.183230543 -0.0169540659
-0.389745392 0.175870532 -0.0200154122
-0.376409504 0.182142423 -0.0135297209
-0.333544751 0.213828606 -0.00982094085
-0.323870161 0.218700648 -0.00741349379
-0.359001413 0.196346099 -0.0110704428
-0.336646561 0.211230645 -0.00967011664
-0.312102509 0.224339067 -0.00692910615
-0.324526314 0.218927355 -0.0089914606
-0.337318495 0.211233137 -0.00856641345
-0.326008242 0.217612551 -0.00932808156
-0.330478635 0.214961471 -0.00507426437
-0.362503079 0.194058364 -0.0126754305
-0.355793669 0.199687809 -0.0104744926
-0.357254348 0.204683339 -0.0155736466
-0.345718429 0.211124141 -0.0151180324
-0.356307335 0.199154523 -0.00975564992
-0.37227121 0.187514321 -0.0151339364
-0.370022958 0.186177635 -0.00676920018
-0.349865051 0.202687332 -0.00646198041
-0.359622498 0.193320861 0.00238227988
-0.394850321 0.168915824 -0.0171116662
-0.400963165 0.167165804 -0.0210844027
0.37530341 -0.0104167674 0.0976984161
-0.405583339 0.166614314 -0.0233723322
-0.399065571 0.164798496 -0.0106409313
-0.408378149 0.156853785 -0.00563011221
-0.424758976 0.140412668 0.00154304261
-0.38743637 0.176780175 -0.0179454056
-0.398400368 0.169087211 -0.0196233309
-0.308819412 0.225209212 -0.00742250993
-0.324951415 0.217110023 0.000328927175
-0.00791272523 -0.303036465 0.0175919591
-0.0280899309 -0.301817618 0.0138953726
-0.0522209814 -0.301032626 0.0218521401
-0.00864551658 -0.305316823 0.0268599687
-0.0224338679 -0.309027688 0.0429666151
-0.0332312518 -0.306560722 0.0362133325
-0.0249500994 -0.313482724 0.0499448556
-0.0324310695 -0.310422946 0.0483920548
-0.0640079933 -0.303653069 0.0474867428
-0.0545857212 -0.317910479 0.0564399311
-0.22044082 0.0396351233 -0.0201227235
-0.0577846427 -0.315483675 0.0550433635
-0.0747968216 -0.31168503 0.0552259256
0.271223296 -0.0102544 -0.0399773485
-0.0815598625 -0.293248426 0.0141942565
-0.115116878 -0.304499406 0.0195472541
-0.187322609 0.188781255 -0.0191898925
-0.0840572606 -0.297435411 0.0335559376
-0.135381669 -0.311017384 0.018238074
-0.149420785 -0.314330874 0.0429330772
-0.248960976 0.24651074 -0.00650978056
-0.126305706 -0.30846957 0.030201168
-0.110925387 -0.311568291 0.0628158473
-0.10410319 -0.303731855 0.0562442665
-0.130148051 -0.309654158 0.0369632561
-0.140649438 -0.312329457 0.0446498983
-0.0386910288 -0.308024648 0.0465603755
-0.0628383599 -0.304976064 0.048984948
-0.0759014569 -0.301194139 0.0485772142
-0.07994179 -0.309004081 0.0558533568
-0.083521801 -0.31214363 0.0581333721
-0.0891445918 -0.30319889 0.0533237938
-0.111101342 -0.308666901 0.0615247534
-0.0933468551 -0.300574058 0.0525694693
-0.132789869 -0.310581909 0.0691993057
-0.123570138 -0.308474605 0.0647872369
-0.112068773 -0.302926858 0.0646018568
-0.133631012 -0.313438775 0.0711382552
-0.133863697 -0.31209801 0.0700199068
-0.153457367 -0.314806429 0.0765352522
-0.141027035 -0.307664633 0.0801166927
-0.169393142 -0.318459777 0.0239388679
-0.188811532 -0.322525496 0.0159389554
-0.188988376 0.222713892 -0.0126816763
-0.181989994 -0.320328024 0.0344382687
-0.203491265 -0.324795783 0.0201557916
-0.222379301 -0.327578974 0.0194903255
-0.211316714 -0.326222721 0.0166492965
-0.223938295 -0.327383915 0.0182416553
-0.165049934 -0.317384508 0.0325148714
-0.167714598 -0.317521822 0.0446099239
-0.19407206 -0.321172664 0.0646673154
-0.212955729 -0.324453848 0.0413434391
-0.226528098 -0.325914763 0.0690224957
-0.233900632 -0.328658471 0.0247549207
-0.242911012 -0.332733463 0.0191639894
-0.230089664 -0.329338537 0.0176273157
-0.242389293 -0.332269442 0.0206737455
-0.231789589 0.0232426056 -0.0184024089
-0.185276293 0.0667093673 -0.0160548484
-0.252128496 -0.335645985 0.022865445
-0.245157558 -0.330006483 0.0497916893
-0.251866933 -0.334406708 0.0250213854
-0.258209594 -0.334155259 0.0307602847
-0.256836445 -0.332710149 0.0507751855
-0.260417273 -0.335150824 0.0418346916
0.378832164 -0.0780007105 0.0891811542
-0.226508992 -0.327340456 0.0286091753
-0.243908239 -0.332457091 0.0177920497
-0.226575392 -0.326069987 0.0432575751
-0.236963975 -0.328821368 0.0455744502
-0.24865955 -0.330390345 0.0442910239
-0.258603352 -0.332407306 0.0510930519
-0.26128485 -0.333495501 0.053923686
-0.253638621 -0.331208296 0.0712661814
-0.178541105 0.261436684 0.00435694551
-0.246351473 -0.329662448 0.0794618987
-0.174869237 -0.318063024 0.0704348767
-0.166081052 -0.31678014 0.0760109633
-0.154592404 -0.316508247 0.0773267333
-0.174842878 -0.318557358 0.077715195
-0.192797965 -0.320755297 0.0873969056
-0.172868093 -0.31849803 0.0804646992
-0.165107191 -0.316242731 0.0813100703
-0.176300886 -0.314482178 0.0923581382
0.411792999 -0.256973706 0.00112906819
-0.197424227 -0.320125186 0.0943790884
-0.196890339 -0.321126844 0.0752659167
-0.210327987 -0.323462175 0.0864568698
-0.186689967 -0.319966427 0.0817570847
-0.205809092 -0.322938726 0.0892292486
-0.213400178 -0.324157079 0.0945412605
-0.228226973 -0.326310207 0.0952838531
-0.237664921 -0.328444358 0.0995209853
-0.190411352 -0.320290995 0.0890937782
-0.204763634 0.0656293286 -0.0212088515
-0.199637528 -0.319557351 0.0976802896
-0.207202532 -0.32194744 0.0966900874
-0.226976763 -0.326533716 0.0969862702
-0.222207314 -0.324347674 0.0978144625
-0.226713995 -0.326244234 0.0958438544
-0.22073431 -0.324933459 0.0872754659
-0.240295958 -0.328668657 0.0867143734
-0.257585252 -0.332652878 0.0643601825
-0.260728204 -0.33325306 0.0752379524
-0.260679361 -0.333195663 0.0751231
-0.253816176 -0.332178843 0.0837818799
-0.260735293 -0.332376193 0.0873889246
-0.240531733 -0.328151634 0.0967706489
-0.245743033 -0.32907042 0.0987927127
-0.256733648 -0.333391421 0.0926962509
-0.217694131 0.0241739817 -0.0187355578
-0.228932805 -0.326347101 0.0855467881
-0.253398148 -0.331660055 0.0890736283
-0.244897609 -0.329070019 0.100717748
-0.240081415 -0.327655415 0.0888401111
-0.237617709 -0.328238991 0.0983127732
-0.245919745 -0.329066465 0.098780546
-0.448345985 -0.308135859 -0.00575126769
-0.467753381 -0.318429522 0.00369155317
-0.458564809 -0.31426939 -0.00795949647
-0.461637032 -0.315189207 0.00847829407
0.415985547 -0.245178037 -0.00262305437
0.403789786 -0.23919441 -0.0100262137
-0.455246586 -0.313192862 0.0248158612
-0.468622469 -0.319479839 0.0120465503
-0.196378268 0.0543937032 -0.0172494327
-0.461406924 -0.31478221 0.0210369036
-0.213571822 0.00571643637 -0.0142076593
-0.196403291 0.0412606138 -0.012816434
-0.449627797 -0.310282712 0.0219458527
-0.483504628 -0.327975762 0.00819702048
-0.118231792 -0.306311493 0.0352728797
-0.456519389 -0.312012115 -0.000676488871
0.381963289 -0.2749676 -0.00476608871
-0.475479386 -0.321866119 0.00810082074
-0.203470265 0.0259110491 -0.0148501791
-0.123207388 0.157833139 -0.0237029152
-0.467860081 -0.319857738 0.0186840637
-0.474081046 -0.320554735 0.0079473251
-0.00110943241 -0.306865999 0.0359769343
-0.245487511 0.245558365 -0.00423541328
-0.0111570726 -0.308281542 0.0408223174
0.43014065 -0.231701794 0.0446304997
-0.0454765324 -0.305269292 0.0506505223
-0.0590667254 -0.301449868 0.0527701574
-0.015024777 -0.297874686 0.00235091798
-0.0447746981 -0.262497639 -0.0388541704
-0.0383457948 -0.298307145 0.00635332277
-0.0214873346 -0.250888465 -0.0475022174
-0.0311791113 -0.268059338 -0.0442196887
-0.0519259436 -0.224544728 -0.04498758
-0.0531967309 -0.246722913 -0.0431283613
-0.0571953388 -0.283638122 -0.0122582579
-0.0774099244 -0.293240144 0.0112422116
-0.0534540366 -0.232206497 -0.0445766027
-0.0675297483 -0.255681219 -0.0270552521
-0.0767100128 -0.258905209 -0.0187422249
-0.0662213303 -0.222784534 -0.0422648449
-0.0791739604 -0.239452549 -0.0295233467
-0.0107138361 -0.304742533 0.0249684355
-0.0302898489 -0.307314781 0.0410724871
-0.0547357 -0.301030874 0.0250374965
-0.0785794364 -0.299431243 0.0413288216
-0.0532994207 -0.305308403 0.0447516252
-0.0752314664 -0.296310702 0.0550939981
-0.0849991274 -0.292264485 0.0595076793
-0.0815598625 -0.293248426 0.0141942565
-0.0826354827 -0.297967433 0.0369088386
-0.0851214656 -0.298862663 0.0495156996
-0.0854931205 -0.281401539 0.0715956465
-0.126589832 -0.307845104 0.0186346044
-0.121416438 -0.293826427 0.00846201214
-0.11534268 -0.30474813 0.0275411328
-0.0844917039 -0.295922831 0.0256503589
-0.0803547419 -0.275389583 -0.0032346107
-0.0829257543 -0.293353481 0.0148802487
0.0868586018 -0.306956556 0.0555964666
-0.0857662681 -0.245743924 -0.022288201
-0.0908004453 -0.222042181 -0.0286753092
-0.270822482 0.238756527 -0.00467573825
-0.0863650208 -0.234201217 -0.0281733407
-0.113358573 -0.287910705 0.00550368803
-0.0991931176 -0.254231458 -0.0145329396
-0.093752855 -0.270776935 -0.00396179738
-0.0992088393 -0.298518398 0.0191020811
-0.0892682259 -0.259553392 -0.0124204231
-0.0951492005 -0.237983006 -0.0226466526
-0.0929536513 -0.22926846 -0.0258437352
-0.0980180133 -0.218102979 -0.0244620654
-0.106387241 -0.216667867 -0.0196266956
-0.0924728014 -0.298769 0.054188827
-0.0878678133 -0.296896245 0.0536882274
-0.0845034132 -0.295154738 0.0257179229
-0.085335155 -0.278017843 0.00122286343
-0.0951288861 -0.300570846 0.0413198352
-0.121374183 -0.307843257 0.0634435523
-0.0166898519 -0.309643685 0.0475674244
-0.0122588535 -0.308720899 0.04974264
-0.0639828681 -0.303748506 0.0479168822
-0.0454763229 -0.305271243 0.0506477946
-0.00567285498 -0.308873407 0.0462311998
-0.0277104919 -0.308540431 0.048755938
-0.0683533756 -0.301193567 0.0516439251
-0.0869922499 -0.29940522 0.0497777468
-0.0606228251 -0.301646977 0.0521977807
-0.0867449913 -0.292996259 0.0594821651
-0.0848158596 -0.296995663 0.0528767577
-0.0624601282 -0.300361509 0.0547744705
-0.0822906279 -0.291088377 0.0613517197
-0.0898968963 -0.27817345 0.078353929
-0.0815765551 -0.289753388 0.0626297563
-0.100570841 -0.290724998 0.0714346172
-0.0968112591 -0.286422974 0.0747704918
-0.114728511 -0.294346106 0.0792125858
-0.113168878 -0.290398169 0.0839272398
-0.107392899 -0.287979143 0.0803530448
-0.0945620707 -0.300537178 0.0418948958
-0.132553839 -0.298699006 0.0886189796
-0.121729486 -0.294661899 0.0854517532
-0.137381073 -0.299333203 0.0893974005
-0.128841214 -0.29634994 0.086857328
0.110014631 -0.308762796 0.0597959927
-0.148053081 -0.30586928 0.0889968972
-0.147272464 -0.313125878 0.0737249166
-0.11689891 -0.291731112 0.0834824542
0.0401423705 -0.316467141 0.0529602332
-0.131121801 -0.299677447 0.0840476083
-0.0892811714 -0.282120271 0.0726449596
-0.108207444 -0.290157936 0.0782048988
-0.100672412 -0.297926505 0.0614504788
-0.100881983 -0.291123334 0.0710146065
-0.0934347345 -0.282581944 0.0765885473
-0.171976087 0.103630218 -0.0170613243
-0.0941863328 -0.281603727 0.0780601896
-0.116714451 -0.295877648 0.0777815858
-0.0392166801 -0.225226594 -0.0418963053
-0.0425572325 -0.219103217 -0.0395170499
-0.053550073 -0.18889298 -0.0384540275
-0.0413305198 -0.21781573 -0.0367415691
-0.0737985257 -0.214024762 -0.0409746414
-0.0623620748 -0.202385705 -0.0437808536
-0.0756791132 -0.181788091 -0.0416739207
-0.0736383606 -0.16475878 -0.0422832003
-0.0587295419 -0.178110695 -0.0423242819
-0.0487694827 -0.193302898 -0.0324502276
-0.0591663914 -0.1686655 -0.0373405542
-0.0607811102 -0.168531634 -0.0415387757
-0.0509795117 -0.18491292 -0.032182898
-0.0619763563 -0.172869147 -0.0436814161
-0.0678480395 -0.165059821 -0.0430605826
-0.0874333677 -0.199212363 -0.0343271068
-0.0901808811 -0.170955538 -0.0348691755
-0.106946133 -0.198249494 -0.0198262138
-0.0983684038 -0.203617475 -0.0252136458
-0.117784136 -0.194674067 -0.00451887004
-0.0929412389 -0.207991702 -0.0287872724
-0.0788488438 -0.153577618 -0.0414155595
-0.10011428 -0.173109041 -0.0243406454
-0.104137307 -0.161102137 -0.0185240491
-0.0983622461 -0.129082106 -0.028786303
-0.112962941 -0.181679688 -0.00877522393
-0.108863503 -0.182953823 -0.0142237895
-0.108546225 -0.158113038 -0.0107261213
-0.183432519 -0.320743272 0.0240499717
-0.197552322 -0.322259941 0.0390806987
-0.156406375 -0.315922588 0.0240916176
-0.144685895 -0.312749513 0.0366808315
-0.173485322 -0.31842031 0.0405784723
-0.201494703 -0.323618085 0.0264788582
-0.188009972 -0.320528002 0.0518980948
-0.17325486 -0.318024531 0.0735898527
-0.164179834 -0.316721564 0.0604613776
-0.199233198 -0.321879887 0.0570256286
-0.204701904 -0.322665375 0.0605181034
-0.19407206 -0.321172664 0.0646673154
-0.215177301 -0.324780598 0.0465235917
-0.225487002 -0.325745354 0.0633491211
-0.33633409 -0.230174545 -0.00967593404
-0.326087329 -0.213122352 -0.0145915703
-0.106171488 -0.303161065 0.0397584759
-0.158868271 -0.310031996 0.0901149267
-0.150677438 -0.305467955 0.0920866897
-0.175559025 -0.314325534 0.0920784232
-0.158864896 -0.310067583 0.0899292174
-0.181840723 -0.317230745 0.0893667355
-0.197968224 -0.319909839 0.0949508065
-0.17557876 -0.317781355 0.0842723368
-0.19365253 -0.320662665 0.0876210791
-0.208475398 -0.322806872 0.0781928749
-0.20258272 -0.321741736 0.0924540228
-0.218455049 -0.324917414 0.0904190743
-0.207301838 -0.321952847 0.0966999865
-0.327696378 -0.216849033 -0.0155007897
-0.330321582 -0.21834841 -0.0141779262
-0.330321582 -0.21834841 -0.0141779262
-0.314179957 -0.18722381 -0.0147792724
-0.319630891 -0.197882645 -0.0142037822
-0.320021316 -0.195983897 -0.01372716
-0.303656619 -0.158099538 -0.0137492372
-0.301168499 -0.150125525 -0.013018684
-0.291570171 -0.132603334 -0.0112198317
-0.297128413 -0.143685233 -0.0116472228
-0.302927163 -0.155449382 -0.0133163693
-0.319630891 -0.197882645 -0.0142037822
-0.104186335 0.0976542723 -0.0283344866
-0.306280266 -0.163943814 -0.0134846485
-0.299630227 -0.147252662 -0.0125252542
-0.310719476 -0.169080997 -0.0129682041
-0.0631313999 -0.16345217 -0.043585779
-0.0617424706 -0.164323089 -0.0417597845
-0.119811216 0.147142737 -0.0254750015
-0.064306164 -0.126727155 -0.0318224498
0.0528329988 -0.306857789 0.0488417698
-0.0658856871 -0.144040009 -0.0400785238
-0.075208031 -0.146412897 -0.0421215278
-0.0747995989 -0.129951019 -0.0421295904
-0.0841056246 -0.107305193 -0.0405951733
-0.0704719166 -0.126595958 -0.0427407358
-0.071947956 -0.120481811 -0.0424351993
-0.0796449226 -0.299158991 0.0401771085
-0.0774223211 -0.0959648835 -0.0411509448
-0.0654644898 -0.103678302 -0.0287369081
-0.0663471926 -0.100442106 -0.0233226323
-0.0741052664 -0.099774341 -0.0420173318
-0.0786734558 -0.0893006314 -0.040807605
-0.0741261864 -0.077865291 -0.0288372044
-0.0819598468 -0.108464812 -0.0409362234
-0.0864741471 -0.0780576129 -0.0400226882
-0.0818967279 -0.0961167985 -0.0407388017
-0.099988167 -0.154174268 -0.0258558842
-0.101306833 -0.112655814 -0.024145308
-0.100153522 -0.155511866 -0.0257417431
-0.0999588953 -0.115497758 -0.0282648959
-0.106287483 -0.146940423 -0.0166590539
-0.110387604 -0.135866478 -0.00969641532
-0.111984253 -0.157031553 -0.00550412476
-0.0968479963 -0.0998688323 -0.0342175546
-0.103846734 -0.124449137 -0.0214575598
-0.0992389667 -0.0847047869 -0.0253029291
-0.0971546093 -0.0635795792 -0.0307523814
-0.100975744 -0.100289066 -0.0352822071
-0.105396843 -0.119778977 -0.0200101195
-0.0982598296 -0.0785211799 -0.0383229113
-0.0978980049 -0.0882023612 -0.0298493876
-0.0964210669 -0.0982668692 -0.0350564952
-0.0935192991 -0.0900664266 -0.0386802585
-0.0969287633 -0.0663734779 -0.0298885697
-0.0973606442 -0.0894373989 -0.0307997765
-0.0836165968 -0.0604700333 -0.0393475997
-0.0941108494 0.0720064563 -0.0119603381
-0.0812609618 -0.0706509771 -0.0387093202
-0.0795113995 -0.0565184602 -0.0294188299
-0.0889408664 -0.0608524938 -0.0390966671
-0.0841312852 -0.0658124221 -0.0395859055
-0.0928254004 -0.0492243328 -0.0383660791
-0.0808690576 -0.0291078818 -0.0226885193
-0.0880097684 -0.044587775 -0.0384517865
-0.0750812958 -0.0386686861 -0.0193096287
-0.0830140697 -0.0469717882 -0.0308071849
-0.0815264377 -0.0361998006 -0.0213331865
-0.0914532346 -0.0256715327 -0.0363015198
-0.0904868284 -0.0416217018 -0.0382152227
-0.0868879726 -0.0242837901 -0.0287023962
-0.0847723032 -0.0100317841 -0.0229917674
-0.0932206383 -0.0315168904 -0.0376864802
-0.0965375481 -0.0521848681 -0.0314997449
-0.105810564 -0.0596607783 -0.0374880163
-0.0946233981 -0.0712469436 -0.0383797168
-0.126169941 -0.0528550647 -0.0338519752
-0.142936131 -0.0322538251 -0.0295153112
-0.0945320135 -0.0581572799 -0.0382139439
-0.0940333292 -0.0475127241 -0.0381041276
-0.092991037 -0.0789978134 -0.0387575759
-0.0930594388 -0.0517462079 -0.0382503228
-0.100113748 -0.0372612257 -0.0163633452
-0.0932082885 -0.0302376075 -0.0376453173
-0.0995172681 -0.03475087 -0.0382041186
-0.107586643 -0.0430250746 -0.036769516
-0.120136877 -0.0292117552 -0.0341876678
-0.0940536238 -0.0484411183 -0.0381527807
-0.136052638 -0.0151660992 -0.0297301068
-0.0953683692 -0.0206958693 -0.0379954911
-0.104556436 -0.0246430607 -0.0373173929
-0.0978003727 -0.050451252 -0.0260235954
-0.0940053618 -0.0195833195 -0.0317310356
-0.236935228 -0.0588523909 -0.00761829006
-0.258742393 -0.0802059027 -0.0089908698
-0.267472637 -0.0953585875 -0.00712531131
-0.241989835 -0.0554032423 -0.0117799237
-0.252578444 -0.0780931069 -0.0066712191
-0.234538772 -0.0614945317 -0.00434830667
-0.248334241 -0.0741796173 -0.00568231595
-0.259451792 -0.0826948314 -0.00808405361
-0.284469696 -0.120730277 -0.00953927966
-0.145378527 -0.313700591 0.0206004293
-0.283370782 -0.118277047 -0.00929610387
-0.269727263 -0.0958047985 -0.00909666128
-0.273011394 -0.102505094 -0.00748935164
-0.270492729 -0.0945275212 -0.00985072376
-0.273245374 -0.10090479 -0.00857845994
-0.294901 -0.139949177 -0.0108411122
-0.287197916 -0.122806644 -0.011779006
-0.300022118 -0.147567926 -0.0130079298
-0.301720121 -0.151467774 -0.0131477057
-0.28475815 -0.115309972 -0.0132925097
-0.290501698 -0.126321946 -0.0135097025
-0.292849329 -0.130633173 -0.0135414784
-0.260660717 -0.0786278968 -0.00894319032
-0.262858382 -0.0799913959 -0.0109515081
-0.26410596 -0.081771762 -0.00589643117
-0.289765154 -0.113853622 -0.0131107684
-0.280291519 -0.105811611 -0.0142070707
-0.272699154 -0.0982911434 -0.0101052002
-0.275182635 -0.0962988668 -0.0145953915
-0.281824294 -0.103449122 -0.0140140166
-0.282794957 -0.0894210173 -0.0132026342
-0.267238313 -0.083827904 -0.0137372102
-0.269330796 -0.0836570933 -0.0151554129
-0.109719747 -0.0748042496 -0.0368033921
-0.171359007 -0.0522649439 -0.0216883426
-0.134583008 -0.0619522834 -0.0307880212
-0.208748538 -0.0436940031 -0.014903095
-0.228629111 -0.0422479405 -0.0126101062
-0.18324486 -0.0388356834 -0.0203664882
-0.199379934 -0.0275800552 -0.0170623621
-0.150531382 -0.0382849769 -0.0277690131
-0.215729199 -0.0311989774 -0.0143604382
-0.229436065 -0.0516962069 -0.00730391669
-0.21543627 -0.0182382625 -0.0139354516
-0.238211649 -0.0475046443 -0.0122910825
-0.216820839 -0.0166884708 -0.0138886969
-0.236441309 -0.0357634465 -0.0132009885
-0.230653063 -0.0251561324 -0.00922617443
-0.194062722 -0.0206773837 -0.0177515692
-0.197459424 -0.0132758697 -0.0166657898
-0.214702109 -0.00470214619 -0.0140010895
-0.218776264 -0.00699615142 -0.0139439019
-0.21730691 -0.0019240389 -0.0141464112
-0.217372255 -0.00120445859 -0.0142385479
-0.230068908 -0.022973094 -0.0138064135
-0.22928691 -0.0244487203 -0.0135653499
-0.252258797 -0.0628788675 -0.00824952394
-0.256893047 -0.0683073211 -0.0112407656
-0.239602806 -0.0406969292 -0.0129984011
-0.243917069 -0.036331156 -0.0155483762
-0.257386211 -0.0645170448 -0.0144170644
-0.248842819 -0.0435694491 -0.0156412283
-0.255237221 -0.0526334028 -0.0161149775
-0.275062754 -0.0720650227 -0.0140257286
-0.23880516 -0.0395331768 -0.00515400102
-0.23294619 -0.024000999 -0.0144033785
-0.243363902 -0.043442085 -0.0134572644
-0.08512358 -0.299046812 0.0463408055
-0.251796874 -0.0396650167 -0.0165328538
-0.262838913 -0.0428154181 -0.0153314519
-0.247839557 -0.0048024353 -0.014474283
-0.25554776 -0.0174182593 -0.0127433655
-0.410926561 -0.283420056 0.00177208882
-0.114227349 0.145907275 -0.0257537587
-0.394987111 -0.27194969 -0.00266035852
-0.39856596 -0.275906775 0.0049808571
-0.388386128 -0.269115303 0.0028466062
-0.370397286 -0.259685433 0.00529227503
-0.38038925 -0.265698584 0.00625979863
-0.391846692 -0.273153665 0.00788516748
-0.154305017 -0.315408327 0.0338650674
-0.402681916 -0.280858882 0.0110933949
-0.356621659 -0.243893774 -0.00710108567
-0.355799887 -0.244151205 -0.00594725157
0.286257969 0.0476001862 -0.0367719441
-0.357287273 -0.247806026 -0.00195836988
-0.365865971 -0.254144441 0.000434501731
-0.370785127 -0.255547251 -0.00318023932
-0.356050632 -0.247514276 -0.00120404887
-0.366068675 -0.255805019 0.00427513494
-0.339142049 -0.229993944 -0.0110165384
-0.0953674485 0.0628245931 -0.022031132
-0.37486006 -0.261434975 0.00663440758
-0.376702662 -0.261372707 0.00430844142
-0.38601061 -0.268952063 0.00871148609
-0.381033344 -0.263258375 0.00141742232
-0.370927104 -0.255444624 -0.00360602694
-0.379642877 -0.261384725 -0.00379774097
-0.350808605 -0.240629641 -0.00581893786
-0.36510805 -0.252411748 -0.000737854143
-0.356508723 -0.243881796 -0.00689746972
-0.433649951 -0.298020704 -0.00624160742
-0.418281124 -0.289316345 0.00804724515
-0.412684011 -0.288055408 0.0146402558
-0.430768039 -0.298961468 0.0169386931
0.26684112 -0.019888708 -0.0611547848
-0.434855643 -0.299785986 0.0100890982
-0.437680196 -0.303190128 0.0199087191
-0.0987777216 0.0882757107 -0.020555017
-0.431662281 -0.299997466 0.0228878519
-0.438795464 -0.304614871 0.0256498766
-0.428238714 -0.295625174 0.013762247
-0.41756275 -0.287758078 0.00208162601
-0.10362737 0.0934950332 -0.0309596702
-0.178826562 0.0693017897 -0.0169765286
-0.42308665 -0.294649765 0.0210011924
-0.417491413 -0.292856873 0.0203557928
-0.417184907 -0.290920191 0.0175845619
-0.422775976 -0.294466981 0.0220155634
-0.438890748 -0.301944356 0.00371428187
-0.43168138 -0.299990114 0.0230784974
0.143259974 -0.278118651 -0.035221298
-0.440760953 -0.304925113 0.022805161
-0.453458873 -0.310855562 0.0158441815
0.0877805833 -0.255764587 -0.0696602061
-0.423928622 -0.291738265 -0.00387000825
-0.400264145 -0.277187735 0.00680257365
-0.398805385 -0.275174165 0.00288949172
-0.399100567 -0.275477163 0.00279709124
-0.414710226 -0.285734821 0.00564687942
-0.39669647 -0.276308874 0.0116154732
-0.342085819 -0.230839372 -0.0110916941
-0.340078419 -0.228861417 -0.0122770368
-0.346811489 -0.234624572 -0.0111191261
-0.335877484 -0.221754177 -0.0121518407
-0.330981044 -0.212431458 -0.0121198486
-0.332635669 -0.210052437 -0.0115554289
0.294684867 -0.00542472265 -0.0523503229
-0.316481639 -0.180536565 -0.0127806802
-0.34606655 -0.232717547 -0.0107524472
-0.341643796 -0.23008405 -0.0118552853
-0.355400713 -0.241715268 -0.00989444717
-0.333587174 -0.204917607 -0.0111038614
-0.327062898 -0.187176837 -0.0113979149
-0.32036955 -0.189955964 -0.012384401
-0.307897816 -0.156973268 -0.0121026314
-0.314632489 -0.165797263 -0.011484022
-0.136238387 -0.310887698 0.0311661044
-0.304221741 -0.130447281 -0.0113492809
-0.300817789 -0.13465717 -0.0122149835
0.384396882 -0.104929044 -0.0539377423
-0.0938394307 -0.00258707925 -0.0366617509
-0.0967312047 0.0327707225 -0.0355390581
-0.0918324707 -0.0164079041 -0.0351269672
-0.0891471996 0.017025527 -0.021579373
-0.0900015479 -0.000160977494 -0.0270011957
-0.0942479737 0.0222798881 -0.031113073
-0.0887850981 0.0050363078 -0.0236016698
-0.091008984 0.0268772365 -0.0193617709
-0.0938470896 0.0376327434 -0.0238962896
-0.0933265905 0.0391564349 -0.0203292058
-0.0931424514 0.0512769397 -0.0145080261
-0.0887676692 0.0551638616 -0.0342179715
-0.099470959 0.0663675903 -0.0335620498
-0.0959727185 0.0532074999 -0.0267678037
-0.0929106257 0.0412855114 -0.0186965104
-0.094498953 0.0761801362 -0.00927566135
-0.0928454691 -0.0169986369 -0.0356891768
-0.0940787363 -0.000655729397 -0.0366594207
-0.093361097 -0.0143951165 -0.0318792845
-0.0937381768 0.0224636416 -0.0257413777
-0.0932423596 0.0494892288 -0.0160170413
-0.103243194 0.0299122708 -0.0366128355
-0.105794513 0.00306419246 -0.0363179035
-0.113110897 -0.0111628108 -0.0349678875
-0.135999073 0.0222953487 -0.0280943853
-0.110917346 0.0161185904 -0.0350020535
-0.0965595714 0.0534634953 -0.0281663319
-0.17835082 0.0222569783 -0.0180885546
-0.0939636334 0.00276935569 -0.0238260093
-0.0942998666 0.00156810726 -0.0235519969
-0.101628118 0.0418084477 -0.0369198978
-0.0957613744 0.0188241214 -0.0360696551
-0.0942919197 0.0720572588 -0.0121492384
-0.107195277 0.0422148944 -0.03549723
-0.130526885 0.03311629 -0.029277906
-0.134712327 0.0590823222 -0.0284142206
-0.171870932 0.0512573282 -0.0189355344
-0.190251786 0.0558953505 -0.0156838095
-0.103146233 0.0539571398 -0.0365729888
-0.104953626 0.0688681514 -0.0358033101
-0.104925564 0.0965659033 -0.0311442556
-0.101687297 0.101500054 -0.0201166158
-0.111951296 0.12142817 -0.0287027126
-0.0981624037 0.0951825663 -0.0131296192
-0.114246421 0.129803456 -0.0276081301
-0.143679435 -0.313215944 0.029253204
-0.384149859 0.171666807 0.0141683154
-0.103529326 0.109171773 -0.0171690095
-0.0969063311 0.0706256707 -0.0217617526
0.382692122 -0.16396384 -0.026846844
-0.103546443 0.0914142652 -0.031579364
-0.0996736196 0.096291794 -0.016070677
-0.0987918184 0.101809069 -0.00441451638
-0.118219445 0.116231468 -0.0292291809
-0.136165661 0.0783523957 -0.0275115271
-0.12594215 0.0984731949 -0.02915593
-0.176531504 0.0762401073 -0.0170097462
-0.170754242 0.106543001 -0.0168274734
-0.10597282 0.0773050352 -0.0352624093
-0.168637203 0.103177927 -0.0176583313
-0.17935702 0.081812752 -0.0104473495
-0.101278176 0.112938308 -0.00776945168
-0.10266882 0.117089645 -0.00649350468
-0.112261135 0.121646628 -0.0287818414
-0.110587994 0.138711346 -0.0102170172
-0.10813807 0.126030057 -0.0147581454
-0.110555918 0.139308868 -0.0096300978
-0.116933167 0.137400943 -0.0269731679
-0.147538037 0.126352842 -0.021393726
-0.166310898 0.123362374 -0.0169749796
-0.172489093 0.114145533 0.00753162252
-0.165049739 0.127639194 -0.016854988
-0.151299452 0.147947394 -0.0194749425
-0.163452739 0.155694777 -0.000737530888
-0.201061964 0.00699309309 -0.0153796434
-0.191311886 0.0263975288 -0.0160273071
-0.195483872 0.0361160147 -0.0152677679
-0.208643527 0.0145591115 -0.0145983245
-0.1983942 0.0362147757 -0.0150774418
-0.221835141 -0.00870097835 -0.0142267635
-0.209196356 0.0150216926 -0.0146501224
-0.202758661 0.029429594 -0.0113012083
-0.202169471 0.0298632291 -0.0148496886
-0.198933222 0.0351257389 -0.0139182769
-0.219746031 -0.0047936681 -0.0141647373
-0.208437885 0.0192659132 -0.0131954934
-0.198361181 0.0363285777 -0.0150891933
-0.168876044 0.212622291 -0.0130978095
-0.192987462 0.0518600798 -0.0159057758
-0.209554792 0.0232403329 -0.0161055844
0.117049158 -0.3112792 -0.0793711574
-0.212895305 0.0832342594 -0.0220053526
-0.188364351 0.0595221004 -0.0157704343
-0.200359804 0.0595322713 -0.0192029567
-0.19366652 0.0478238796 -0.0153860217
-0.191026038 0.0532188662 -0.0135592846
-0.183744314 0.066897997 -0.00665437153
-0.193217104 0.0517057921 -0.00494816944
-0.239078254 -0.00139508353 -0.0167198448
-0.245839429 -0.0204718202 -0.0163057587
-0.229020883 -0.00815371171 -0.0166049381
0.116068845 -0.311668876 -0.0795384516
-0.222725409 0.0106944127 -0.0180998114
-0.239010301 0.0165603022 -0.0167133619
-0.213593825 0.0458863886 -0.0206975475
-0.21086404 0.0395108284 -0.019363755
-0.232670717 0.0385047235 -0.0179627589
-0.228854989 0.0343019423 -0.0189695781
-0.221953805 0.0520838381 -0.0205427324
-0.182436788 0.0735038095 -0.0162124767
-0.202720525 0.0933301706 -0.0222804377
-0.184732413 0.0698506069 -0.00376735343
-0.171617885 0.105318134 -0.0116961448
-0.165112212 0.144160038 -0.00414589462
-0.168687857 0.114698823 -0.0169363122
-0.163167058 0.152381165 -0.0101560811
-0.173201738 0.133587411 -0.0181996259
-0.164335286 0.139956101 -0.0145849742
-0.206166621 0.104781313 -0.0223537729
-0.186950187 0.0919468574 -0.0191680795
-0.190649409 0.120180264 -0.0217899342
-0.186019016 0.146953352 -0.0210234344
-0.11748821 0.146101289 -0.0257403137
-0.39162159 0.16603557 0.0194239671
-0.121416479 0.170422267 -0.0232316246
0.00438733107 0.232066112 -0.0193076431
-0.0211788876 0.244119171 -0.0153476689
-0.0169765925 0.239710179 -0.0173055635
-0.031568756 0.249103876 -0.0136913029
-0.0223538155 0.242467145 -0.0122413503
0.230270572 -0.278655584 -0.0335613755
0.00101183519 0.23463455 -0.0180459762
-0.041779808 0.25356013 -0.0121357269
-0.0483108744 0.254958344 -0.0118353006
-0.0453116645 0.251911654 -0.0128472509
-0.0590931271 0.256134946 -0.011368348
-0.0979320087 0.220847612 -0.0186684026
-0.0678864842 0.250516041 -0.0125304318
-0.120120022 0.160627632 -0.013360587
-0.111053802 0.135374374 -0.0164441705
-0.116449783 0.156213572 -0.0120083978
-0.122782425 0.166143028 -0.0137853382
-0.125531948 0.177107825 -0.0219424072
-0.127605415 0.172830651 -0.0215295838
-0.146167829 0.157685847 -0.0192914068
-0.131991839 0.160644539 -0.0219516838
-0.150677898 0.170472444 -0.0175549816
-0.132903694 0.167779927 -0.0209440294
-0.154952872 0.177389995 -0.0024116429
-0.141621208 0.185342503 -0.017199188
-0.107319793 0.196327938 -0.0200065329
-0.111726855 0.195530438 -0.0203501376
-0.135714596 0.184630348 -0.0186405617
-0.108333383 0.110375039 -0.0296926359
-0.183680026 0.207728268 -0.0162155732
-0.109150213 0.217950714 -0.0182697603
-0.125338 0.218378613 -0.0159363926
-0.126727383 0.188403584 -0.0204324811
-0.128902308 0.19631069 -0.0191171878
-0.130210648 0.198532853 -0.0182180353
-0.136050015 0.184530671 -0.0185969963
-0.140544801 0.189414919 -0.0169041825
-0.135393482 0.20306592 -0.0162380897
-0.140873138 0.204050081 -0.0152242675
-0.147863053 0.19033022 -0.015791338
-0.142260252 0.204779915 -0.0148295492
-0.14262413 0.196505675 -0.0156958683
-0.013019058 0.247565402 -0.011615763
-0.0493313797 0.255560164 -0.011661642
-0.0313987611 0.24918445 -0.013652245
-0.0385288518 0.262604986 -0.00650124633
-0.0536755354 0.262948309 -0.00924561068
-0.0654239223 0.26580582 -0.0085348307
-0.0530214331 0.2574139 -0.0107292583
-0.0724650758 0.26546977 -0.00856540422
-0.0706596566 0.25911072 -0.0101979175
-0.0843862858 0.25910061 -0.00969971897
-0.0662259557 0.263386414 -0.00915534185
-0.101572999 0.265740402 -0.00721628501
-0.0795756754 0.265737894 -0.00827777352
-0.0434913419 0.261838325 -0.00812859047
-0.0458897076 0.265464354 -0.00624553731
-0.0623114259 0.272127105 -0.00371486845
-0.062138291 0.267995725 -0.00753177002
-0.098663819 0.101006631 -0.00796653104
-0.0941811869 0.0602370007 -0.0154437687
-0.0782555146 0.277302693 -0.00265790111
-0.0949456982 0.275065215 -0.00522553174
-0.0719642437 0.275136767 -0.00440943618
-0.0748293077 0.280316065 -0.000177884408
-0.0864973689 0.286083329 0.00341264862
-0.125147814 0.219017443 -0.0158207706
-0.112755174 0.250482125 -0.0101574828
-0.136119143 0.212934758 -0.0146732443
-0.133995692 0.229133198 -0.012558007
-0.109969335 0.264953711 -0.00722628008
-0.132645862 0.26387879 -0.00559071159
-0.141640967 0.26324027 -0.00467441043
-0.147596522 0.267851804 0.00359261261
-0.0934244995 0.27010794 -0.00666889684
-0.108928506 0.274490942 -0.00206529031
-0.118391615 0.273495206 -1.51023707e-05
-0.0938540006 0.275987669 -0.00496387302
-0.0864078626 0.286006594 0.00330614389
-0.103774024 0.279163885 -0.000289198553
-0.111393184 0.277054052 0.000812110063
-0.112949859 0.273182391 -0.00321438653
-0.100269545 0.281102358 0.00134487298
-0.0933014145 0.283203379 0.00119676168
-0.138227984 0.269661991 0.00225957277
-0.139829212 0.270597158 0.0044486288
-0.138237533 0.268551872 7.35874562e-05
-0.131706635 0.272185581 0.00266170479
-0.142669609 0.263566684 -0.00465212654
-0.110628342 0.276845405 0.000310950105
-0.1690459 0.161664936 -0.0179730324
-0.161607241 0.166398398 -0.00164232345
-0.102076884 0.10872285 -0.0141318197
-0.156763839 0.177142647 -0.0160394575
-0.19382291 0.143297263 -0.0216918361
-0.184578335 0.166503964 -0.0201343558
-0.183517275 0.18064568 -0.0189284506
-0.156464635 0.175827851 -0.0160233321
-0.16173339 0.190892477 -0.0153433697
-0.171293959 0.19924628 -0.0153805131
-0.179714866 0.220696261 -0.0112930236
-0.151182736 0.199595947 -0.0145632924
-0.151392608 0.199273516 -0.0145942766
-0.151422439 0.202219807 -0.0143244357
-0.171298837 0.222365694 -0.0108941296
-0.189484543 0.18799051 -0.0183353405
-0.167340446 0.189066137 -0.0160773956
-0.184825478 0.197944204 -0.0178761198
-0.188507348 0.211519382 -0.0157617153
-0.0943267891 0.0190453374 -0.0311317327
-0.225306107 0.248085493 -0.00175774506
-0.225545475 0.247994356 -0.00200258545
-0.195381495 0.235035154 -0.00787447168
-0.253744733 0.242414207 0.0033853508
-0.21141045 0.249717341 -0.00301785656
-0.233776052 0.246685922 0.00193402951
-0.238430268 0.246290136 0.0018657148
-0.247790139 0.244693605 -0.00472740012
-0.320548155 0.219725573 0.00048252924
-0.106389197 0.122168793 -0.0160153442
-0.247744104 0.244420662 -0.000994494074
-0.265595596 0.239737155 0.00269123284
-0.289020213 0.232230032 0.001368729
-0.237482335 0.246414341 0.000911849636
-0.277748809 0.235727283 0.00414034171
-0.270817432 0.236878229 0.00523930174
-0.257617742 0.240739927 0.00477111342
-0.259537271 0.240282394 0.00349124328
-0.276700196 0.235802553 0.00445085511
-0.308637052 0.225073036 0.00240989107
-0.299066818 0.22875741 0.000135955653
-0.317749169 0.219936584 0.00655422348
-0.302410199 0.226328986 0.00605965435
-0.306038519 0.224958551 0.00696299422
-0.329533429 0.212781386 0.00892073239
-0.313833634 0.221372411 0.00621141732
-0.282147674 0.233424562 0.0049838199
-0.110242037 0.117450691 -0.0290655601
-0.299106422 0.228426073 0.0079468089
-0.309871328 0.223209993 0.00729328761
-0.290124565 0.231058084 0.00576047965
-0.144335434 0.216550051 -0.01314596
-0.159684531 0.254516631 -0.00528236716
-0.164389695 0.225896507 -0.0102132102
-0.198234761 0.250432982 -0.00360275965
-0.158650979 0.264050979 0.00181394778
-0.178846293 0.260046717 0.00269968657
-0.107202398 0.106069622 -0.0303460722
-0.1997547 0.252433751 -0.00178086436
-0.227661013 0.248734674 0.00268672505
-0.220336295 0.250493404 0.00634893668
-0.0969189079 0.0743522641 -0.0215752104
-0.207895664 0.251912033 -0.000913648904
-0.212586159 0.250160509 -0.00153843915
-0.233699416 0.246709881 0.00187214453
-0.21007048 0.252157086 0.00487363868
-0.188293956 0.259516577 0.00632765006
-0.228746156 0.248738859 0.00334613947
-0.218469049 0.250352513 0.00248425228
-0.15880196 0.261393213 -0.00283688977
-0.190566638 0.253780053 -0.003524633
-0.176673181 0.26074231 0.00183130583
-0.160177918 0.266939606 0.00609481761
-0.156743873 0.266318325 0.00340915688
-0.224453424 0.248287444 -0.0030226615
-0.241535609 0.245771638 0.00452856385
-0.239757639 0.246492295 0.00412289982
-0.266266762 0.239468118 0.00699696703
-0.240315258 0.245676625 0.00118125944
-0.257621386 0.240747728 0.00468225927
-0.292475837 0.230822697 0.000494099956
-0.315230746 0.221868042 0.000691016253
-0.296201016 0.229669301 0.00232348819
-0.279744196 0.234001555 0.00681494583
-0.267667164 0.238311926 0.00682497271
-0.4765907 0.0697287402 0.00264638354
-0.465008182 0.087627741 0.0110516108
-0.473987447 0.0706322025 0.0151846482
-0.101674997 0.0803962752 -0.0323987199
-0.470824364 0.0785580673 0.0209574676
-0.0932591932 0.0471269441 -0.0184882156
-0.459527962 0.0952313632 0.0243849964
-0.0982847981 0.0527402432 -0.0344743307
-0.0949169354 0.0407322577 -0.0274150089
-0.465809792 0.0851235169 0.0226797865
-0.371676776 0.18170365 0.00883136313
-0.410266015 0.153289123 0.00893039773
-0.393121869 0.165809284 0.0120727905
-0.376633813 0.177493776 0.00936062082
-0.392848219 0.16563159 0.0132786324
-0.372833892 0.174719704 0.02041044
-0.387372098 0.167843994 0.0227150366
-0.38837204 0.164224479 0.0266077171
-0.398572665 0.157795705 0.0262258472
-0.38232423 0.17128269 0.0198212638
-0.448461289 0.109549043 0.0154943455
-0.436236042 0.129419861 -0.00106320931
-0.442801226 0.121043716 0.000120862105
-0.434951541 0.126094669 0.0161476331
-0.45474831 0.103477057 0.010041648
-0.445240741 0.11323464 0.0216672846
-0.468293177 0.0812666195 0.0156808261
-0.460801226 0.0936189077 0.0205768459
-0.105807304 0.125819891 -0.0101374544
-0.0956412044 0.0209744619 -0.0358231514
-0.461006925 0.0914698904 0.0262641489
-0.454671382 0.101639025 0.0240618512
-0.453808224 0.103668463 0.0280303109
-0.457357727 0.0973590055 0.00332882109
-0.446845672 0.112437426 0.0248440363
-0.457662735 0.096318732 0.00960201482
-0.449015162 0.107745715 0.0277233375
-0.431924093 0.128045129 0.0233506739
-0.440806018 0.118405491 0.0268115517
-0.453643076 0.102794441 0.0224202646
-0.100913842 0.0788036085 -0.0318559422
-0.447749253 0.110305227 0.0271333422
-0.448871294 0.109801523 0.0288391534
-0.441242267 0.118185116 0.0274755227
-0.416634964 0.14960233 -0.00097969524
-0.430692641 0.132888876 0.0128070522
-0.408353927 0.152845178 0.0180099853
-0.425375293 0.135615153 0.0179712396
-0.407619743 0.153691923 0.0201899612
-0.393973592 0.164884917 0.0212165797
-0.438058956 0.123802859 0.00779215156
-0.437954837 0.126199304 0.00237676368
-0.439190234 0.120841744 0.0203406942
-0.424752457 0.137055419 0.0223839885
-0.425388502 0.136795564 0.0142796035
-0.417101579 0.14347186 0.021281119
-0.433841339 0.125817217 0.0289406013
-0.183201014 0.057923084 -0.0165996503
-0.426940055 0.133223415 0.0306187606
-0.423940255 0.136192509 0.0258020453
-0.423419549 0.137367635 0.026946813
-0.415142865 0.144004536 0.0279880033
-0.406492945 0.151601594 0.028004766
-0.408196998 0.151221932 0.0250311425
-0.414863761 0.144422821 0.0290329861
-0.407957151 0.15146903 0.0255818288
-0.433041887 0.127984403 0.0264801701
-0.44364216 -0.305232704 0.0179275199
-0.4189153 -0.289450131 0.011772997
-0.481280963 0.0576200291 0.00299352306
-0.368598006 -0.253643149 -0.0025782806
-0.4814044 0.0562297088 0.00760865316
-0.182436788 0.0735038095 -0.0162124767
-0.186249713 0.0649011058 -0.0159545083
-0.479063312 0.062289348 0.0106452861
-0.482468524 0.0566173182 0.00157606659
-0.47112424 0.0757615421 0.00305476555
-0.479057508 0.0621781672 0.0106980536
-0.16845418 0.0719776343 -0.0188438826
-0.476421584 0.0692534159 0.0131212531
-0.478084875 0.0627879475 0.0160738401
-0.266742143 -0.0681288424 -0.0158016865
-0.244863959 -0.0438578385 -0.0139735517
-0.471228234 0.0763767397 0.0186070286
-0.343059055 0.204205052 0.0098231733
-0.349458068 0.201957715 0.000598177378
-0.3541817 0.196537338 0.00703324187
-0.369356329 0.184132585 0.00890580683
-0.346225906 0.201313314 0.00973636157
-0.377080724 0.174622543 0.0195187738
-0.37000898 0.182394653 0.0130463749
-0.360244434 0.190674553 0.0110857724
-0.339511189 0.20547583 0.0114635941
-0.343084982 0.204196809 0.00981580909
-0.372634501 0.178946489 0.0172820804
-0.356880054 0.193177535 0.0113363022
-0.356720661 0.193551575 0.0124398675
-0.168330327 0.0828378395 -0.01824893
-0.374488404 0.179263663 0.0141367602
-0.399089083 0.159947123 0.023569713
-0.382339972 0.172278041 0.0179809556
-0.376635442 0.176368606 0.0165196767
-0.370548064 0.180801341 0.0156982984
-0.364049346 0.187479349 0.0138503732
-0.324214547 0.216059519 0.00710249088
-0.333695817 0.211220726 0.0077429362
-0.350678301 0.198380249 0.0112602589
-0.359118812 0.191649494 0.0110468685
-0.356288231 0.195067675 0.00828660487
-0.346424177 0.201335788 0.00944836765
-0.320430043 0.219808907 0.00339002731
-0.334635846 0.211820188 0.0034150779
-0.326409033 0.21579063 0.00551301494
-0.313980661 0.221808079 0.00529776298
-0.335466462 0.210026669 0.00672585035
-0.354755837 0.196854444 0.00496675803
-0.36941952 0.184090787 0.00888498615
-0.370953003 0.182182829 0.0113986433
-0.351697561 0.200066804 0.000440401495
-0.396010386 0.163942999 0.0134511653
-0.387251043 0.169774869 0.0195584308
-0.134834687 0.0677545071 -0.0282898901
-0.367628979 0.186557163 0.0031961656
-0.371676776 0.18170365 0.00883136313
0.468994758 -0.3149657 0.0040851302
0.473413007 -0.318325514 0.0109308493
-0.202134787 0.025633618 -0.0148973614
0.448467438 -0.293261581 0.0064929658
0.468831909 -0.312595785 0.00797382239
0.467403949 -0.30999771 0.0100344007
-0.111574878 0.125460587 -0.0251626749
0.448454594 -0.293203682 0.00653304798
0.447196824 -0.291400138 0.00753886513
0.337476668 -0.31809026 -0.0556867698
0.335471393 -0.313457273 -0.0522759708
0.338381455 -0.314958425 -0.0534695249
-0.230436866 -0.0244293557 -0.0136417692
0.319127291 -0.314484901 -0.059067141
0.317714759 -0.315495556 -0.0598375818
-0.226970053 -0.0256471186 -0.0134742795
0.327963296 -0.316163985 -0.0572432591
0.314371205 -0.308155423 -0.0540197637
-0.219740002 -0.0239660441 -0.0136545117
0.32929979 -0.303363496 -0.0452613923
-0.165546645 0.0645215655 -0.0200494238
0.296347787 -0.311493279 -0.0610169004
0.299084625 -0.298613869 -0.0486890204
0.384669278 -0.311609334 -0.0294419822
0.378677674 -0.308046991 -0.0291568826
0.390809043 -0.309836459 -0.0243006379
0.394594701 -0.304878582 -0.0176108496
-0.226619395 -0.0375930482 -0.0130371284
-0.1156533 0.13530516 -0.0269776265
0.36708367 -0.309852868 -0.0371562412
0.361567961 -0.309134521 -0.0379376256
0.371932621 -0.304868195 -0.0287927764
0.388439152 -0.301184902 -0.0169117616
0.392298194 -0.303662174 -0.0174710777
-0.263287704 -0.0735927465 -0.0149728259
-0.108759697 0.0548702035 -0.0351643081
0.415987319 -0.284703974 0.00667807816
-0.116988788 0.137932516 -0.0268949812
0.430265018 -0.290632184 0.00468173004
0.402197014 -0.296381714 -0.005882328
0.403887599 -0.292677837 -0.00264835072
-0.243435747 -0.0457524664 -0.0130037685
0.402611074 -0.297057241 -0.00600666527
-0.252310156 -0.062381152 -0.0124586803
0.395886211 -0.302198022 -0.013705995
0.3894362 -0.303516801 -0.018299595
0.383704261 -0.296407322 -0.0140457899
0.38117156 -0.302335099 -0.0214963861
0.398745782 -0.293933798 -0.00497174158
-0.242324278 -0.0553471645 -0.0117950343
0.405841861 -0.282801171 0.00642346228
0.39916366 -0.282938469 0.00482028047
0.392396115 -0.286964303 -0.000644259885
0.385394531 -0.289275652 -0.00588936266
0.377452655 -0.288608117 -0.00852796353
0.38988093 -0.28235096 0.00287238487
0.381663654 -0.282868571 -0.000857876404
0.389376903 -0.282745899 0.00371182626
0.366445367 -0.313500517 -0.0404363722
0.371772942 -0.310713818 -0.0341998829
0.353135632 -0.313708613 -0.047071071
0.347924666 -0.313457893 -0.0487561457
-0.117848297 0.145443141 -0.0237791388
-0.093964814 -0.0221496926 -0.0309585785
0.372573259 -0.303201656 -0.0265775127
0.362131783 -0.305745227 -0.0339129125
0.363023558 -0.295740377 -0.0229691394
0.34506436 -0.291718694 -0.0261190392
0.352960535 -0.290105552 -0.0208055052
0.354776515 -0.313051277 -0.0452387116
0.352687687 -0.307712784 -0.0406631232
0.350207234 -0.305616896 -0.039183811
-0.0926028312 -0.0264325714 -0.0374239761
0.327220187 -0.306156358 -0.0480605901
-0.0971727087 0.0418397692 -0.0337882117
0.316209641 -0.309820298 -0.0545342605
0.317359559 -0.299442583 -0.0444705095
0.328912484 -0.288489897 -0.0284955248
0.347668067 -0.28394481 -0.0126339822
0.317277162 -0.283764486 -0.0238333829
0.30881782 -0.283923218 -0.0297955063
0.303634298 -0.283254922 -0.0177844735
0.366739539 -0.285852247 -0.00968407534
0.373462005 -0.283369219 -0.00445697822
0.352233792 -0.2835271 -0.0128093038
0.366940864 -0.284866765 -0.00273015506
0.347679374 -0.284082635 -0.012026793
0.316406645 -0.285828612 -0.00309594307
0.333910597 -0.286596437 -0.000391240946
0.314821971 -0.28722843 0.00260516599
-0.0933881788 0.0616518046 -0.00988095476
0.295457295 -0.314831148 -0.0633571326
0.30112482 -0.309489799 -0.0570447403
0.288626143 -0.313134983 -0.0634409776
0.296597075 -0.312099155 -0.0614077797
0.280388462 -0.315013014 -0.0653997849
-0.0925571082 -0.0681818695 -0.0387465838
0.257535744 -0.31723907 -0.0701732205
-0.0934162527 -0.0326667404 -0.0377951335
-0.0882173277 -0.0272483212 -0.0319234424
-0.0933587667 0.04102109 -0.0207168145
0.266565113 -0.296985565 -0.0525403986
-0.0941795811 0.00301472617 -0.0364922159
-0.0922027294 -0.0599228743 -0.038615728
0.28482539 -0.307682872 -0.0589956743
0.263230734 -0.310550518 -0.0638171134
0.217514903 -0.310299346 -0.0697369343
0.227304674 -0.304822464 -0.0642254894
-0.0965468507 0.0868861741 -0.00948060959
0.263457503 -0.312688432 -0.0650337681
0.267787092 -0.305117772 -0.0586071662
-0.0869725853 -0.0467946691 -0.0382690962
-0.0943495254 -0.0617150286 -0.0382138051
0.228970533 -0.312580417 -0.0702293403
0.23306814 -0.308591845 -0.0671925487
0.227062773 -0.304481668 -0.0639007474
-0.100841085 -0.108424252 -0.027052664
-0.183375614 0.0358419079 -0.0170397516
0.244354654 -0.294984952 -0.0540979968
0.239246031 -0.300988917 -0.059852436
0.219787109 -0.314679482 -0.0729336035
0.208231418 -0.311376826 -0.071869411
0.199792341 -0.312442093 -0.0737128337
0.190781533 -0.314003418 -0.0760329168
0.229495914 -0.313646076 -0.0710168801
-0.134602206 -0.310642167 0.0250354043
0.19319298 -0.303998189 -0.066839553
0.213833542 -0.301321798 -0.0625929811
0.220146288 -0.300961844 -0.0625782119
-0.133444398 0.0473520954 -0.028492336
0.207977454 -0.299946385 -0.0626634435
-0.102487513 0.0716474202 -0.034246313
0.191602304 -0.309324273 -0.0723922295
-0.0958021618 -0.0967450679 -0.0360565754
0.160358922 -0.314402431 -0.0788186167
-0.124310921 0.00261728302 -0.0317971622
-0.0978732254 0.0820354495 -0.0184684579
0.127673288 -0.310403192 -0.0782827804
-0.0981963263 0.00370302778 -0.0379442333
0.197730244 -0.315796658 -0.076380949
-0.0973894499 -0.104006289 -0.03300093
0.197503192 -0.313561433 -0.0741046
0.17634514 -0.291372 -0.0578324728
0.168384874 -0.300541979 -0.0663172148
0.16600799 -0.282366787 -0.0506907577
0.136586049 -0.31134314 -0.0777632601
0.160826305 -0.317152179 -0.0801265911
-0.0957765887 0.090791661 -0.00574903526
0.163954181 -0.31153313 -0.0753459909
0.18594239 -0.306174445 -0.069493108
0.181293422 -0.296267541 -0.0617042683
-0.100311028 0.0299136191 -0.0372556176
0.172341914 -0.315904223 -0.0788667224
0.166366444 -0.307146763 -0.0727041513
0.307501577 -0.292136065 -0.039613592
-0.124736535 -0.307579138 0.0205709922
0.287194837 -0.283407082 -0.0349676075
0.25938389 -0.294717885 -0.0510481267
0.226373037 -0.284425657 -0.0464080289
0.263126778 -0.283764875 -0.0403470903
0.261704596 -0.280376299 -0.0291343181
0.288716268 -0.282540101 -0.0164716242
0.279511365 -0.281835373 -0.0178972783
0.276851308 -0.283555918 -0.0106089202
0.249664804 -0.280376574 -0.0232417292
0.253361918 -0.285283679 -0.00377394853
0.225473991 -0.280357373 -0.0243015889
0.260076299 -0.286512252 0.000396111178
0.23090755 -0.287155845 0.0099968855
0.204649465 -0.277540988 -0.0423477249
0.180687268 -0.276905946 -0.0443626099
0.207717489 -0.278205468 -0.0329646927
0.199222753 -0.282601001 -0.0148656023
-0.111253666 0.109784435 -0.0314008851
0.167739068 -0.276750725 -0.042875538
0.150784199 -0.27650127 -0.0466179109
0.166152787 -0.277037793 -0.0408393288
0.172902073 -0.280309095 -0.0267490779
0.194741884 -0.283911317 -0.00926348085
0.0704937699 -0.298396103 -0.0710281414
0.0748665134 -0.301954776 -0.073559907
0.12617193 -0.307767747 -0.075739139
-0.0907982561 -0.103468037 -0.0392983807
0.10879559 -0.317835935 -0.0838058066
-0.0896482402 -0.0596036581 -0.0390532921
0.103421648 -0.313070415 -0.0805772832
-0.0832126763 -0.0764110578 -0.0401082441
-0.0987192859 0.0144261629 -0.0377388502
0.158919728 -0.29906177 -0.0666852056
0.114274899 -0.303517531 -0.0730544559
0.147054247 -0.298397336 -0.0673066945
-0.0952998587 0.00864787877 -0.0366612289
0.0963038778 -0.310652496 -0.0802589962
0.105919994 -0.300589728 -0.0718944657
0.112457036 -0.296992301 -0.0678329738
-0.0927178936 0.0308484036 -0.0223557541
0.071852459 -0.309665564 -0.0802415163
-0.0883951907 -0.0832805582 -0.0398259259
0.0829396103 -0.31342961 -0.082187919
0.0699490847 -0.313202345 -0.0819054495
0.106564023 -0.308636488 -0.0777867276
-0.108775616 0.0969180975 -0.0333064509
-0.0837363591 -0.0884992215 -0.0406211023
0.11656786 -0.301422542 -0.0714280083
0.127994667 -0.296195664 -0.0660951719
0.108012157 -0.284680027 -0.0568759293
0.0778925522 -0.306899667 -0.0771897587
-0.0814820653 -0.0613081824 -0.034588634
-0.146635748 -0.315241375 0.016527474
-0.077512546 -0.0839845963 -0.0376235592
-0.168249905 0.202105357 -0.0148443864
0.0372732184 -0.301100842 -0.073515984
0.0266628225 -0.298605466 -0.0712357935
0.0349262929 -0.295039904 -0.0682258391
-0.0708526394 -0.119170216 -0.039787654
0.0457173731 -0.309767396 -0.0802122721
-0.0713020188 -0.101379582 -0.0342610202
0.0519025923 -0.306539044 -0.077624467
-0.0790376754 -0.102231384 -0.0412795391
0.0318599397 -0.306914216 -0.0785101802
0.0500678579 -0.304123028 -0.0758335247
0.0503033836 -0.31345019 -0.0814392969
0.0363092967 -0.308723582 -0.0793966646
0.0778656806 -0.309547635 -0.0788312163
0.0854203773 -0.299719663 -0.0711506362
0.0783017774 -0.291997496 -0.0644502887
0.0512192404 -0.310128493 -0.0792165484
0.0464310404 -0.305367314 -0.0768530838
0.0477373599 -0.295251425 -0.0679868207
0.0296527498 -0.299459367 -0.0714752666
-0.0813165267 -0.108411338 -0.0409977093
-0.0827252756 -0.118023332 -0.0408951189
-0.0936160952 0.0222508372 -0.0264292751
0.0219405069 -0.307389273 -0.0797651899
0.021576048 -0.306516284 -0.0783861793
0.0176806172 -0.305781017 -0.0771569003
0.0100708933 -0.308016087 -0.0801002622
0.0290273703 -0.305808173 -0.0774939146
-0.0945715585 0.0121838938 -0.0212588325
0.0180864164 -0.295927769 -0.0679912191
0.00903126432 -0.300989914 -0.072174766
-0.00321571349 -0.295530982 -0.0666358291
-0.00602674688 -0.301406814 -0.0720706806
0.0113756784 -0.29292759 -0.0647434004
0.00614925618 -0.297664689 -0.0685598575
0.0120602645 -0.30639977 -0.0790061323
0.120206151 -0.277056985 -0.048740739
0.117373353 -0.277033418 -0.0488708296
0.134946324 -0.276713427 -0.047991979
0.141709746 -0.277110742 -0.0444730718
0.0801381633 -0.280246795 -0.0528604246
0.0947589023 -0.277491649 -0.0503887756
0.0670480713 -0.290165516 -0.0630426394
0.120439691 -0.277735525 -0.0418828021
-0.242526789 0.245842257 -0.00567572699
0.0795268257 -0.278401527 -0.0478876791
0.0670202281 -0.278757779 -0.0473572585
0.0806535905 -0.283829826 -0.0285382541
-0.166705147 0.094671985 -0.0182505233
0.144766449 -0.27737842 -0.0399213642
-0.400338409 0.159447362 0.0185634792
0.123869867 -0.28028612 -0.0318497278
0.148229201 -0.281748148 -0.0240677337
0.147231981 -0.287582335 0.000480477299
0.130502899 -0.285372799 -0.0156811527
0.110520842 -0.286647723 -0.0180134374
0.0868594774 -0.286902622 -0.0196250809
0.0631197489 -0.288753142 -0.017619916
0.0981633328 -0.291290154 -0.00235306894
0.0459818291 -0.283876129 -0.0568343203
0.0518623764 -0.278113437 -0.0511660615
0.0539679496 -0.278873961 -0.0452191481
0.0316982749 -0.276964273 -0.0480288253
-0.0936079921 0.0620698129 -0.0105856104
0.00429993038 -0.283481075 -0.0559640933
0.026898281 -0.282935431 -0.0557718863
0.0202463881 -0.275628207 -0.046918685
0.0150445526 -0.282548727 -0.0328420169
-0.00165083146 -0.27341404 -0.0463174784
0.0491811856 -0.282285037 -0.0347810137
0.0515215095 -0.289921374 -0.0167787074
0.0106598001 -0.287805636 -0.0230985301
-0.00288730248 -0.287871675 -0.0215027512
-0.0141047268 -0.287554387 -0.0214259896
-0.173905325 0.090079685 -0.0171136962
-0.442577249 0.118505968 0.00984809036
-0.310192905 -0.170472104 -0.0133110261
0.460838037 -0.304079371 0.00735461166
0.446456671 -0.290471336 0.00827407605
0.44763363 -0.290958255 0.00958965608
-0.17772181 0.0881739136 -0.0166211714
0.438042374 -0.27786243 0.00405856173
0.441192653 -0.283802826 0.00634160923
-0.306477106 -0.164919534 -0.013494693
-0.180704848 0.0776872258 -0.0162795301
0.439034357 -0.27962193 0.00495243219
-0.181497084 0.0760462406 -0.0162971587
0.4351672 -0.280837502 0.00920745609
0.434811153 -0.250071685 -0.0113373273
0.433155247 -0.241084779 -0.0164229231
0.435947453 -0.25150878 -0.0110683614
0.432198291 -0.23163184 -0.0235700925
0.429556191 -0.232441204 -0.0194027914
-0.106503023 -0.137242149 -0.016700268
-0.0923136966 0.028300281 -0.0227206783
0.435417148 -0.259065181 -0.00597051865
0.436613049 -0.271127731 0.000756208994
0.433677546 -0.275527875 0.00650758736
0.427067237 -0.270002308 0.0077676436
-0.100742477 -0.155854484 -0.0247862811
0.432171196 -0.241823716 -0.014704386
0.431278881 -0.239376552 -0.0151392694
0.427567182 -0.225916277 -0.02213723
0.427308891 -0.255152554 -0.00192675191
0.422585077 -0.261612062 0.00582498877
-0.0945480975 0.0514291833 -0.022546536
0.431429562 -0.247069448 -0.0103355068
0.425633397 -0.253259342 -0.00230097729
0.418459304 -0.258705028 0.00653548925
-0.0988674884 -0.127954757 -0.0281489683
0.426719856 -0.239334777 -0.0120303957
-0.0847747249 -0.12582968 -0.0404493011
0.425350777 -0.218881941 -0.0242499605
0.425752905 -0.228086722 -0.0187141335
-0.0928272673 -0.145474698 -0.0345826212
0.339952782 -0.302991216 -0.0411991581
0.340730925 -0.296461188 -0.0332796481
0.322118056 -0.297109887 -0.04117276
0.34579918 -0.287674643 -0.0212230246
0.319585564 -0.286741975 -0.0301690232
0.340890757 -0.285111981 -0.0194981828
0.329648555 -0.284654237 -0.0235760276
0.312661002 -0.295604685 -0.0423541849
0.327612327 -0.294020319 -0.0354741139
0.303525502 -0.294591727 -0.0434652098
-0.109870442 -0.16266308 -0.00968349914
0.305940774 -0.290680484 -0.0387796209
0.308015262 -0.286042733 -0.0329470508
0.287711865 -0.286523232 -0.0387396542
0.298449978 -0.282761224 -0.0315075579
0.309055566 -0.283523438 -0.0292671589
0.326002463 -0.284531817 -0.0244411008
0.322207849 -0.282863494 -0.0278213665
0.316820253 -0.277742412 -0.0360512384
0.29356576 -0.282277575 -0.0325353148
0.2745304 -0.276546897 -0.0414765728
-0.175078957 0.0938892649 -0.0166001815
0.299327876 -0.280049058 -0.034929566
0.284164269 -0.267228146 -0.0544995677
-0.0989268448 -0.18399476 -0.0250573311
0.295965776 -0.273752863 -0.042292663
0.296177932 -0.273909666 -0.0420722332
-0.0939473669 -0.17828561 -0.0303338528
0.291439938 -0.274206345 -0.0417232122
0.431163301 -0.276968375 0.00909551985
0.431613322 -0.279319868 0.00898028781
0.409573961 -0.285047721 0.00482339868
0.412461946 -0.278183303 0.00692789904
0.421591854 -0.280354285 0.0074932774
0.400835644 -0.290706254 -0.00193746956
-0.0835610097 -0.127101565 -0.0407472282
-0.126301836 -0.309894107 0.0170896884
0.420819075 -0.269543099 0.00765645001
0.420529065 -0.263813539 0.00794237979
-0.166379368 0.102876632 -0.0182635908
-0.0681639152 -0.183321992 -0.0430248166
0.398208764 -0.280245261 0.0057242559
-0.0712871821 -0.145222255 -0.0426253024
0.382397044 -0.297078035 -0.015732064
-0.0948547688 0.0336064883 -0.029362945
0.370224589 -0.298572506 -0.0227896126
0.378578464 -0.293213303 -0.0135423823
-0.0975099981 0.0421351035 -0.0350298981
0.37167027 -0.287315962 -0.00981540404
0.387257606 -0.289044754 -0.00520086758
-0.0691972864 -0.132457259 -0.04284492
0.381494301 -0.282880044 -0.000954238705
0.365445273 -0.284754417 -0.00917937289
0.381643356 -0.28154797 -0.0016758731
-0.0596725636 -0.139866897 -0.029954036
0.41782362 -0.253244639 0.0025315612
0.425881314 -0.242196992 -0.0100234696
0.418499924 -0.260477442 0.00760415836
0.417927077 -0.261025789 0.00747247509
0.426326431 -0.263308866 0.00378929854
-0.0645255208 -0.177092217 -0.0435175862
0.431290025 -0.257138257 -0.00454210731
-0.0975408314 0.0425728799 -0.0350434641
0.416767113 -0.252655065 0.00147327101
-0.0929910183 0.00280907186 -0.0310297361
0.424902344 -0.21970461 -0.0235321871
0.42057368 -0.231973499 -0.0139609239
-0.0598183267 -0.183715616 -0.0440459446
0.428824896 -0.229183424 -0.0204464751
-0.091007451 0.0158355552 -0.0247460907
-0.0518707329 -0.204280362 -0.0442359127
0.404285071 -0.259039992 -0.00270844368
0.377822484 -0.279230083 -0.0048194423
0.363496069 -0.283332841 -0.00814111895
-0.0428226023 -0.219130478 -0.039910001
0.395700102 -0.274285982 0.000979423247
-0.0595357142 -0.203258779 -0.044159076
-0.170626532 0.107487052 -0.0168037895
0.41338056 -0.224268214 -0.0167837449
0.412954571 -0.235314629 -0.00992183307
0.405983428 -0.240649001 -0.00909195581
-0.107738309 -0.294948297 0.0717791054
0.410686486 -0.234221468 -0.0105579884
-0.105275644 -0.302844938 0.0408115313
0.362058782 -0.295632111 -0.0235937364
0.350825461 -0.292412838 -0.0249567216
0.355578018 -0.287421213 -0.0168275214
0.360230797 -0.283392167 -0.00949248315
-0.140427667 -0.312006015 0.0642566497
0.347636502 -0.28391509 -0.0146380613
-0.140649438 -0.312329457 0.0446498983
0.332272663 -0.284197483 -0.0226654694
0.339355318 -0.284167204 -0.0193091064
-0.0535335757 -0.214172006 -0.0448521471
-0.157006213 0.205238937 -0.0143604786
0.316429807 -0.278539389 -0.0342829439
0.31781686 -0.279613488 -0.0323376197
0.309050928 -0.278917135 -0.0343307447
0.32822026 -0.282182113 -0.0267434905
0.301792231 -0.278719775 -0.0356655172
0.336153573 -0.28446533 -0.0202218196
0.41464236 -0.187570747 -0.0344464951
-0.236841603 -0.327990329 0.0756397553
0.411631644 -0.179017813 -0.0377487713
0.404651821 -0.159020467 -0.0437875109
-0.242065442 -0.330205948 0.0330724659
0.405936591 -0.162780661 -0.0417194137
-0.210683486 -0.323384232 0.0813164532
0.412160832 -0.180783537 -0.0368268112
0.413622319 -0.188704751 -0.0337644895
-0.199233198 -0.321879887 0.0570256286
-0.177873523 -0.319503847 0.044142213
0.403345769 -0.156469328 -0.0430135025
0.409346435 -0.173888902 -0.0383372397
0.400428783 -0.148444306 -0.0474215957
-0.0949324757 0.0327962637 -0.0299628841
0.40046419 -0.148623608 -0.0473246349
-0.178117992 -0.320570302 0.0172629616
0.40042439 -0.148438248 -0.0474045545
-0.223970357 0.248319445 -0.00319970934
0.397763808 -0.143728841 -0.0511982385
-0.0935531185 0.0242955832 -0.027445416
-0.155524045 -0.315206532 0.0774697651
0.423666246 -0.219148642 -0.023055402
-0.170869658 0.203553528 -0.0145128473
0.42559707 -0.213247397 -0.0292134441
0.422970731 -0.21010264 -0.0277655641
-0.0932375556 0.0155300893 -0.0287964534
-0.155895839 -0.315222671 0.0723471953
-0.0887624464 -0.299836511 0.0489317621
0.420787427 -0.200660497 -0.0344569611
0.425427549 -0.21894072 -0.0242978727
0.419686698 -0.201390877 -0.0299096049
-0.116664226 -0.306804527 0.0618107655
0.414948725 -0.1964513 -0.0312343758
-0.121395083 -0.312735489 0.0664534952
-0.162987867 -0.316459555 0.062376628
0.412052681 -0.188891411 -0.033185136
0.419344127 -0.208572863 -0.0269221735
-0.139674322 -0.312496725 0.0556005826
-0.0898243868 -0.297859521 0.0296584407
0.415978919 -0.197432729 -0.0311120674
0.415889502 -0.20654898 -0.0267436045
-0.156985046 -0.315833068 0.0454308561
0.41542586 -0.190100413 -0.0338899844
0.414211473 -0.185272378 -0.035267373
0.416722458 -0.192167666 -0.0333320949
-0.139338267 -0.312105462 0.0378341319
0.416955392 -0.19157612 -0.0333637943
0.416872276 -0.185208062 -0.0344353982
0.409818563 -0.161816712 -0.0399130312
-0.0901295871 0.00219924051 -0.0264799232
0.409854172 -0.174059242 -0.0383823047
0.407713114 -0.167307245 -0.0406288019
0.406080644 -0.163059875 -0.0416659274
-0.122990228 -0.308311826 0.0628323944
0.408655698 -0.167477622 -0.0402864924
0.40389606 -0.157932269 -0.0424489756
-0.130124585 -0.310168881 0.0518571428
0.40389606 -0.157932269 -0.0424489756
0.424574539 -0.197775633 -0.0299749152
-0.0906958394 0.0304661724 -0.0363712324
-0.117246536 -0.30663018 0.0467592909
0.422429666 -0.19773576 -0.0298696789
0.423539682 -0.219217195 -0.0229085093
-0.0988478802 0.103910702 -0.00510313744
0.422657445 -0.209075699 -0.0272102418
0.419875427 -0.187434523 -0.0324148272
-0.097379492 -0.300006167 0.0312333223
0.420929164 -0.178735395 -0.0326441429
0.416973579 -0.176844702 -0.0351830845
-0.0806448137 -0.297203713 0.0114694291
0.417692672 -0.165676119 -0.0351731906
-0.109136594 -0.303249045 0.0284527765
-0.0852731836 -0.298551561 0.0418366997
-0.1153246 -0.304911167 0.025033049
0.409442853 -0.196700051 -0.0290468993
0.402819308 -0.234615742 -0.011090161
0.402783952 -0.223369219 -0.0135511668
-0.103452026 0.112660801 -0.0127526847
-0.0947791111 0.00915387406 -0.0363792082
0.346799077 -0.282597455 -0.0161001681
0.344668269 -0.283986088 -0.0160208771
0.4029191 -0.158296767 -0.0419054239
-0.101391287 -0.299715361 0.0208623001
0.408308174 -0.183400591 -0.0341822546
-0.0899746212 -0.296079981 0.0190684142
0.285142865 -0.273516791 -0.0436864771
0.285389222 -0.275713162 -0.0407882398
0.292303707 -0.277501048 -0.0375441865
0.311404094 -0.282661185 -0.0297228134
-0.0900547229 -0.295645267 0.0172185763
0.312179741 -0.283564692 -0.0279948897
0.306778495 -0.283092532 -0.0273113258
0.293650228 -0.28217218 -0.0315870177
-0.0388032652 -0.31698451 0.0533433743
-0.17731169 0.197565662 -0.0170673057
-0.0620231683 -0.2975701 0.0168254836
0.347668067 -0.28394481 -0.0126339822
0.366259113 -0.277789024 -0.00961293371
-0.0950219448 0.0209295282 -0.0359284215
0.397566425 -0.179811886 -0.0296483691
-0.067751259 -0.29460208 0.0102960413
0.390699089 -0.183151606 -0.0238575534
0.386544258 -0.187209405 -0.0191255756
-0.162795526 0.199547169 -0.0146488564
-0.115724157 0.131504087 -0.0279295586
0.309595647 -0.283072256 -0.022865462
0.311422095 -0.283419264 -0.0186218913
0.295377216 -0.282296858 -0.0264024254
0.284452515 -0.281577759 -0.0281300575
0.284993151 -0.281531482 -0.0259323144
0.313053114 -0.283669463 -0.0179360225
0.314439865 -0.283985349 -0.0145934909
0.325421512 -0.284331014 -0.0118814682
0.29807891 -0.282770368 -0.0177421079
0.291482768 -0.28266348 -0.015780768
0.28541824 -0.281947085 -0.0191448091
0.406104402 -0.173313862 -0.0375634787
0.402825253 -0.17626212 -0.0345849049
0.390752105 -0.144738242 -0.0403118428
0.396524854 -0.146705706 -0.0429896104
0.390288337 -0.156195628 -0.0352595034
0.383270572 -0.154883992 -0.0311961133
-0.114242054 0.124727631 -0.0291745638
0.399848121 -0.146484396 -0.0460070544
0.399449424 -0.145596401 -0.0450894439
-0.29639815 -0.126008568 -0.0124070725
0.392005088 -0.133821903 -0.0456330838
-0.0886428205 -0.306714739 0.0551293842
0.378586854 -0.180158259 -0.0169034906
-0.422917913 0.145801354 -0.014823991
0.377113291 -0.143571387 -0.0319973524
0.3721563 -0.148675623 -0.0258066056
0.371801682 -0.153714319 -0.024380003
-0.349048223 0.203686809 -0.00864195716
-0.185334208 0.17725071 -0.0199173487
-0.291372079 -0.122435314 -0.0133580152
0.385876861 -0.133135221 -0.0419991356
0.368864245 -0.139059052 -0.0276374842
0.400092602 -0.146966412 -0.0466221536
0.397765277 -0.141495316 -0.0467799292
0.392837661 -0.130605051 -0.0554057763
-0.107259918 0.12928091 -0.010103612
-0.410260987 0.153723956 0.00480507204
0.391767989 -0.125562724 -0.0528302545
-0.439662395 0.127120498 -0.0157725534
-0.0979207269 -0.311032053 0.060317434
0.386972742 -0.111948263 -0.0511568711
-0.296653819 -0.136780248 -0.0129680385
0.38890408 -0.117186682 -0.050124685
0.394113612 -0.132074407 -0.0477056377
0.380807473 -0.0944086046 -0.0539570749
-0.179862299 0.182887364 -0.0186187187
0.379304179 -0.0892870224 -0.0567404147
0.382381818 -0.0987145304 -0.0556548451
-0.29140344 0.231666247 -0.00104517843
0.370901788 -0.0699934426 -0.0629513162
-0.195639223 0.255188701 -0.00481424331
0.377429077 -0.0847611061 -0.0561882681
-0.1809805 0.261405043 -0.0077662735
0.3734035 -0.0741393491 -0.0581518031
-0.0737730132 -0.301525263 0.0473906597
-0.455570708 -0.311182224 0.00747477599
0.393659151 -0.135079963 -0.0562269312
-0.111890398 0.137546389 -0.0146432111
0.393371747 -0.132614941 -0.0529889918
-0.168515721 0.185199397 -0.0170399145
0.386389926 -0.116510728 -0.0604520198
0.383532694 -0.105463886 -0.059455776
-0.31230825 -0.153332774 -0.0111279582
-0.174691207 0.165675502 -0.0190152032
-0.303927863 -0.146092063 -0.0123344382
0.390099614 -0.12144671 -0.0501135897
0.383747703 -0.10820558 -0.0593025868
0.383768978 -0.104945738 -0.0561815376
0.379225609 -0.0991860691 -0.066964428
-0.137402847 0.269730548 -0.00817942566
-0.114166732 0.147087967 -0.0115343288
-0.319888526 -0.178939149 -0.0117150623
0.37683393 -0.089778805 -0.0644645991
0.379427894 -0.0968118878 -0.0636387571
0.376551921 -0.0870355617 -0.0624910374
0.382627201 -0.0994325888 -0.0538831862
0.380737528 -0.0953494167 -0.0575054763
-0.0634314669 -0.308994239 0.0515318812
-0.12196059 0.154510542 -0.0243588356
-0.0697372376 -0.313555177 0.0560506782
-0.175382861 0.252624273 -0.00467128716
0.372501134 -0.0771124608 -0.0652795514
0.378275903 -0.0878582149 -0.0540758497
0.376487445 -0.0821350131 -0.0573556747
0.372950992 -0.076251016 -0.0619930013
0.36742566 -0.064059073 -0.0668067125
0.371456337 -0.070671765 -0.055778169
0.367709712 -0.0616230554 -0.0565482028
0.363689738 -0.0529986656 -0.0571396164
0.402947689 -0.154599954 -0.0437013805
0.400499062 -0.148628701 -0.0458043384
0.397605327 -0.141129831 -0.0461112638
-0.0639015904 0.268003979 -0.00802248948
0.400442463 -0.14891107 -0.044690693
0.391425334 -0.124101928 -0.0489807951
0.40069015 -0.145449593 -0.044430553
-0.024866107 0.2502047 -0.0131285075
0.404447718 -0.140745106 -0.0423672152
0.389922571 -0.116969365 -0.0498044706
-0.0662259557 0.263386414 -0.00915534185
0.416545048 -0.160135553 -0.0362103123
0.417645976 -0.165351394 -0.0351641616
-0.041779808 0.25356013 -0.0121357269
-0.327288573 -0.197374224 -0.0116643951
0.412006864 -0.161705849 -0.038258736
0.414679595 -0.176090809 -0.036091489
0.414746962 -0.187787051 -0.0343460433
-0.314196188 -0.171979693 -0.0124135401
-0.118343154 0.142798206 -0.0262416073
0.401581632 -0.129688068 -0.0435494791
-0.103939221 -0.303159528 0.0490346113
0.409462129 -0.1453321 -0.0387068834
0.401650452 -0.127555846 -0.0439635479
-0.169542947 0.162853744 -0.0181562134
0.398508641 -0.120156914 -0.0450960737
0.406387457 -0.164744292 -0.0412615647
0.404403633 -0.157656377 -0.0422209157
0.400442463 -0.14891107 -0.044690693
-0.339921167 -0.223817639 -0.0117613292
0.393249571 -0.160860108 -0.0354325439
0.395844467 -0.147270105 -0.0422626088
0.387330833 -0.145759864 -0.0374318397
0.396590204 -0.138196923 -0.0464440842
-0.15777187 0.189231271 -0.0154524617
0.40340445 -0.140245524 -0.0428452075
0.397646641 -0.136068022 -0.0457481
-0.338850661 -0.218308008 -0.0109725886
0.394113612 -0.132074407 -0.0477056377
0.391287688 -0.126588889 -0.0476386891
-0.438729824 0.12386275 0.0112332232
0.385485097 -0.115802206 -0.0481323649
0.39049585 -0.115270728 -0.0495950283
-0.132000001 0.13400793 -0.0239260885
0.391809958 -0.111146079 -0.0486853507
0.383088405 -0.101138353 -0.0526582658
-0.168411693 0.11555385 -0.0168823839
0.380731341 -0.0942783429 -0.0537577464
-0.121567307 0.158817374 -0.0246045753
0.380798822 -0.0939410365 -0.0537167063
0.382524445 -0.0887486937 -0.0522714974
-0.0668045294 -0.317759798 0.0572275216
0.388997455 -0.0969364921 -0.0491656874
0.396870521 -0.118283702 -0.0458985104
-0.215235929 0.0701336997 -0.02183838
0.398317233 -0.118223826 -0.0444160453
-0.21884802 0.0892956992 -0.0215706151
-0.199995295 0.259320417 -0.00875597786
-0.163155006 0.208650812 -0.0134272651
0.392910933 -0.117576085 -0.0479075123
0.386601204 -0.111204572 -0.0512386987
0.391416636 -0.108183684 -0.0482174362
0.383607474 -0.103000218 -0.0525060429
0.386335771 -0.0979014086 -0.0503799697
-0.198900909 0.130575319 -0.0218411866
0.379159337 -0.089990091 -0.0537867387
-0.0687708582 -0.300638787 0.0365874758
0.380700228 -0.0941380919 -0.0537753985
0.375976078 -0.079537749 -0.0542633983
0.376887608 -0.0840346417 -0.0547544905
-0.0570629248 -0.302425603 0.0339079951
0.386601204 -0.111204572 -0.0512386987
0.386213729 -0.111657505 -0.0507808835
0.387487363 -0.122562668 -0.0473525883
-0.333846462 -0.221567237 -0.0130930453
-0.189855055 0.138434319 -0.0217342104
-0.321550851 -0.194226995 -0.0130164559
0.381545609 -0.122085606 -0.0433128925
-0.182904133 0.161111973 -0.0204558668
0.377981454 -0.104269219 -0.0477648457
0.366262884 -0.119687766 -0.0349937436
0.371964862 -0.0973122196 -0.046064054
0.382782498 -0.103735127 -0.0515850737
-0.166176918 0.125486707 -0.0167840044
-0.184815892 0.123202209 -0.0209747223
0.379218676 -0.143970639 -0.0328036458
-0.0487601992 -0.309685778 0.0500903414
0.384079218 -0.123795624 -0.0440020703
-0.209580924 0.075451628 -0.0222190596
0.375741281 -0.131021823 -0.0356639129
-0.203062922 0.071129088 -0.0217805171
-0.199927065 0.0797065237 -0.02164336
0.373894012 -0.110689415 -0.0421332276
-0.183094055 0.108808742 -0.0200625603
0.367326267 -0.119996141 -0.0351545615
-0.192976037 0.0662013427 -0.0181448738
-0.175064198 0.0936957802 -0.0166019122
-0.212210835 0.0510766722 -0.0213278658
-0.221166646 0.0299189491 -0.0257964981
0.355864327 -0.106805088 -0.0351018059
-0.219516654 0.0273818467 -0.0200718922
0.376954607 -0.0843041509 -0.0547239721
0.363643831 -0.0964595465 -0.0428393448
0.372629372 -0.0878066672 -0.0499077262
0.37155746 -0.0726183243 -0.0552749962
0.368756304 -0.0721589963 -0.0536121837
0.357304733 -0.0664767427 -0.0501075015
0.363115709 -0.0561882736 -0.0558664632
0.357015492 -0.0753756718 -0.0478432198
-0.193457877 0.0872181804 -0.0209502569
-0.19837938 0.0736105857 -0.0207508129
-0.188598195 0.0778436773 -0.0183699328
-0.327923717 -0.204743179 -0.0125851943
0.366427005 -0.107309959 -0.0395045739
-0.333130028 -0.214947958 -0.0122682502
0.371691501 -0.0878168897 -0.0491565602
-0.220157783 0.0203643212 -0.0192081886
0.377705706 -0.0938496985 -0.0512194112
-0.222145932 0.0073097237 -0.0174180694
-0.0492113639 -0.325452504 0.0589190014
-0.22295014 -0.00038816964 -0.0161543911
-0.168648554 0.11497536 -0.0148234587
-0.202143343 0.0299039953 -0.0148501035
-0.160568718 0.198135611 -0.0148755921
0.375515444 -0.0793869728 -0.0565902233
0.368932973 -0.0636439987 -0.0584723909
0.369517096 -0.0649323578 -0.0575882316
0.367208843 -0.0603654097 -0.0620743182
-0.104035125 0.143762128 -0.0257747136
-0.336853587 -0.226070162 -0.0130698207
-0.395421406 -0.272135839 -0.00215991641
0.359767449 -0.0449533753 -0.0588435051
-0.0953623739 0.115014485 -0.0287047458
0.356427351 -0.0371009463 -0.0585412762
0.364000471 -0.0594020674 -0.0703742116
-0.0996704421 0.0776787809 -0.0326954649
0.36494195 -0.0577184945 -0.0655855486
-0.130968912 0.148060275 -0.0233407254
-0.10620599 0.105256775 -0.0303237062
-0.158618213 0.134980385 -0.0184309756
-0.0975465852 0.109996431 -0.029845623
0.361861895 -0.0578504702 -0.0749073494
-0.125198668 0.165226702 -0.0227403228
0.355899666 -0.0459385753 -0.0732677118
0.357220351 -0.0425071127 -0.0654838094
0.356945697 -0.0467043322 -0.0708259464
-0.12132733 0.152157854 -0.0247795493
0.361623813 -0.0499292228 -0.0619756738
-0.119962277 0.147431009 -0.0253956943
0.351325852 -0.0321623025 -0.0587125679
0.34464293 -0.02904082 -0.0694851132
-0.113344133 0.119526594 -0.0299237887
0.28896504 -0.0320192071 -0.0904413444
0.276730029 -0.0395938346 -0.0910350717
-0.111253666 0.109784435 -0.0314008851
0.326125239 -0.019770405 -0.0782243485
0.321868795 -0.0135746478 -0.0687423316
0.329326324 -0.0158598915 -0.067876106
-0.164657405 0.143351986 -0.00654022835
0.307370583 -0.0251125283 -0.0915726662
0.30171447 -0.0169979984 -0.076643146
0.310669285 -0.012474661 -0.0687908208
0.304883098 -0.0135453132 -0.0710777794
0.318097885 -0.0103139735 -0.0632469761
-0.087824857 0.0453841037 -0.0349789348
0.352948931 -0.0350563982 -0.0630483234
0.348224015 -0.0278664574 -0.0595413356
-0.0795424518 0.0561121885 -0.0338407865
-0.189925766 0.238904304 -0.0068616918
-0.42711492 -0.294127477 0.00322268043
0.345188316 -0.0289410687 -0.0684583414
0.343740622 -0.0241299913 -0.062820652
0.335736927 -0.0218364043 -0.071988707
0.34823246 -0.0277615095 -0.0592343647
0.34010976 -0.0189083155 -0.0596205831
-0.164270701 0.13606879 -0.0169288914
0.339601307 -0.0194683225 -0.0612888357
0.349140226 -0.0270730331 -0.0592786099
0.353444624 -0.0271351909 -0.0603038477
0.334637042 -0.0172697204 -0.0644210285
0.376773567 -0.0832537371 -0.0553006909
0.372863889 -0.0737569192 -0.0555902739
-0.188917575 0.0149643682 -0.0166316413
-0.0888084093 0.0551621279 -0.0342236767
0.377371419 -0.0739580208 -0.0524073533
0.374493942 -0.0742361301 -0.0546857704
-0.450468653 -0.310159269 0.0214413936
0.365398385 -0.0558311504 -0.0571925775
0.370062633 -0.0668476273 -0.0559893618
-0.0910970172 0.0484697373 -0.0351500115
-0.201264475 0.0172245096 -0.0150949938
0.376348263 -0.0760202553 -0.0536819604
-0.0886611497 0.0168031744 -0.0372378465
-0.0815736123 -0.0061735968 -0.038867752
0.37185627 -0.0680983292 -0.0546509697
0.366939411 -0.0556621186 -0.0557146036
0.366992227 -0.0560348214 -0.0557985793
0.365541528 -0.0558635338 -0.0579620147
0.361472981 -0.0479426523 -0.0579090713
0.352845279 -0.0339292888 -0.0587247525
-0.448417583 -0.308429208 0.0105842333
0.36095601 -0.046956241 -0.0577379816
-0.103751848 0.0305610922 -0.0365232899
-0.106133019 0.0276203373 -0.0360315632
-0.108751265 0.072546999 -0.0517281109
0.359034488 -0.0344975577 -0.0566660836
-0.106764038 0.0545386151 -0.0357866938
-0.100524053 0.0253520132 -0.0395927431
0.349816263 -0.012314743 -0.0587505975
0.348372661 -0.00959531751 -0.058453873
0.350826879 -0.02731704 -0.0592409962
0.3500788 -0.0208606778 -0.0588903594
-0.430188625 -0.296928396 0.00960512465
0.350004683 -0.0119117033 -0.0586479064
-0.0990296756 0.0144664176 -0.0378327756
0.363026896 -0.0449728636 -0.055969189
0.362059236 -0.0352459556 -0.0546206743
-0.100766427 0.0243423976 -0.0418199536
-0.0995930194 0.011528273 -0.0402679219
0.366669171 -0.0592171954 -0.0565507494
-0.0999715045 0.006098601 -0.0462167383
0.366122261 -0.0848891675 -0.0476687061
0.363689738 -0.0529986656 -0.0571396164
0.36867798 -0.0577046436 -0.0545547324
0.355795328 -0.0365677155 -0.0538090725
0.366376486 -0.0618448319 -0.0553735073
0.36167382 -0.0645921823 -0.0522989091
-0.436430526 -0.300486961 0.012649478
0.299108294 -0.0302484433 -0.042038062
0.351782176 -0.0679122999 -0.0474730696
0.309136309 -0.00988247689 -0.0524179925
-0.446886723 -0.306841809 0.00271618757
0.309717985 -0.0289158399 -0.0448673976
0.29565613 -0.0110788568 -0.0483750386
0.282920689 -0.00823328426 -0.0477409185
-0.0995087482 0.0336759211 -0.0368594621
-0.0987170762 0.0452581791 -0.0356135707
0.355953291 -0.0381347138 -0.0580998293
-0.438219294 -0.301182784 3.05329499e-05
-0.206040089 0.0159167098 -0.014600715
0.338316796 -0.0199112389 -0.0511158413
0.332339868 -0.0167599302 -0.0559212303
0.355345939 -0.0178292639 -0.0558526423
-0.203832601 0.0248538243 -0.0147361104
0.3487294 -0.0284479995 -0.0590970429
0.34597456 -0.0253353053 -0.0527287694
0.341086162 -0.0206006947 -0.0588086213
0.338955335 -0.0181855776 -0.0594152881
0.320189021 -0.0085329408 -0.0577706681
0.315116588 -0.00864341626 -0.0556088105
0.324592505 -0.0131654138 -0.0552632935
0.312267103 -0.00928181934 -0.0543226167
0.307554922 -0.010881885 -0.0482911316
-0.095380728 0.0100604932 -0.0366599657
-0.0947472617 0.0182222232 -0.0363073647
-0.434194832 -0.300337818 0.0187244459
0.310416692 -0.0108216899 -0.0482070247
0.295735355 -0.00591954295 -0.052092709
0.271367008 -0.291255924 -0.0461909731
0.282934244 -0.288555755 -0.0413426358
0.288159359 -0.295782864 -0.0476001728
0.259386278 -0.290532196 -0.0476672009
-0.188135701 0.0484375835 -0.0158402071
0.2634753 -0.280514072 -0.0372082091
0.256046803 -0.279984607 -0.0384017166
0.261965882 -0.276587842 -0.0427855921
0.244887556 -0.2792919 -0.0395882187
0.245000357 -0.278911675 -0.0400289185
-0.0973662383 0.0198240525 -0.0368882367
0.254988687 -0.283210663 -0.0415907918
0.235335626 -0.293527896 -0.053998867
0.221365822 -0.287304141 -0.0498561785
0.203505726 -0.2849729 -0.0497436768
0.233311784 -0.280808754 -0.0426736942
-0.425464521 -0.295336267 0.0180497861
0.286462253 -0.269871462 -0.0491935936
0.269927834 -0.267709098 -0.0533634893
0.2699256 -0.267797611 -0.0532535335
0.260198784 -0.267396842 -0.0546517557
-0.175892128 0.185535936 -0.0173345466
-0.280750181 -0.0874845199 -0.0139271542
0.274881095 -0.269091909 -0.0508215706
-0.299517687 -0.1157053 -0.0112008314
-0.209176612 0.0150790146 -0.0146573453
0.256274048 -0.272391751 -0.0482743421
-0.413192144 -0.287314838 0.0126112644
0.250054696 -0.268579073 -0.0532229957
0.233175893 -0.278512599 -0.0408376592
0.211283075 -0.277871596 -0.0417976927
0.229209647 -0.268798764 -0.0526937697
-0.406392425 -0.283691917 0.0153678793
0.241809924 -0.26514947 -0.0573282607
0.216184671 -0.271116862 -0.049933039
0.251944618 -0.264206806 -0.0584122176
0.253919675 -0.264353485 -0.0587529622
0.231593458 -0.260550939 -0.0617325159
0.21571298 -0.257833863 -0.0659201747
0.143584952 -0.278853229 -0.0492380012
0.160365482 -0.276223328 -0.0464534513
0.161344631 -0.279133905 -0.048547131
0.214111441 -0.292157732 -0.0553146688
0.190379472 -0.292701739 -0.0578832122
-0.422010809 -0.293213397 0.0147390333
0.181994771 -0.288054175 -0.0549875572
0.170251583 -0.286810868 -0.0549883229
0.206881453 -0.277579311 -0.0423359193
-0.19884033 0.0366882831 -0.0152554236
0.151646789 -0.273207576 -0.0502785186
0.179115153 -0.276939358 -0.044514889
0.136622932 -0.274761836 -0.0497770792
0.164801909 -0.270416251 -0.0523777454
-0.202184177 0.245211086 -0.00472253211
0.167953369 -0.266116744 -0.057243392
0.200258405 -0.277642732 -0.0426097387
-0.29874797 -0.122194855 -0.0124767992
0.188709091 -0.267177437 -0.0549757206
0.198946292 -0.263547015 -0.0585120244
-0.42620024 -0.294224673 0.00909132768
0.190878285 -0.260601581 -0.0621385001
0.164756216 -0.264760735 -0.0583634152
0.156757953 -0.262936742 -0.0605040865
-0.392070544 -0.271062722 0.00453280343
-0.407600899 -0.285079645 -0.0355470345
-0.214593038 0.00456901832 -0.0143537063
0.266313147 -0.27279759 -0.046675678
-0.208726586 0.0153268637 -0.0146041769
-0.354284542 -0.242238151 -0.00639311995
0.234858374 -0.259196649 -0.0640613195
0.210797309 -0.258006677 -0.0654650698
0.253778058 -0.266109334 -0.0556851118
-0.370874376 -0.259569098 0.00490155143
0.242901913 -0.262441432 -0.060088471
0.235427958 -0.267809374 -0.0534857148
0.197216738 -0.259868557 -0.0632092429
-0.384457921 -0.264375007 -0.00457005962
0.195759686 -0.256846182 -0.06761828
0.189549059 -0.257513273 -0.0660679949
0.204545687 -0.261395865 -0.0609618879
-0.37940943 -0.260453647 -0.00995196399
-0.20419685 0.0243350368 -0.0131982407
0.188166279 -0.261866427 -0.0608845296
0.209234209 -0.26401257 -0.0577212063
0.169993987 -0.262065445 -0.0610829918
-0.374984154 -0.258055805 -0.0149161702
0.162398743 -0.25991452 -0.063153984
0.139480959 -0.259182949 -0.0644215499
-0.383396253 -0.264997143 -0.0164555022
0.161413603 -0.258230373 -0.0642512708
0.177159878 -0.262219163 -0.0606038527
0.185915936 -0.263809957 -0.0584904396
-0.417626531 -0.294021052 -0.0441017808
0.164395878 -0.265049121 -0.0580056762
0.152842745 -0.266964328 -0.0563773124
-0.368996959 -0.252887714 -0.00768264295
-0.198361181 0.0363285777 -0.0150891933
-0.38735372 -0.266734999 -0.000564050796
-0.151186375 0.192177293 -0.0154504267
0.267137992 -0.277223062 -0.0407274456
-0.360858774 -0.246463182 -0.00747387351
0.286065453 -0.281763527 -0.0317938557
0.274546147 -0.280984384 -0.0299630909
0.261203151 -0.280345157 -0.0376223253
0.264296504 -0.280461387 -0.0363606418
0.263710913 -0.280361015 -0.0313071006
0.258688452 -0.271381597 -0.0489466225
0.240414331 -0.272457638 -0.0479442524
0.245537739 -0.277635631 -0.0414381519
0.235500628 -0.278768869 -0.0399008818
0.217352441 -0.271634801 -0.0489649328
0.225707378 -0.278369186 -0.0407005145
0.241836595 -0.279017567 -0.0376285113
0.209985417 -0.276197155 -0.0435346313
0.221335265 -0.278105296 -0.0386379728
-0.256453027 -0.0373481755 -0.0156792566
0.252415005 -0.28000697 -0.0301723515
0.261704596 -0.280376299 -0.0291343181
0.260563116 -0.280257625 -0.0262751425
0.269927103 -0.280877736 -0.02446538
0.25161392 -0.280030004 -0.0274225129
0.268717614 -0.28081283 -0.0229948908
0.274907311 -0.281341119 -0.0198576004
0.238478656 -0.279032056 -0.0316856149
0.229849162 -0.278504107 -0.0384108547
0.230270572 -0.278655584 -0.0335613755
0.239963978 -0.279200664 -0.0315252896
0.24677695 -0.2770215 -0.0231391691
0.221058933 -0.278377342 -0.0325091142
-0.354209156 -0.240648627 -0.0093479367
0.218668984 -0.278194859 -0.0334415325
0.261744077 -0.279948815 -0.0208948301
-0.347547078 -0.23533664 -0.0111775536
0.233491946 -0.275426855 -0.0263703773
0.204729192 -0.267670738 -0.0534413568
-0.20793227 0.0191147177 -0.0147537429
0.191284569 -0.277160475 -0.0435188224
-0.238325573 -0.0178875885 -0.017749445
0.181122743 -0.268416272 -0.0533751627
0.171675723 -0.272178311 -0.049825064
0.180669017 -0.276538397 -0.0446810742
0.161331464 -0.271752569 -0.0506330091
-0.389543661 -0.270358565 0.00644926273
0.152400111 -0.274808503 -0.0482550494
0.164866754 -0.276715086 -0.0453621019
0.186171083 -0.277263136 -0.0438594147
0.195264711 -0.277539687 -0.0377617103
0.194703166 -0.277591749 -0.0372177797
0.145420316 -0.276606864 -0.046895248
0.155758241 -0.276702174 -0.0448860866
0.155953686 -0.276745478 -0.0445467369
0.207305781 -0.27774788 -0.0394250866
0.206463745 -0.277641281 -0.0383377312
-0.239901983 -0.0185026737 -0.0219226081
0.236097072 -0.279192723 -0.0280853981
0.201562176 -0.277565915 -0.03562872
-0.245415002 -0.0301763966 -0.0214757949
0.207522366 -0.278226589 -0.032810638
-0.197517969 0.03724062 -0.0145009938
0.181067369 -0.277053708 -0.0403191384
0.165915079 -0.277169195 -0.0392747325
0.167739068 -0.276750725 -0.042875538
0.165493506 -0.277622246 -0.0364979776
0.1554835 -0.277684765 -0.0366119454
0.143768373 -0.2777876 -0.036806823
0.165330278 -0.277881446 -0.0354221116
-0.193716534 0.0485169169 -0.0113677449
0.131463936 -0.281447189 -0.0528261349
0.141775533 -0.291034889 -0.0607573354
0.124667785 -0.29147569 -0.0629372632
0.112750832 -0.291126638 -0.0628140031
0.123425897 -0.27712503 -0.0490995568
0.10839093 -0.278510053 -0.0511965726
0.117373353 -0.277033418 -0.0488708296
0.0596001958 -0.296395799 -0.0692295603
0.0728516277 -0.293190614 -0.0662484694
0.100480305 -0.285406753 -0.0581902332
0.0801684597 -0.278036639 -0.0507795912
-0.218941692 0.24853922 -0.00297577195
0.0669760487 -0.27819873 -0.051142864
0.123097544 -0.275405244 -0.0503964809
0.129502661 -0.269836546 -0.0553323614
-0.186801391 0.254228844 -0.00346939317
0.125282528 -0.264782328 -0.0603837392
-0.343489578 -0.231444381 -0.0114245488
0.0834623769 -0.275916509 -0.052613229
-0.221849234 0.248428025 -0.000941286149
0.102057374 -0.272493951 -0.0546223187
-0.252731971 -0.0431357493 -0.0166373234
0.0718990243 -0.27406615 -0.0549199111
-0.0267481156 -0.312174009 0.0484285384
0.0678746942 -0.27025905 -0.0581643645
-0.0449104705 -0.312719445 0.0513953669
0.135947433 -0.265382065 -0.0591045824
-0.216729001 0.0114411631 -0.0162111551
0.113690213 -0.271069821 -0.0549669644
0.106021458 -0.265024763 -0.0607205513
-0.100974545 -0.302663129 0.055771093
0.0717396457 -0.267067481 -0.0604138577
0.0860516809 -0.264118678 -0.0622254102
-0.347726893 -0.239119797 -0.00567620224
0.0529560046 -0.291225722 -0.0646036805
-0.343105686 -0.236528427 -0.00700746815
-0.0459808682 -0.305869341 0.0403414664
0.05273653 -0.279551814 -0.0529054252
0.0208480646 -0.275441025 -0.0485173891
0.0330873401 -0.27671913 -0.050200809
0.0423520022 -0.291356021 -0.06473768
0.0330522209 -0.287028448 -0.0602197443
0.0124089086 -0.285953541 -0.0588025937
0.0315993229 -0.279911767 -0.053197409
-0.0062377978 -0.273804988 -0.0469108147
-0.24108162 -0.0377112432 -0.0143180868
0.000725111167 -0.273550591 -0.0466144064
-0.0059181161 -0.272984406 -0.0461371769
-0.356856408 -0.247629707 -0.00166890912
0.041996122 -0.27361168 -0.0541264896
0.0114494876 -0.271185571 -0.0488275236
-0.360713913 -0.251914715 0.00172372773
0.0405388209 -0.267753797 -0.0587992229
0.000587507522 -0.269660431 -0.0475041386
0.00835686952 -0.263771781 -0.0529711055
0.0157630726 -0.261888704 -0.0578644246
-0.211462954 0.0138291081 -0.00851688498
-0.00907052931 -0.249438123 -0.0548517681
-0.0206920744 -0.248507264 -0.0483169495
0.00306074429 -0.2497187 -0.0614052285
0.0276365675 -0.266125053 -0.0579449442
0.0605980552 -0.261259067 -0.0661010449
-0.349278812 -0.241199569 -0.00506538787
0.0225155145 -0.260238653 -0.0614579585
0.129921931 -0.261604127 -0.0635780697
-0.214593038 0.00456901832 -0.0143537063
0.126707165 -0.258502113 -0.0661163535
-0.205284697 0.0222893333 -0.0133995138
0.126859118 -0.257887875 -0.0665515239
0.114464949 -0.259302459 -0.0657008803
-0.217004032 -0.000154831942 -0.0143552749
0.12479348 -0.26201273 -0.0627385718
0.10378108 -0.257629268 -0.0684891936
-0.269134506 -0.0831567848 -0.0152474778
0.137438038 -0.260716702 -0.0632247287
0.145347753 -0.263517817 -0.0602315185
0.133901678 -0.265253936 -0.0590619289
0.105032331 -0.262341266 -0.0631205444
0.132350324 -0.267693284 -0.0567807592
-0.249643806 -0.0475974646 -0.0154063001
0.0767693293 -0.254907534 -0.0705344343
0.0876022193 -0.25270729 -0.0725130688
0.0966781964 -0.25347163 -0.0719102349
0.0897574771 -0.256014177 -0.06943448
0.106080004 -0.264813251 -0.0608750555
-0.408924259 -0.282913545 0.00680559554
0.094903047 -0.259246836 -0.066420813
0.079049017 -0.258763649 -0.0674765931
0.0867936772 -0.2600126 -0.0655098504
0.0949652482 -0.264589078 -0.0614181094
-0.211358927 0.00983058208 -0.0143714934
-0.26897951 -0.0897883099 -0.0118102592
0.0504060468 -0.259597078 -0.066981795
0.0374215915 -0.258414368 -0.066045657
0.0526436971 -0.245121392 -0.0796542233
-0.272295632 -0.0935943262 -0.0129838265
0.0671558299 -0.254028273 -0.0717076311
-0.405276733 -0.279242497 -0.00296868305
0.0407371881 -0.258146674 -0.0662972453
-0.0147902778 -0.313636341 0.048335197
0.0714647568 -0.264551277 -0.0623096119
0.0592140291 -0.255519265 -0.0703827361
0.0444840897 -0.260134147 -0.0648890553
0.0489435053 -0.232349004 -0.0724059923
-0.089778544 -0.131542403 -0.0395145055
-0.405061397 -0.279391872 -0.00156919847
-0.373735472 -0.25980471 0.00249465097
-0.378744102 -0.261272497 -0.000866531906
-0.396328036 -0.27278022 -0.001831938
-0.196226186 0.167692309 -0.0216070462
-0.0157870189 -0.231369819 -0.0603661122
-0.0281484592 -0.22640601 -0.0539313668
-0.00144182319 -0.237694298 -0.0668088874
-0.00572040743 -0.224654344 -0.0679506005
-0.0172326778 -0.227732258 -0.0604861763
-0.00231111036 -0.252186003 -0.0560256089
-0.0401321965 -0.203058666 -0.0534481777
-0.0471285879 -0.204221952 -0.0469807907
-0.0456882645 -0.200943434 -0.049177322
-0.0459555296 -0.180239169 -0.0553361924
-0.0631979149 -0.0280063626 -0.0404351734
-0.0303833937 -0.170816349 -0.0500844159
-0.195377169 0.256232268 -0.00569706814
-0.151394886 0.261779326 -0.00442085789
0.126203138 -0.272731463 -0.0522875739
-0.0881285287 -0.0396168444 -0.038292471
0.136561317 -0.275266201 -0.0492329027
0.135372435 -0.275501281 -0.0489820261
0.120332132 -0.274127886 -0.0512591638
0.130328833 -0.27708174 -0.0482129408
0.14275042 -0.276809847 -0.0471072533
0.117373353 -0.277033418 -0.0488708296
0.120169246 -0.277059476 -0.0487402298
-0.361705796 -0.249011261 -0.00436897361
-0.156653783 0.260631756 -0.00399194363
0.110380786 -0.274386921 -0.0518470496
0.0940602168 -0.271223052 -0.055625283
0.100097675 -0.277562274 -0.0500065879
0.0947589023 -0.277491649 -0.0503887756
0.0931328832 -0.272671404 -0.0544510122
0.0792286396 -0.278019744 -0.0507744795
0.15281607 -0.276520995 -0.0458225653
0.144064264 -0.277212321 -0.0406927482
-0.23390792 -0.0296756358 -0.0136222155
-0.00173939867 -0.306376523 0.0311511413
0.142135806 -0.277739855 -0.0365597445
0.13963395 -0.273734532 -0.0317989175
0.120485475 -0.277703454 -0.0420764121
0.115056302 -0.26087171 -0.0291050266
-0.097881479 -0.00364846531 -0.0381821154
0.121458982 -0.257131181 -0.0264128519
0.0925161988 -0.272803383 -0.035725266
0.0996875607 -0.261375857 -0.0288093069
0.104935465 -0.277462241 -0.0469549062
-0.106015154 -0.0137529521 -0.0369819387
0.0828780341 -0.277897656 -0.0508809715
0.097207381 -0.278361112 -0.0415955236
0.0090710064 -0.30764865 0.0407787418
-0.097015802 -0.015438564 -0.0382491567
0.0849876807 -0.271661368 -0.0557112
0.050341308 -0.269532734 -0.0580512026
0.0464114809 -0.270826342 -0.0562851691
0.0056171276 -0.259350467 -0.0551731523
0.0532725507 -0.276670975 -0.0524815606
0.0780739771 -0.278013491 -0.0508553949
0.0285683103 -0.275861957 -0.0495818405
0.0535315265 -0.278195358 -0.0513299336
0.0713306262 -0.278087288 -0.0511638736
-0.00214980586 -0.262552654 -0.049324003
-0.0190576819 -0.306465229 0.032560142
-0.0410975808 -0.219176071 -0.047394112
-0.0138679163 -0.241830218 -0.0474450827
-0.050997015 -0.196233146 -0.0458987976
0.0813035487 -0.273588034 -0.0357830915
-0.0964876458 -0.0485003019 -0.0384894739
0.058420881 -0.279216187 -0.0431617631
0.0317741142 -0.277100624 -0.0466364278
0.0475899508 -0.278763721 -0.0411079569
0.0795374094 -0.278485609 -0.0461928851
-0.237098175 -0.0116035816 -0.0173618462
0.0535523796 -0.278513576 -0.0474991477
-0.189121702 0.2583736 -0.00657489398
-0.0960314753 -0.0163643361 -0.0386377182
0.0871323979 -0.278688881 -0.0420419823
0.0736977142 -0.279599376 -0.0401543739
0.0139339206 -0.274349167 -0.0474236766
-0.0360072661 -0.232555726 -0.0467175192
-0.0498358627 -0.205267605 -0.0455530191
-0.049398758 -0.201847955 -0.0460845403
-0.0536326492 -0.192745545 -0.0453077556
-0.0346716576 -0.19946027 -0.0495311455
-0.172521013 0.257373872 -0.00403844467
-0.0997402545 0.009023973 -0.0462638297
-0.016943297 -0.167160283 -0.054630035
-0.0840360295 -0.295504911 0.0229528899
-0.245633994 -0.0124309346 -0.0155885473
-0.0998167804 -0.0308378865 -0.0382917585
-0.00823597547 -0.185178821 -0.0394976181
-0.261666936 -0.033438017 -0.0145141072
-0.0502265773 -0.152334627 -0.0456237507
-0.0564029474 -0.141997749 -0.0449977501
-0.112669392 -0.0467879293 -0.0363216749
-0.0451430343 -0.163901769 -0.0453390706
-0.0473770374 -0.151904877 -0.0456844308
-0.0977429287 -0.0475231921 -0.0385377108
-0.0295992027 -0.201818587 -0.0437136602
-0.0922450941 -0.0424966849 -0.0381320267
-0.0454713714 -0.197443315 -0.0447124551
-0.0644097982 -0.299692255 0.0252966647
-0.0589054821 -0.179112958 -0.0442814364
-0.0445150103 -0.174764737 -0.0452301238
-0.0484322826 -0.171021987 -0.0459463765
-0.0564243406 -0.17091942 -0.0453242855
-0.0602615071 -0.176336342 -0.0438703782
-0.0600709386 -0.170600653 -0.0443646812
-0.0760931063 -0.298181173 0.0287603862
-0.0659403993 -0.150038183 -0.0432977801
-0.0632216111 -0.145899103 -0.0446262125
0.227480852 -0.0864899901 -0.103777931
-0.0958176929 0.00100668249 -0.0372980212
-0.0922202752 -0.0265988499 -0.0374488108
-0.0909459222 -0.0418486967 -0.0382171136
0.235590521 -0.0676518936 -0.0932059217
0.23495808 -0.0762481352 -0.100399967
-0.0889164811 -0.00914546022 -0.0379457395
-0.265200946 -0.0457644987 -0.0149846357
0.259921847 -0.0582598578 -0.0997577517
0.259293906 -0.0517148394 -0.0917062888
0.244283038 -0.0546240719 -0.0858116494
-0.195298594 0.0438210509 -0.0153970136
-0.256751606 -0.0370519173 -0.0155667011
0.234626278 -0.059799664 -0.0849465313
-0.251948669 -0.0262639978 -0.0156324977
0.222058622 -0.0876818079 -0.102213583
0.23488329 -0.0761732572 -0.100263967
0.232685301 -0.0699361274 -0.0925672098
0.226075711 -0.0655168763 -0.0850981112
0.214384563 -0.0627464174 -0.0764065081
0.220245838 -0.0590776287 -0.0757712808
-0.235947232 -0.0238841785 -0.0155164883
0.225002423 -0.0501069793 -0.0696161578
-0.0902891163 -0.0117730409 -0.0377953404
0.249111377 -0.0658519617 -0.0985576799
0.23481593 -0.0455603547 -0.0709065859
0.245297055 -0.0371119912 -0.0686957598
0.208003548 -0.0964908458 -0.102206101
-0.0812075598 -0.0236518732 -0.0391727666
-0.243372159 -0.0285133182 -0.0171041446
0.177531345 -0.111584959 -0.103690947
0.193231584 -0.104574199 -0.103112971
0.192245853 -0.111750842 -0.109815986
0.195257513 -0.105085054 -0.104692974
-0.0849485079 -0.0645172951 -0.0395305739
0.172103022 -0.112180336 -0.105374642
0.174324462 -0.115581639 -0.107299017
-0.235208387 -0.0163448 -0.016982354
-0.208249992 0.0332104515 -0.0173912618
0.201319116 -0.0916805982 -0.0954783865
0.186864207 -0.100277962 -0.0978136446
0.203128394 -0.0833480288 -0.0893020503
0.196950864 -0.08678916 -0.0898322319
0.206700759 -0.0734065242 -0.082511309
-0.43232128 0.132022951 0.00840100025
0.190802846 -0.0911883566 -0.0915658727
0.196259535 -0.0814832247 -0.0855516664
-0.0859584022 -0.0430474506 -0.0389945532
-0.443841734 0.115895241 0.0151460274
-0.228371206 -0.0162234095 -0.0145522463
-0.230291768 -0.0232353835 -0.0138055771
-0.240213893 -0.043630001 -0.00727354216
0.175286579 -0.110494962 -0.103367616
0.168767381 -0.101062081 -0.098206167
0.176332394 -0.102764602 -0.0985502912
0.175988896 -0.0976585988 -0.0956715839
-0.204273391 0.0449257553 -0.0181081751
0.184256481 -0.0956356928 -0.0941635159
0.183068438 -0.0942995115 -0.0931942697
0.179198539 -0.081302596 -0.0857142666
0.172898498 -0.0833589114 -0.0878942268
0.174165327 -0.0880832529 -0.0902579425
0.223551642 -0.0847464177 -0.101221515
-0.0977286265 -0.141606753 -0.0297961394
0.204513351 -0.0988573551 -0.103586954
0.206369599 -0.0904785175 -0.0972643108
-0.0984123105 -0.0539051718 -0.0384342539
-0.0986733379 -0.066460033 -0.0385256634
-0.0964000556 -0.0882130337 -0.0385908868
0.22401307 -0.0670402518 -0.0858952344
-0.0967449309 -0.05880918 -0.0385731013
0.206883631 -0.082085854 -0.0904957122
0.201730194 -0.0793692685 -0.0856399408
0.186586557 -0.10107305 -0.098593824
0.177916363 -0.0961338824 -0.0949661219
0.192243121 -0.0814582645 -0.0856320601
0.203767217 -0.0749605801 -0.083064889
-0.0952920482 -0.0851510453 -0.0386597975
0.181522579 -0.0867457127 -0.0890912942
0.176231667 -0.0828957782 -0.0872051657
0.166957406 -0.0849583605 -0.0896695173
0.209867469 -0.0895664163 -0.0976634346
0.216904071 -0.069974497 -0.0841855986
0.243406425 -0.0261519357 -0.0550565856
-0.211201678 0.0316285626 -0.0180045596
-0.251830936 -0.0554840645 -0.0142299218
-0.195298594 0.0438210509 -0.0153970136
-0.103289895 -0.0892604598 -0.0476951781
0.223830636 -0.040529172 -0.0597056105
0.2124616 -0.0587307025 -0.0720064219
-0.360901581 0.190030536 0.0119129414
-0.267928749 -0.0593740289 -0.0150305193
0.218299088 -0.0456537727 -0.0620459291
0.211663452 -0.0556815978 -0.0688328409
-0.259972755 -0.0496134592 -0.0158721378
-0.213921922 0.0540589018 -0.0212248609
-0.0807297223 -0.302304199 0.00871302897
-0.253324483 -0.0403531564 -0.0163180724
0.221295281 -0.0365646683 -0.0550594725
0.230974135 -0.0257101843 -0.0492341747
0.225727226 -0.0445651643 -0.0470143316
0.238675595 -0.0419680482 -0.0525737848
0.227373698 -0.0508574417 -0.0427620959
0.2436107 -0.0296471101 -0.0456822784
0.220718267 -0.0344894269 -0.0534717669
-0.0938570133 -0.0613000429 -0.0383515093
0.226918281 -0.0334528382 -0.0471435594
-0.0990539615 -0.0858159205 -0.0436251321
0.203371677 -0.0684964012 -0.0773566942
-0.226498546 0.24835334 0.000248913564
0.195602265 -0.0745530537 -0.0808305991
-0.100912332 -0.0985524563 -0.0446716977
0.187434081 -0.0781805507 -0.0833426661
-0.251809085 -0.0576775577 -0.0135166491
-0.180768602 0.262086088 -0.00865927107
0.2136286 -0.0496986905 -0.0643664189
-0.194152803 0.177015728 -0.0195537793
0.220064341 -0.0395435369 -0.0573472841
0.215371612 -0.0462194194 -0.061771014
0.203527037 -0.0665887594 -0.0758529901
0.205686837 -0.0613110993 -0.0720722299
0.206294718 -0.0546418188 -0.0673490661
0.212613608 -0.0507189905 -0.0650562359
0.200717742 -0.0529688596 -0.0660647505
0.184433504 -0.0726436972 -0.0802257438
0.183597382 -0.0672985956 -0.0768292073
0.181869778 -0.0640832772 -0.0751748329
0.177025763 -0.0696378361 -0.0791664797
0.188946568 -0.0558604514 -0.0691439311
-0.0918843365 -0.0704487551 -0.0389967556
0.169784333 -0.0807803461 -0.0865579304
0.219694705 -0.0361322374 -0.0545725869
0.199800163 -0.0585467664 -0.0699436695
-0.042872401 -0.30412252 0.0288189145
-0.2584256 -0.0644623481 -0.0150668321
0.220911295 -0.0255485758 -0.0470163631
-0.0306988582 -0.304594413 0.0248194975
-0.0191881323 -0.304063858 0.0207821877
-0.266065992 -0.0740155163 -0.0154971436
0.199958223 -0.0496630353 -0.0638143169
0.211531939 -0.0363627727 -0.0542335278
-0.0881827399 -0.0747681987 -0.0396323692
0.200319 -0.0457350654 -0.0613187068
-0.276432544 -0.0818039082 -0.0139184425
0.194175445 -0.0479297456 -0.0635913721
0.180171611 -0.057537756 -0.0717901728
-0.0493781359 -0.298704704 0.010868754
0.193215888 -0.0432389671 -0.0611939225
-0.18979251 0.163434225 -0.0210536173
-0.100145775 -0.129437832 -0.0472479682
0.286196286 -0.041133658 -0.0987379202
-0.240406029 -0.033362212 -0.0148941059
-0.235165349 -0.0306042095 -0.0137338965
-0.248783119 -0.0543368534 -0.0130828795
-0.244782906 -0.0468781076 -0.013292632
-0.0890979247 -0.119128193 -0.0397400134
-0.0855519251 -0.128278752 -0.0404546774
0.298082307 -0.0314030244 -0.0951796298
-0.0791786247 -0.0882170586 -0.0408285018
0.287373114 -0.0358352823 -0.0947071507
0.25751943 -0.0491746495 -0.0885511382
-0.0747612294 -0.107968457 -0.0419285173
-0.0678411165 -0.116547006 -0.0437710729
-0.0650459863 -0.135483523 -0.0442656444
0.245001108 -0.0508044003 -0.0830670456
-0.248748178 -0.0546140748 -0.0130148548
0.25394001 -0.0387561846 -0.0760680288
-0.0400654101 -0.301999322 0.0177616573
-0.206926957 0.0728599024 -0.0219549557
-0.439186067 0.120829998 0.0203774701
0.260892599 -0.042006913 -0.0836543236
0.25412685 -0.0387931487 -0.0761793019
0.256495166 -0.0285209813 -0.0656695803
-0.226505897 -0.0174197252 -0.0138743351
0.299537097 -0.0239478183 -0.0863933136
0.292090714 -0.0215109319 -0.0801324169
0.279932285 -0.0280475319 -0.0819518315
0.283089316 -0.0207152443 -0.0730082972
0.279068579 -0.0358211424 -0.0895575875
0.262144432 -0.0337744804 -0.0760208444
0.255544918 -0.0327754859 -0.0707455952
0.299570774 -0.011149094 -0.0652056341
0.307676839 -0.0104877628 -0.0649509916
0.279725809 -0.0147795542 -0.0625160999
0.264604209 -0.0242036153 -0.0661358123
0.27224697 -0.0114752779 -0.0531144765
0.246377438 -0.0381463188 -0.0708724625
0.262292559 -0.0291872825 -0.0707686122
0.236073608 -0.0497954539 -0.0765684994
0.240672306 -0.0379141281 -0.0669234736
0.231733547 -0.04265223 -0.0665643722
0.248830394 -0.0324501346 -0.0660076721
-0.213221398 0.0674811205 -0.02165228
0.250659825 -0.0262625754 -0.0598232019
0.233188799 -0.0284838184 -0.052810836
0.251487498 -0.0188004046 -0.0514085163
0.215126875 -0.0604385995 -0.0748987299
0.208642008 -0.0586551888 -0.0708468928
0.206913845 -0.0568322644 -0.0692547769
0.196951929 -0.0573042441 -0.0693105918
-0.226331321 -0.0152039111 -0.0142294126
-0.0721005201 -0.118939317 -0.0424924897
0.162121541 -0.0595219365 -0.0774209597
0.152135404 -0.0573904213 -0.0795868669
0.186257928 -0.0494973538 -0.066169061
0.194192873 -0.0509911606 -0.065492284
-0.22310428 -0.010468519 -0.0141739785
-0.228537106 -0.0201133811 -0.0138940104
-0.223361893 -0.0123118005 -0.0139957393
-0.223014234 -0.0177369061 -0.0137910707
0.211123549 -0.044652717 -0.0602867345
-0.0922834932 -0.160194631 -0.0342891321
0.223905943 -0.0230618381 -0.0457606748
-0.212761804 0.00719192079 -0.0144125978
0.211455267 -0.0339914841 -0.0527276376
-0.0905437232 -0.161359919 -0.0360693914
0.175862523 -0.0458091369 -0.0671919625
0.16700088 -0.0290971922 -0.0638289191
-0.0897595416 -0.15620018 -0.042038063
0.207301007 -0.0248430427 -0.0488083506
0.218654894 -0.0261066899 -0.0473389889
0.1943725 -0.0222138766 -0.0518502964
0.207455254 -0.0134527956 -0.0440486497
-0.213389678 0.00456843046 -0.0142299184
-0.0899851007 -0.187173801 -0.0335228156
0.178727192 -0.00912602801 -0.0532091316
0.164568435 0.00139481292 -0.0556663762
0.248869875 -0.0286601899 -0.0611746988
0.287467967 -0.031861055 -0.0435662259
-0.0378505831 -0.298204864 0.00570269791
0.264074934 -0.0214573158 -0.0425459663
0.240855161 -0.0219303419 -0.0491221072
0.250107041 -0.028769334 -0.0444044606
0.264007031 -0.0204019131 -0.0428023567
-0.166876889 -0.317212626 0.0784589383
0.251193396 -0.0142658923 -0.046208505
0.238124526 -0.0173881692 -0.0449665249
0.271918289 -0.0083202302 -0.0470938573
0.232942103 -0.0202438409 -0.0457420785
0.229233073 -0.0188921349 -0.0438172789
0.213965315 -0.030985013 -0.0503263941
0.211431019 -0.0335717583 -0.0524113973
-0.0864566402 -0.198271713 -0.0354856723
0.204526708 -0.0407646164 -0.0578249226
0.208029743 -0.0298505591 -0.0508503182
0.194727605 -0.0334466417 -0.0561779639
0.192324372 -0.0407954181 -0.0602453665
0.205810411 -0.0271981712 -0.0500579048
0.155467821 -0.119651127 -0.10925922
-0.0855185255 -0.183928067 -0.0376967249
-0.185944524 0.00277875438 -0.0177000484
0.152365727 -0.121587585 -0.111450978
0.155844067 -0.117727322 -0.108454746
0.159681921 -0.107319484 -0.10271432
-0.0830166328 -0.181538555 -0.0400794713
0.138844729 -0.110972395 -0.108507147
0.132095389 -0.120609975 -0.113819874
0.16058663 -0.114060406 -0.106059588
0.158739667 -0.106667403 -0.102190721
0.151599349 -0.111127417 -0.105057643
-0.0858043385 -0.15946653 -0.0399400597
-0.192558616 0.0499092535 -0.0155281321
0.139340866 -0.110246404 -0.107637648
0.133735827 -0.0999255838 -0.103709374
0.148763681 -0.10211265 -0.101081682
-0.0814914655 -0.148796804 -0.0411643512
-0.0753987981 -0.132329948 -0.0419966023
0.15489604 -0.09273842 -0.0952281288
0.123825759 -0.105623765 -0.10868783
-0.210474178 0.00644643651 -0.0143622887
0.151568452 -0.103666485 -0.102194772
0.141118575 -0.100062892 -0.10231412
0.133579711 -0.0939879408 -0.101161488
0.121880589 -0.0957120476 -0.105886444
0.144696068 -0.0912535229 -0.0974480274
0.156519125 -0.0873501536 -0.0930497412
0.174123914 -0.0778941599 -0.0847206702
0.148965682 -0.0824294445 -0.0921412716
0.138463957 -0.0760990683 -0.0916314228
0.133238791 -0.0647252515 -0.0888568696
0.113116722 -0.100640671 -0.110411154
-0.0874277523 -0.168942593 -0.041774564
-0.0823071838 -0.183028644 -0.0402916954
-0.21784278 -0.0113635374 -0.0138347733
0.125890082 -0.0856146956 -0.100114654
0.128710228 -0.0768246307 -0.0953371165
0.105767519 -0.0764756747 -0.10483776
0.109754505 -0.091325148 -0.107788692
-0.209706961 -0.000377539585 -0.0145284561
-0.0756647597 -0.168393135 -0.0419454053
0.117811922 -0.0939948227 -0.106399663
0.126222852 -0.0925387428 -0.102702981
0.118123214 -0.0841400561 -0.102103882
0.13174741 -0.0864937005 -0.0980476521
0.140772852 -0.0858906672 -0.0952601227
0.136753663 -0.076972641 -0.0922477229
0.109235074 -0.0733305076 -0.101272123
0.119816686 -0.0740124338 -0.0976450657
-0.072215914 -0.145470621 -0.0425394274
-0.0647534038 -0.191846249 -0.0435016128
-0.198263777 -0.00305587084 -0.0160000643
0.0942268465 -0.0557125331 -0.101209886
0.129848137 -0.0692877755 -0.0912897385
0.121008208 -0.0623475007 -0.0924187346
-0.0596614981 -0.155796425 -0.045212165
-0.0630181181 -0.145913417 -0.0446632301
-0.0641752848 -0.135241701 -0.0443690983
-0.0498999462 -0.138577979 -0.0493597601
-0.0512546407 -0.114036443 -0.0490648259
-0.0610613951 -0.108931594 -0.044997894
-0.208323864 -0.0115464689 -0.0147946246
0.166556814 -0.0668988118 -0.0797892985
0.15241407 -0.0852392254 -0.09241563
-0.0583419342 -0.197773496 -0.0444674337
0.151740997 -0.0510559711 -0.0768399625
0.144226503 -0.0675785999 -0.085985078
0.15377828 -0.0592898944 -0.0796450705
-0.0656417132 -0.183398106 -0.0433106201
-0.040445171 -0.14796541 -0.0474958464
-0.0387835855 -0.154053807 -0.046692017
-0.0597730003 -0.203185652 -0.0441462161
-0.047091825 -0.140723841 -0.0455858732
-0.0578090019 -0.134083352 -0.0451277174
-0.0395754264 -0.125741251 -0.0477134168
-0.0467597094 -0.128459941 -0.0460755042
-0.209788319 -0.0166988915 -0.014806981
-0.0540862699 -0.202744627 -0.0447788068
-0.0479544452 -0.222771557 -0.0453155237
-0.152789999 0.179895315 -0.0163466001
-0.233561977 -0.0290697787 -0.00976452806
-0.0253213568 -0.298316136 0.00386527994
-0.0786186184 -0.194678838 -0.0409996459
-0.0373044444 -0.26209033 -0.044467811
-0.0512486498 -0.142615004 -0.045209282
-0.234760301 -0.0325389166 -0.0133179052
-0.0564183602 -0.142080158 -0.0449848845
-0.0535928443 -0.122162303 -0.0454538351
-0.0563241959 -0.152091305 -0.0450082318
-0.0692913009 -0.217255732 -0.0420903341
-0.0608213075 -0.132051556 -0.0448388814
-0.0634430478 -0.234907055 -0.0419245747
-0.231550926 -0.0309390375 -0.0133642317
-0.208013838 0.0511592252 -0.0203644168
-0.0542008389 -0.111120816 -0.0454058029
-0.0514349959 -0.109134002 -0.0455885198
-0.0455198601 -0.107288514 -0.0455735565
-0.050122345 -0.0965458137 -0.0451345025
-0.0550851528 -0.11186057 -0.0452744387
-0.0638557345 -0.0907126189 -0.0439170262
-0.0605263058 -0.0789321527 -0.0432103773
-0.047374732 -0.255135115 -0.0458349566
-0.0515767056 -0.0957938297 -0.0450676432
-0.165866826 0.261452134 -0.00559782238
-0.062375576 -0.107581299 -0.0446265839
-0.0575870619 -0.213093115 -0.0443902145
-0.0536777475 -0.243702915 -0.0433549735
-0.065725167 -0.123411529 -0.0440175121
-0.067637294 -0.100719475 -0.0435691411
-0.0686368634 -0.120538217 -0.0433013838
-0.0701474087 -0.10693902 -0.0431729397
-0.0542028238 -0.230630087 -0.0444975744
-0.0707302789 -0.0947623371 -0.0428904641
0.170394285 -0.0680131659 -0.0798070278
0.133541526 -0.0515689675 -0.0838438749
0.146850974 -0.0661572928 -0.0850102666
0.117411306 -0.0398669045 -0.0872591712
0.106401943 -0.0490174337 -0.0943138508
0.156843072 -0.0484617575 -0.0744178933
0.136794307 -0.0296613883 -0.0758620039
0.137276438 -0.0169493356 -0.0721039761
0.149507898 -0.0334805128 -0.0721095434
0.108235471 -0.0633954955 -0.0986603306
0.0980921205 -0.0553641999 -0.0997168601
0.109042729 -0.0295206692 -0.08752116
0.083285755 -0.0598730662 -0.106761509
0.000709982531 -0.267040532 -0.0479313488
-0.227727385 -0.0313454262 -0.0132764613
-0.197039128 0.0597187621 -0.0181179935
-0.230821659 -0.0404801513 -0.0125888392
0.108966178 -0.0181094964 -0.0840275252
0.0932492116 -0.0319362839 -0.0944227769
0.0944711596 -0.0439795606 -0.0976679835
0.0843079005 -0.0204847137 -0.0945556623
0.0918723909 -0.0136958076 -0.0895053236
-0.235663305 -0.0495175666 -0.011884097
0.121178151 -0.0511762215 -0.0889878013
0.13728808 -0.00869309244 -0.0693743714
-0.030042485 -0.252002549 -0.0463295081
0.111850186 -0.00501904831 -0.0790239284
0.127343625 -0.0100882539 -0.0739489094
0.135989862 0.00360183857 -0.0665463424
-0.197346082 0.0391717151 -0.0150968767
0.0928678136 -0.00327969923 -0.0861946303
0.115731294 0.00679624954 -0.0738555802
0.107336432 0.0239753791 -0.0723155524
0.128545243 0.0206750621 -0.0644632453
0.100963785 0.0148215866 -0.0773995757
0.116770782 0.025836571 -0.0679823537
0.0828798004 -0.000808870307 -0.089607863
-0.217211078 -0.0266702741 -0.0139086072
0.0921014862 0.0140643811 -0.0814882115
-0.0640439804 -0.225902944 -0.0427450235
0.0713822969 -0.0379088051 -0.105405525
0.0791128064 -0.0292747095 -0.0995242518
0.0768681451 -0.0186990759 -0.0971611388
0.0612145423 -0.0293430232 -0.107355627
-0.215899955 -0.0270771614 -0.0140607518
-0.187086393 0.0623325532 -0.0159197747
0.0492034612 -0.0244791675 -0.110325962
-0.0321638231 -0.264034005 -0.0448040287
0.0975296526 -0.0431247247 -0.0954858873
0.0850427494 -0.0402341548 -0.100144869
0.0810725551 -0.0287290613 -0.0981471528
0.0725117769 -0.0373603013 -0.104309249
-0.44481694 -0.309277319 -0.0381880316
0.0623456336 -0.0334361322 -0.107028008
0.0613546353 -0.024353592 -0.104575085
0.0702367058 -0.0206772389 -0.100518935
0.0878364724 -0.0186864493 -0.0921239809
0.0821081183 -0.0205950406 -0.0952205052
0.0670811738 -0.0150257752 -0.100188978
0.0786219603 -0.0117896437 -0.0943830168
0.0777400411 -0.00133313454 -0.0919050839
0.0603031563 -0.0144733424 -0.103487567
-0.419019924 -0.288625992 -0.0102162222
0.0586453093 -0.00282466241 -0.101682814
0.0669487555 0.00818296727 -0.0954382432
0.0761223089 0.0067281729 -0.0909148378
0.0745961768 0.0156936575 -0.0906080027
-0.186134107 -0.324100268 0.0139955607
0.0464018438 -0.00530242867 -0.10668543
-0.154696124 -0.316265115 0.0159727544
0.078289111 -0.0127498406 -0.0946351894
0.0728908905 -0.00581534202 -0.0949761705
0.0780023392 0.00273697481 -0.0904275786
-0.225508573 -0.0374447372 -0.0130770548
0.0708316759 0.00193783347 -0.093928991
0.0811678728 -0.00042445996 -0.089930525
0.048885965 -0.0158701287 -0.107386856
-0.204808528 -0.0357815721 -0.015973933
-0.217425685 -0.0393375475 -0.0138906569
0.0506218352 0.0030194611 -0.103204642
-0.139320576 -0.320453784 0.0104668397
0.0725079835 0.00829043965 -0.0920667413
0.0691711688 0.0157313049 -0.0935014281
-0.224985655 -0.0434503284 -0.0129158379
0.171058288 -0.0523805399 -0.0712853271
0.17018153 -0.0458388219 -0.0686205479
0.144491689 -0.0417549742 -0.0761249811
0.130251186 -0.0455905005 -0.0830317276
0.138530731 -0.0286981727 -0.0746494224
0.119193594 -0.0419784635 -0.0867648722
0.108242043 -0.0356228985 -0.0889220818
0.0990258504 -0.0221587821 -0.0891173139
0.113921244 -0.0241923308 -0.0834382165
-0.0694631341 -0.292887691 0.00667687737
0.128225251 -0.0121771442 -0.0740669968
0.124750056 -0.00332729142 -0.072761526
0.185664571 -0.0462953905 -0.064537454
0.185367924 -0.0387581938 -0.0612431864
-0.185704644 0.06564836 -0.0123414453
0.165652172 -0.0300886155 -0.0644778677
0.158839117 -0.0192915903 -0.063668498
0.172650257 -0.0200087922 -0.0585770211
0.150419292 -0.00655665312 -0.0633146227
0.198632805 -0.0240108446 -0.0507991436
0.197634838 -0.014302864 -0.0475095876
0.186308253 -0.0184581081 -0.0529605642
0.175761292 -0.00739047339 -0.053520464
0.106489949 0.00522925804 -0.0778504769
0.115299398 0.00151815 -0.0752375232
0.114568315 0.0230109768 -0.0693505769
0.134326332 0.0126826301 -0.0643308918
0.154012397 0.00416149166 -0.058762698
0.165017935 0.00472885024 -0.0542174825
0.145805092 0.0143925357 -0.0591653745
-0.274610897 -0.0948452899 -0.0146936847
0.176558554 0.00500096134 -0.0496374473
0.177728254 0.0181990958 -0.0453047028
0.149048456 0.0355197849 -0.0520570455
0.169502193 0.0292917563 -0.0452277441
0.160135328 0.0365278035 -0.0471386077
-0.262529468 -0.0793038584 -0.01143839
0.129347057 0.0305931258 -0.0614190434
0.114212774 0.0302805344 -0.0676173348
0.122235676 0.0349699837 -0.0631930471
-0.189653082 0.0579767239 -0.00695271852
0.14096937 0.0331934647 -0.0559323654
0.139800526 0.0413124773 -0.0543566959
0.0975888381 -0.011618552 -0.0861950395
-0.0646264378 -0.0603942939 -0.0415951759
-0.0501468221 -0.0709326758 -0.0443426552
-0.257011217 -0.0691280315 -0.0125718832
-0.120041176 -0.307588297 0.0548899225
-0.0446146356 -0.0760661012 -0.0452440853
-0.0525025602 -0.0825193864 -0.0448535719
-0.0584423043 -0.090345906 -0.0439758601
-0.285609811 -0.0819863892 -0.0124772125
-0.0532698169 -0.055893317 -0.0416572665
-0.0620753114 -0.0495271527 -0.0410537466
-0.0447970815 -0.286556029 -0.0175319545
-0.0561478247 -0.0395793797 -0.0415631142
-0.0622320518 -0.0797763011 -0.0429551
-0.0675772635 -0.0805959467 -0.0425755584
-0.0678940775 -0.0670598836 -0.0417941818
-0.190050661 0.0565692211 -0.0150427436
-0.0777825781 -0.0767056504 -0.0408793155
-0.00768428549 -0.296655501 -0.00185255315
-0.0620173654 -0.0502348511 -0.0412199893
-0.0658648244 -0.0538763141 -0.0410086193
-0.0266121529 -0.277123395 -0.0421623275
0.0931112968 0.0110406768 -0.0815793979
-0.0298730893 -0.274477828 -0.049715457
-0.286533186 -0.098317237 -0.0130894614
0.0934581859 0.0145750901 -0.080616909
0.0878169213 0.0146878296 -0.0830503955
0.0827648916 0.0140547743 -0.0859427317
0.0861100818 0.0180297168 -0.0834853622
0.10357532 0.0234349339 -0.0738098458
0.102424467 0.0245245201 -0.0741890609
-0.0535904266 -0.0491751775 -0.0425233516
-0.0312757585 -0.277065373 -0.0354465663
-0.0376154543 -0.281662938 -0.0268704
-0.065627597 -0.0266399415 -0.0399155711
-0.0314854552 -0.279163751 -0.0325628299
-0.280900396 -0.0975794128 -0.0137632611
0.316334091 -0.00903576659 -0.0609684128
0.328541672 -0.0116176372 -0.0592742089
0.332431828 -0.0136856665 -0.0592846531
0.334446225 -0.0102014228 -0.0602709762
0.333097304 -0.00835753592 -0.0615364183
0.338905548 -0.0148332936 -0.0595248589
-0.0189764337 -0.295004678 -0.00556380272
-0.00579975675 -0.290425918 -0.0621927214
-0.00371057146 -0.273261507 -0.0461900503
-0.157943136 0.267202778 -0.00877969556
-0.464984911 0.0870666297 0.00289943553
-0.00532884377 -0.287306581 -0.0597294913
0.331938608 -0.00966188445 -0.0596525895
0.334766197 -0.00015723928 -0.0675938432
-0.315165978 0.221864143 -0.00193595178
0.338458439 -0.00549247157 -0.0590320588
0.322862022 0.00835749249 -0.0556554959
-0.00336943194 -0.295161708 -0.0663606407
0.324733234 0.000991719793 -0.0606696279
-0.148693023 -0.314465224 0.0500348967
0.323477113 -0.0103361232 -0.0604786113
0.322144738 -0.0091033527 -0.0582894012
0.316928353 -0.00819544262 -0.0587431553
0.316113159 -0.00756873066 -0.0572552221
0.309996474 -0.00770298745 -0.0587842719
0.302732862 -0.00703152445 -0.0578336824
0.295351148 -0.00538349568 -0.0525520411
0.302324809 -0.00544724817 -0.0542792094
0.315387678 -0.00077469932 -0.0567273572
0.303233595 -0.00296781081 -0.0542941
0.305151609 0.00401293209 -0.0540979043
-0.282740423 -0.109723343 -0.0140635303
0.0103482585 0.232283238 -0.0186602925
-0.315994577 0.221663066 -0.00335149741
0.304569221 0.00884699337 -0.0530409272
0.298822787 0.00709413319 -0.0518527748
0.312215405 0.00462209997 -0.0554020911
0.0707195853 0.201279773 -0.0272414758
0.313483268 0.00551130662 -0.0553964538
0.299781903 0.0153028648 -0.0508029967
0.295924844 0.0213470673 -0.0479420114
0.387432552 0.227572239 0.00850048402
0.374978787 0.210012412 0.013903001
0.348362003 -0.00956013152 -0.0584583549
0.350334342 0.0018339597 -0.0574611057
0.340705242 -0.00527569246 -0.058818533
0.334038575 0.00364011009 -0.0572892335
0.375277752 0.210904128 0.0127705416
0.358853514 0.178989 0.0339622082
0.324309583 0.0133986289 -0.0543838782
0.332406151 -0.013670922 -0.0592825514
0.341971856 -0.00898108046 -0.0590808784
0.334462192 -0.00241820781 -0.0582559945
-0.316276026 0.221679757 -0.00656191915
0.329931089 0.00500049281 -0.0563606494
0.35468078 0.179649888 0.0197051519
0.322679205 0.00443174097 -0.0561211084
-0.285254632 -0.115513436 -0.0138117942
0.311116901 0.00137883436 -0.0554138003
0.294298463 -0.00541461374 -0.0522300195
0.306523044 0.0120762281 -0.0526473747
-0.154058408 0.2646061 -0.0068855763
0.2995511 0.00836181093 -0.0517291268
0.314218115 0.0109655373 -0.0538291772
0.290125605 0.0186173163 -0.0473842315
0.298980934 0.0253677277 -0.0469757639
0.333976171 0.00357403666 -0.0572945393
0.335292698 0.00354806891 -0.0577524506
0.322025437 0.0123664007 -0.0545661489
0.320627851 0.0170576028 -0.0533957464
-0.334250959 0.211101525 0.0067016886
0.318528947 0.0100945694 -0.0549248008
-0.194267815 0.0461769462 -0.0153725182
0.308838958 0.0134762396 -0.0528541656
-0.268913538 -0.0849428661 -0.0144780747
0.311271354 0.0289122971 -0.0481177841
-0.184849536 0.255708538 -0.004307072
0.294854193 0.0337651906 -0.0434518993
0.295611888 0.0377440459 -0.0418722567
-0.278946945 0.235799427 -0.000976093552
0.169963613 0.100869279 -0.039729306
-0.274657606 -0.0952905628 -0.0145204292
0.311008482 0.0238644868 -0.0497566637
0.170939117 0.0752091939 -0.0405645851
0.299043251 0.0427071924 -0.0394340175
0.172713426 0.0848688832 -0.0424884284
0.355711189 0.183199399 0.0135760215
0.31333703 0.0372753238 -0.0440647537
0.310560868 0.112385194 -0.00307259338
0.379283057 0.219165319 -0.0023508784
0.378390895 0.218731119 -2.02562545e-05
0.378217665 0.211608702 -0.00741780784
0.378111561 0.209247552 -0.00981272368
0.378471575 0.208494265 -0.0107136454
0.373464541 0.202346609 -0.00696068299
-0.268583105 -0.0891614771 -0.011633678
0.375604136 0.211127439 -0.00271431696
0.372732613 0.207391544 -0.0011737599
0.371604283 0.207853237 0.00125415821
0.37546411 0.21453942 0.00182348309
0.373502449 0.210473767 0.00773197782
0.382646282 0.221901808 0.00694107878
0.386385629 0.213594513 0.0271141293
-0.257910449 -0.0700656868 -0.00747428102
0.383561159 0.21893471 0.0159138724
-0.257578462 -0.0710060691 -0.0122222164
0.368398941 0.203177427 0.0021885859
0.363160338 0.195122885 0.0052419547
0.363603012 0.193154013 0.000832066301
0.376655862 0.210232401 0.0170434406
0.368871417 0.203073643 0.0119489404
0.190192505 0.040308539 -0.034519624
0.363287349 0.195622302 0.0100459478
0.365702411 0.194431752 0.022291003
0.287737967 0.0554239524 -0.0341565545
-0.252458102 -0.0623582502 -0.0124943773
0.352612922 0.178332968 0.0121864155
0.350357603 0.17578074 0.00739168282
0.357323951 0.186158767 0.0110893897
0.348071265 0.15930683 0.00159016649
0.342916337 0.164726402 0.00617939871
0.346778903 0.16477172 0.00250038667
0.345445316 0.165791635 0.00495279489
0.354553264 0.177660218 0.0233707991
0.324202665 0.133960084 0.00820795662
-0.269283214 -0.090687633 -0.0112065937
0.327749594 0.136180647 0.0173884461
0.339710411 0.158138987 0.0120443177
0.331095402 0.146071465 0.00666799077
0.331416428 0.131368585 -0.00494463212
0.341628031 0.158145985 0.0226697879
0.333505061 0.144186524 0.0231260358
0.317610882 0.127932361 0.000418934251
0.201318936 0.0264697085 -0.0336633961
-0.449966915 0.10813278 0.00688651991
0.365068536 0.193583895 -0.00137980253
-0.225946857 0.0176729949 -0.019276024
0.37085759 0.19368437 -0.00896359405
0.363459926 0.182884364 -0.00619290083
0.357391972 0.177615936 -0.00314688783
0.355160588 0.180021303 0.00209958155
0.350687007 0.174231468 0.00221376814
0.371788103 0.198002309 -0.00787179135
0.37552487 0.201976443 -0.0117276581
0.366131474 0.19502441 -0.00205745129
0.255582084 0.0195523203 -0.0393148117
0.34418908 0.167773919 0.00455178646
0.199696506 0.0263430257 -0.0336891944
0.358603931 0.18472572 0.000478941768
0.347632737 0.171810106 0.00536531723
0.360815089 0.188849369 0.00107268917
0.370789816 0.201416339 -0.00349387311
0.355001319 0.182151549 0.00379146563
-0.267403122 -0.0882786046 -0.010920446
0.344075078 0.167668833 0.004483495
0.359282388 0.189495005 0.00427285428
-0.261915523 -0.0787616404 -0.0112226306
0.393652166 0.234789027 0.0113167182
-0.234186835 0.0107687947 -0.0176855686
0.393702485 0.236146345 0.00896930546
0.396655517 0.242678237 0.00322466275
0.397198137 0.2433192 0.00351331112
0.403689985 0.247445129 -0.0141765891
0.39873694 0.249193115 -0.00684834515
0.397982207 0.247643906 -0.00531892229
0.408340474 0.241612023 -0.0230491999
0.423243529 0.243510272 -0.028541573
0.41532473 0.246254648 -0.0208302376
0.419099095 0.245578365 -0.0243747811
0.41066133 0.249199107 -0.0131925403
0.39800683 0.246214195 -0.00132801264
0.402194155 0.25171378 -0.00442435718
0.410281354 0.251818884 -0.00717593627
0.396934 0.243812265 0.00124790382
0.397862359 0.245501206 1.25659633e-05
0.401259761 0.251085862 -0.00259136604
0.398597347 0.246305785 0.000379021128
0.400989416 0.250388615 -0.00172889137
0.402334647 0.2516104 0.000919622979
0.404753269 0.253147341 0.00467785977
0.399753263 0.246338903 0.00639342946
0.397303626 0.243356526 0.00383750644
0.396143256 0.239222209 0.010485042
0.416425394 0.24536775 -0.0240197017
0.407450639 0.248477214 -0.0148836885
0.428767928 0.250138858 -0.0186919189
0.386665239 0.226764007 0.0512643572
0.418873361 0.251825679 -0.0111782464
0.40681044 0.250445303 -0.00972730727
0.423960052 0.252045087 -0.0142824043
0.402884052 0.25060687 -0.00775472174
0.40534962 0.250843571 -0.0115812316
0.401453768 0.251446147 -0.00502892993
0.417340819 0.254055667 -0.00365554503
0.409248245 0.251924045 -0.0063100232
0.414192281 0.254246463 -0.00247716373
0.42844919 0.254240157 -0.00326272833
0.414308741 0.25549157 0.00432423279
0.419457708 0.255961543 -0.00143980181
0.420721254 0.254258914 -0.00461581194
0.428831909 0.257384116 -0.000316991017
-0.264822169 -0.0870404266 -0.0091373693
0.400026382 0.246027561 0.00821670724
0.421156585 0.253417398 -0.00923839525
0.401555399 0.251863828 -0.00362191543
0.408093012 0.255018437 -0.00144819755
0.406729375 0.254205275 -0.000940575079
0.401030532 0.251552612 -0.0045370096
0.401207002 0.25148187 -0.00482717984
0.40118018 0.251872256 -0.00445753471
-0.160583531 0.259699808 -0.00422605759
0.403080973 0.256087198 -0.00312301125
-0.29624221 -0.138720872 -0.0133744349
0.398158186 0.255823771 0.0209415142
0.431131013 0.257779218 0.000446834797
0.3944178 0.237412805 0.00891074238
0.428288437 0.258079741 0.00550212108
0.43020431 0.257606564 2.51901424e-05
0.417160356 0.255899763 -0.00102386338
0.415872121 0.26204971 -0.00594411241
-0.241863964 0.0037518908 -0.016113855
0.412473313 0.256411 -0.00203590328
0.393702485 0.236146345 0.00896930546
0.409602742 0.257957427 -0.00340249337
0.406136067 0.254114753 -0.000406596031
0.396465487 0.230723288 -0.0201107687
0.390249668 0.236845827 -0.0134721457
0.389106289 0.233547775 -0.0155131923
0.39179231 0.236020064 -0.0168604572
0.38470096 0.222521309 -0.0151220577
-0.391673543 0.168947195 -0.000224440883
0.38823286 0.231217439 -0.0133873204
0.386593424 0.226846959 -0.0126354022
0.387950302 0.230522014 -0.0191994853
-0.222007316 -0.00586725961 -0.0145954387
-0.392033642 0.16890104 -0.00317248537
0.401883613 0.233505138 -0.0361507371
-0.401148433 0.161730846 -0.000352335619
0.397157798 0.240118532 -0.0170255703
0.390690011 0.236944203 -0.0138254606
0.402304146 0.235949199 -0.0224464649
0.410245254 0.240176965 -0.0256672541
0.418834106 0.240427521 -0.0302333957
0.404181753 0.243066543 -0.0198075491
0.406719727 0.245192383 -0.0196595835
0.404675542 0.243557441 -0.0195239078
0.417526435 0.242595005 -0.0279980898
-0.289151465 -0.125953153 -0.0117362785
0.391569518 0.23262708 -0.022840376
0.390222522 0.236751597 -0.01363348
0.396100161 0.232765913 -0.0304418057
0.38990086 0.235773312 -0.0147181679
0.393001711 0.233219847 -0.0232237398
-0.294623382 -0.135509251 -0.0132289403
0.396187743 0.240453826 -0.0159169045
0.393191645 0.23865544 -0.0155030573
0.391449406 0.240290557 -0.0116466942
0.388924844 0.240805495 -0.0218876699
0.391525963 0.242931099 -0.0135310918
0.38145154 0.210224599 -0.0207341546
0.38318263 0.215765872 -0.0194785677
-0.215944241 0.00649397987 -0.0152105553
0.384386749 0.219483474 -0.0251013964
0.377062586 0.200558921 -0.0184038865
0.378241448 0.208104981 -0.0132630168
0.374443784 0.206878539 -0.00541503006
0.369347244 0.202218942 -0.00080469871
0.379158492 0.212590269 -0.00913411487
0.384244892 0.221088183 -0.0192730928
0.385552629 0.222936249 -0.0222007514
0.38407097 0.220467554 -0.0135776532
0.380167077 0.215263074 -0.00844030508
0.378267044 0.215267118 -0.00435023926
0.384337233 0.22391863 -0.0103405536
0.386677327 0.22832676 -0.0261458038
0.389321432 0.235645607 -0.017667271
0.383630652 0.220987363 0.0121479851
0.386782908 0.227823643 -0.0215405171
-0.294198268 -0.135308556 -0.0127543054
0.388005831 0.236306642 -0.0250353994
0.388586607 0.237984024 -0.0231703463
-0.288968481 -0.126200109 -0.0113891282
0.387427392 0.239842534 -0.0291564834
0.387860856 0.234103498 -0.0215815605
0.38860711 0.232792081 -0.0133787947
0.389825277 0.237672971 -0.01497674
0.390201342 0.238833905 -0.0136756469
0.388855711 0.242859078 -0.0206137415
0.385467806 0.225413185 -0.011196398
0.384364703 0.227347806 -0.00669710496
0.381693356 0.224361233 -0.00264972331
0.38522355 0.229925362 -0.00615512819
0.388102846 0.23393823 -0.00985044062
0.384132722 0.227739658 -0.00547941007
0.385815849 0.223403537 -0.0124649467
0.388196605 0.225919567 -0.0147543891
0.38810036 0.232643423 -0.0114937399
0.384052184 0.227481098 -0.00173897152
0.389302527 0.234437759 -0.00118533726
0.388863469 0.230554892 0.00614503218
0.382005748 0.217875446 -0.00954884546
-0.279130983 -0.108285724 -0.0110023447
0.404650737 0.237839082 -0.0221279307
0.393079548 0.240115252 -0.0131693449
0.389918449 0.236703953 -0.00544123958
0.39263152 0.240578744 -0.00564050818
0.382440781 0.21616294 -0.0107069389
0.380652077 0.201856903 0.0376617552
0.386119862 0.220038984 -0.0140013155
0.389391753 0.223713439 -0.0170454456
0.381395394 0.216035413 -0.0103221618
0.384346888 0.221729798 -0.0117570064
-0.21537225 0.0144136976 -0.0164324398
0.390564675 0.23082622 0.0102751705
0.388526481 0.228052829 0.0103162181
0.387899789 0.224233462 0.0154619115
0.389800149 0.225390852 0.0174100275
0.393655697 0.223959814 0.0230849589
0.395844636 0.216578402 0.0286865376
0.392279603 0.234136173 0.00913750971
0.394611861 0.238910219 0.00603303194
0.395643203 0.243014694 -0.000685607977
0.385842031 0.211799668 0.0392622445
0.415362109 0.245503418 -0.0236418884
-0.282464168 -0.114516273 -0.010451199
0.363081414 0.195104562 0.00345734617
0.371253716 0.206107547 -0.00012144164
0.355426601 0.183726706 0.00462277204
-0.210750448 0.256768207 -0.00840833672
0.365337156 0.198645525 0.00280285537
0.373601152 0.211110826 0.000676805143
0.378577243 0.218847541 -0.000941760516
0.379499017 0.220415605 -0.00155503596
0.373733332 0.21152172 0.000891332778
0.369986901 0.212501745 -0.0040414535
0.364500347 0.208754742 -0.00449907091
0.378532019 0.222136497 -0.00353164568
0.379187188 0.223618899 -0.00411076465
0.406311963 0.24556557 -0.018938309
0.406632705 0.24725475 -0.0166944891
0.402183243 0.245583427 -0.0154998167
0.401638541 0.247314538 -0.0130541707
0.375545077 0.204278825 0.0255430265
0.400327256 0.248309129 -0.0105964254
0.401352748 0.248651241 -0.0106934479
0.398877472 0.24784316 -0.0102333705
-0.278101336 -0.107435998 -0.00996645317
0.398250058 0.248965144 -0.00781937769
0.395416208 0.245866813 -0.00932553987
0.392945196 0.242951671 -0.010725211
0.396223117 0.246932713 -0.00911262888
0.387755006 0.2441534 -0.0297957226
0.392309385 0.250382222 -0.0171224989
0.3914794 0.251137214 -0.0199472489
0.392851398 0.2516206 -0.0168686216
0.392974364 0.252955985 -0.0192046835
0.389582203 0.253039369 -0.0254194932
0.392696884 0.251876334 -0.0174987476
0.393044358 0.251366709 -0.0165319469
0.396693772 0.250582357 -0.0105388205
0.398222698 0.250657297 -0.00867361798
0.394613429 0.251080179 -0.0135719321
0.39318719 0.253180747 -0.0165274747
0.394961047 0.25391381 -0.0146800971
0.391586265 0.264559485 -0.0278780677
0.387345306 0.267379732 -0.0432866573
0.396604645 0.25957733 -0.0152129927
0.393964907 0.255532429 -0.0167077824
0.397804827 0.265255703 -0.0165819324
0.397941381 0.261345109 -0.0145067592
0.396210632 0.270115956 -0.0256376881
-0.27945613 -0.111590821 -0.00963029667
0.398182114 0.268939624 -0.0207975154
0.397441841 0.266936599 -0.0190063551
0.387984763 0.243402107 -0.0267647084
0.387568874 0.2443633 -0.0309431283
0.389048504 0.247014961 -0.0242064208
0.388555489 0.244123161 -0.0228213624
0.389429636 0.247208451 -0.0218294254
-0.41547895 0.153044884 -0.0152006418
0.389037373 0.242886795 -0.0197128878
0.380261707 0.20380892 0.0323565832
0.388227461 0.259806965 -0.0352726267
0.388118412 0.250167688 -0.0268695831
0.388755813 0.249002306 -0.0243932043
0.389718724 0.252851926 -0.0248250643
0.390355546 0.238012868 -0.0123983983
0.385406317 0.243137446 -0.0239121351
0.389944552 0.237615359 -0.0112302103
0.372415014 0.19010537 0.0453931177
0.388187378 0.255497882 -0.0303031976
0.361771006 0.176061315 0.0410710368
0.389474206 0.270582755 -0.0370047434
-0.454690448 0.100279843 0.0179473751
0.390892218 0.254885779 -0.0229417066
0.392958077 0.254642815 -0.0173207962
0.391803156 0.262241774 -0.0247673407
0.380243074 0.20067825 0.035933261
-0.190722324 0.175850439 -0.0205718902
0.394254584 0.268044487 -0.0240234984
0.393025972 0.260197404 -0.019892306
0.391723065 0.247866356 -0.0159427895
0.378881703 0.203626174 0.060688761
0.403658585 0.249737991 -0.0102316218
-0.406992805 0.160953492 -0.0175602635
0.399077687 0.24969913 -0.0068596549
0.398651634 0.250843112 -0.00816097626
0.400036322 0.251117393 -0.00615886474
0.400899046 0.25738261 -0.00807246418
0.400269556 0.250908599 -0.00565155667
0.398638078 0.256610295 -0.0111205198
0.400093705 0.262693217 -0.0122348457
0.402717249 0.270102741 -0.0160837852
0.400838999 0.263244432 -0.01139426
0.401733123 0.262325095 -0.00917458356
0.402758881 0.25842937 -0.0050858805
0.402299131 0.266017706 -0.010100281
0.407242077 0.262525803 -0.00653188584
0.411885745 0.263340438 -0.00627446154
0.405559556 0.261120069 -0.00554034472
0.419238847 0.267105946 -0.00757305498
0.387361823 0.233691036 -0.0066388052
0.384058023 0.228039973 -0.00400567177
0.380344974 0.232275517 -0.00769589371
0.390410353 0.238991257 -0.00962503525
0.390642189 0.241229689 -0.0143878577
0.391897477 0.241340711 -0.0106736972
0.3905111 0.239152168 -0.00963928603
0.392182184 0.243795126 -0.0120978487
0.381411715 0.23997326 -0.0123618939
0.373918531 0.24414755 -0.0155174316
0.360207611 0.24782533 -0.0198166156
0.376734559 0.251555787 -0.0182802748
0.394641031 0.265962168 -0.0212912331
0.395318314 0.265528485 -0.0201203856
0.393095838 0.259930252 -0.0194893746
0.38788234 0.266231802 -0.0234601857
0.392109246 0.269082073 -0.022153561
0.390417365 0.262531629 -0.0214683051
-0.252700618 0.242914901 0.00320864863
0.392989674 0.250593607 -0.0152291356
0.39277906 0.254856771 -0.0174623351
0.392475849 0.248162317 -0.0143341512
0.391273003 0.249083375 -0.0149574606
0.36600718 0.260315445 -0.0225363799
0.378275945 0.254366703 -0.0197910388
0.358310878 0.171011617 0.0557033317
0.377462482 0.264371155 -0.0256816727
-0.461560063 0.0906261377 0.0124755779
0.382147612 0.262205295 -0.0236879504
0.427917952 0.147998528 0.0722891174
-0.289042525 0.231809832 0.00534096383
0.421428171 0.127508621 0.0799188239
0.386448402 0.263858502 -0.0224468176
0.387388815 0.255832602 -0.0188375042
0.38378652 0.244364765 -0.0128541113
0.38585469 0.245243918 -0.0130297152
0.392500326 0.240069588 -0.00434344277
0.415748377 0.133388144 0.0687142091
0.389382755 0.236308024 -0.00620940989
0.390172439 0.235787713 -0.00185592665
0.395078248 0.258107537 -0.0161831475
0.389456768 0.254517616 -0.0178686557
0.396183887 0.252051589 -0.011846617
0.395670787 0.246155051 -0.00889699849
0.387831726 0.252201048 -0.0165845142
0.395273925 0.245463314 -0.00844012508
-0.221933829 0.000970774341 -0.015916377
0.396782558 0.249168039 -0.00966937957
0.26142708 -0.0148595856 -0.0519121876
0.279457155 -0.00784688774 -0.0510795299
0.288807556 -0.00501792079 -0.0510077446
0.289800533 0.00161502245 -0.0502194071
0.288326217 -0.00560240528 -0.0509348798
0.27858103 -0.00683513731 -0.0487588243
0.251239547 -0.0110031309 -0.0440341527
-0.29292543 0.22985668 0.00420546271
0.234606805 -0.0101517298 -0.0396636415
0.255330906 -0.00827881032 -0.0433429741
0.273124206 -0.0059179472 -0.0471555403
0.264312801 -0.00319807155 -0.0446201461
0.270121092 0.00289671577 -0.0450876744
0.242129817 0.013139757 -0.0375265345
0.293209958 0.00846759365 -0.0503108314
0.289385277 0.00552563047 -0.0496481636
0.277692715 0.00806161062 -0.0461879223
0.283031962 0.0147414087 -0.0464550294
0.261967385 0.0157312853 -0.0411412229
-0.235281458 0.0272780424 -0.017630753
-0.250027752 -0.0578170312 -0.0127064548
0.291096875 0.018469585 -0.0477335184
0.288304287 0.0175078588 -0.0473267849
0.282215265 0.0231388126 -0.044660463
0.261784043 0.0296814983 -0.0393535141
0.2444043 0.0516835657 -0.0345610773
0.268947731 0.0321476363 -0.0399840576
0.423513381 0.161033392 0.0606995442
0.220718076 0.0401335175 -0.0346607041
0.252981217 0.0298540278 -0.0377239217
0.409911127 0.187257612 0.0438065164
0.223975439 0.0497170766 -0.0353652884
0.210671648 0.061710381 -0.0368162651
0.220600513 0.0631967408 -0.0365978437
0.410336541 0.135392161 0.0621767465
0.234646822 0.0680048938 -0.0350680149
0.200273459 0.0626023954 -0.0373574145
0.204294165 0.0769853843 -0.0408193974
0.155070875 0.0111162999 -0.0565890749
0.164065733 0.016920897 -0.0512997626
0.227719676 -0.014902913 -0.0412201899
-0.257238765 -0.0718003596 -0.0115596513
0.228417421 -0.0112051751 -0.0390401864
0.234814589 -0.00525995923 -0.0388038747
-0.159820652 -0.316349681 0.036804301
-0.246829163 -0.0543742802 -0.0124877222
0.219339746 -0.00345248075 -0.0361844639
0.212719668 0.0088477232 -0.0345126306
0.199979396 0.0260122153 -0.0337021095
0.229109101 0.0104237881 -0.0358877291
0.191382455 0.0362830922 -0.0342927683
0.193631138 0.0202637229 -0.0385785654
0.281479781 0.0135421338 -0.0460675658
-0.249016833 -0.0639610611 -0.0105771052
0.168242799 0.0370402553 -0.0438348208
0.157347856 0.04224735 -0.0469838092
0.176244147 0.052519763 -0.0365668551
0.14886769 0.0343320424 -0.0525356222
0.154366745 0.0520027838 -0.0460831584
0.149415164 0.0505406688 -0.0485995409
0.16462048 0.0619803332 -0.0418239418
0.148762987 0.0548893273 -0.0498129224
0.165921468 0.0729806377 -0.0429782124
0.171159193 0.0639013079 -0.0387165789
0.157698906 0.0707953565 -0.0477439037
0.168358219 0.0818192318 -0.0433649016
0.141777829 0.0554920574 -0.0545259419
0.239444371 -0.00974780665 -0.0401954138
0.205863698 0.0407799437 -0.0346011004
0.195312367 0.0422236045 -0.0348115694
0.196327072 0.0531847401 -0.036014528
0.180500933 0.0479889639 -0.0357407759
0.172278356 0.0577420051 -0.0374736264
0.190062253 0.0644673051 -0.0380621725
0.178380325 0.0674803001 -0.0389906304
0.18653162 0.0752495118 -0.0403045467
0.171727608 0.0684927717 -0.0392734495
0.173421025 0.0796242758 -0.0415904213
0.221352774 -0.0185792204 -0.0422948365
0.28470843 0.0339156797 -0.0417949102
0.272233238 0.0478021903 -0.0357158207
0.260395704 0.0449695512 -0.0361889032
0.203547487 0.0808479009 -0.0421915875
0.241899779 0.0717192856 -0.0341275422
-0.222896802 0.0293032504 -0.0197109198
0.19482923 0.0890941694 -0.0448448012
0.213765776 0.0861472644 -0.0437910133
0.218351074 0.0900046107 -0.0441799686
0.215941567 0.0916070805 -0.0453912988
0.23322341 0.079643713 -0.0382741175
0.208135504 0.0993392552 -0.049702433
0.0859932399 -0.279340133 -0.0388802194
0.203980149 0.0888815376 -0.0448956863
0.196971481 0.0957684244 -0.0473575387
0.199213921 0.101090571 -0.0491331899
0.190819146 0.0998995661 -0.048188579
0.205493498 0.0996259825 -0.0485628155
0.17056165 0.0814398436 -0.042076515
0.171326133 0.0800987056 -0.0417307674
0.164174241 0.0958014332 -0.0497235578
0.15062134 0.0736002051 -0.0541977142
0.150196418 0.0866236257 -0.0614271135
0.157147384 0.091262671 -0.0549017871
0.141083738 0.0841226846 -0.0701691422
0.14834292 0.093300582 -0.0680697587
0.157996462 0.0987322056 -0.0580307746
0.143183473 0.0971134248 -0.076266802
0.15226765 0.0969442561 -0.0654744101
0.163920496 0.101074562 -0.0505216654
0.157483224 0.101358872 -0.0608048978
-0.235490653 -0.0495603718 -0.0118791823
-0.215394177 0.0357398414 -0.0200500896
0.18446179 0.0924341613 -0.0453973029
0.0474714798 -0.303329067 0.0527069767
0.183351425 0.0954968843 -0.0462461114
0.171103732 0.0913597424 -0.0439525571
0.15512791 0.102330272 -0.0642526824
0.161771393 0.104382582 -0.0550832998
0.184681172 0.0980071174 -0.0469798517
0.183650691 0.102783608 -0.0482067057
0.178648668 0.0956996277 -0.0456628597
0.182574096 0.106892961 -0.048932748
0.17794386 0.106320253 -0.0481936213
0.170541419 0.0966789454 -0.0448652888
0.167980693 0.101125213 -0.0469231935
0.168952218 0.10497478 -0.0462252814
0.171070182 0.112132474 -0.0524300564
0.174219743 0.107496585 -0.0476305166
0.0814582737 -0.298705266 0.0526178746
0.17452599 0.109667825 -0.0481319859
0.174749777 0.113288689 -0.0486158428
0.18743597 0.110875756 -0.05085505
-0.244533288 -0.0657494196 -0.00797398701
0.178730396 0.118967416 -0.0511314346
0.162828696 0.103427031 -0.0524465484
0.167466367 0.106973996 -0.0471624562
0.165554938 0.107915483 -0.0483489767
0.164262381 0.105985408 -0.0500433955
0.169608491 0.109829088 -0.047188618
-0.218699664 0.0494844587 -0.0205443638
0.169453207 0.111959897 -0.0471969822
0.168072307 0.107905957 -0.0465725971
0.167397699 0.110996801 -0.0463275868
0.17004802 0.121537325 -0.047956814
-0.244304371 -0.0659989876 -0.00767376199
0.161621163 0.118874577 -0.0461954152
0.257825988 0.0602445856 -0.0323767992
0.246544953 0.0716186364 -0.0322599684
0.259026166 0.0732814451 -0.029388463
0.121012872 -0.28923529 0.06345232
0.237432735 0.0820984202 -0.0374298245
0.279602494 0.0801164765 -0.0242012769
0.271165782 0.0838162482 -0.0239709491
0.248545714 0.0879915439 -0.034622436
0.286439217 0.0936906133 -0.0167347535
0.146895506 -0.285665586 0.0668075244
0.133839459 -0.286717676 0.0664006949
0.10517098 -0.296266275 0.0539451335
0.209906743 0.078004245 -0.0409219059
0.206048621 0.0851130899 -0.0433677217
0.1967855 0.0827607142 -0.0424677176
0.343970836 0.167713975 0.00415223285
0.34363762 0.167304155 0.00428300031
0.32872502 0.151281788 -0.000864614121
0.21155077 0.0980057791 -0.0477846838
-0.240936688 -0.0671289301 -0.00570696271
0.217251674 0.0971957183 -0.0463745391
0.242393392 0.090736661 -0.0373241728
0.232748778 0.0941471479 -0.0412244236
0.238077811 0.100309038 -0.0386439432
0.207470806 0.100660836 -0.0484103238
0.218233245 0.100733987 -0.046009406
0.227204082 0.103534599 -0.0420565636
0.193294437 0.104966165 -0.0497341159
0.199218718 0.102938603 -0.0497924258
0.180004203 0.111508837 -0.0494875166
0.119633588 -0.295899906 0.0511759904
0.299491906 0.120490149 -0.0125356158
0.329379532 0.14605918 0.00432740999
0.33373516 0.155584829 0.00186178673
0.162998916 -0.289872711 0.0566056187
0.339156091 0.160981588 0.00419928201
0.0332664035 -0.304535196 0.0397066172
0.344473582 0.168093268 0.0046807634
0.329478978 0.147967533 0.00298165098
0.351055624 0.177010391 0.00816905475
-0.258445941 -0.0797454579 -0.0091986303
0.196192395 0.100117644 -0.0484471198
0.12200037 -0.294788754 0.0469275035
0.296659359 0.107171602 -0.0118201088
-0.199539429 0.157317144 -0.0209550567
0.189313116 0.0904769747 -0.0448241071
-0.189936981 0.154949483 -0.0213795502
0.183365554 0.106673011 -0.0489057713
0.178894586 0.11243418 -0.0493427186
0.184020715 0.109573508 -0.0495237306
0.181398763 0.111036781 -0.0495086106
0.175268175 0.112983181 -0.0486220888
0.174651106 0.108498411 -0.0478636672
0.175712975 0.115732907 -0.0489921348
0.170765311 0.114840089 -0.0477385773
0.179106833 0.100445115 -0.0469638477
0.169066373 0.104430567 -0.0460891299
0.145178292 0.0109603125 -0.0606825397
0.135135084 0.0238362843 -0.0609680103
0.134379531 0.0307953356 -0.0594985526
-0.375579652 0.175914287 0.0179068166
0.121989314 0.034885573 -0.0633440851
0.107205837 -0.296451144 0.0465915705
0.136359776 0.0441064245 -0.0555449979
0.111504254 0.0337059316 -0.0694567198
-0.0938577416 -0.00955930862 -0.0301126832
-0.197974967 0.152414466 -0.0212365337
0.102636919 0.0326749615 -0.0749186208
0.1342552 0.0484362898 -0.0578285667
0.130643486 0.0573615502 -0.0639040797
0.14285109 0.0647972971 -0.0571199661
0.130216273 -0.294175177 0.0481609583
0.127030242 0.0647876597 -0.0708950853
0.121374064 0.0541681471 -0.0701364859
0.134013417 0.0744134482 -0.0705591565
0.0968145687 0.0264594689 -0.0773693259
0.10305841 0.0412680576 -0.0781832628
0.110692838 0.0516682186 -0.0768565514
0.0993836545 0.0508578861 -0.0855454854
0.117528044 0.0630627859 -0.0779973956
0.092913679 0.0575703621 -0.0944885021
0.133420764 -0.293181182 0.0436660401
0.115335644 0.0713509718 -0.0859905441
0.114769954 0.077136655 -0.0910963173
0.0943423155 0.0595541161 -0.095404819
0.121584939 -0.293045306 0.0265545352
0.095131665 -0.286000056 -0.0199173916
-0.447309076 0.110307664 0.0213113881
0.163016301 -0.279639564 -0.0286583989
0.0645432416 0.0167491968 -0.0972309873
0.0816029416 0.0214295639 -0.0862142493
0.233772261 -0.289183869 0.0540490368
-0.313119226 0.221634129 0.00662474312
0.0587033475 0.0227895972 -0.103314503
0.0881193638 0.0250526277 -0.0829028293
0.0866000725 0.033632442 -0.0872419584
0.178574232 -0.289982698 0.0528184381
-0.218299375 0.251721108 -0.00564316316
0.0649796128 0.0303955034 -0.102483184
-0.0954773585 -0.0328341134 -0.0289002968
-0.0934494949 -0.0305393439 -0.0367233858
0.0653840519 0.0268953252 -0.100038146
0.0766088684 0.0277432717 -0.0918728154
-0.0924494246 -0.037843851 -0.0381203645
0.0848196065 0.0241356904 -0.0846600069
0.169002405 -0.286318249 0.0626919832
-0.221595853 0.248358167 -0.00326715998
-0.367188006 0.185633592 0.0120402382
-0.150212886 0.00279401655 -0.0257778074
0.0793492264 0.020715877 -0.0873876388
0.0787212539 0.0208731368 -0.0872698368
0.0785549413 0.0431331879 -0.0981295265
0.0776318509 0.0356601975 -0.0949510121
0.081660858 0.0507027636 -0.0988953904
0.19782419 -0.281912209 0.0661098256
0.175112668 -0.283382221 0.0668256665
0.0837546375 0.0259320547 -0.085963471
0.0804969925 0.0431513049 -0.0959518698
0.162228276 -0.283874774 0.0685603262
-0.369475119 0.182995872 0.0131178219
0.0953564918 0.0397946697 -0.0830714876
0.101932395 0.034551377 -0.0757342942
0.095738663 0.0515932968 -0.0882310576
0.0894501016 0.05956732 -0.0976098903
-0.199090673 0.149641462 -0.0218144976
0.105359076 0.0460306315 -0.0778841688
0.0998836511 0.0495632251 -0.0839726267
0.106350874 0.0541134588 -0.0809453191
0.14208132 0.0438774852 -0.0529077904
0.138408008 0.0447583426 -0.0543646219
0.151636846 0.0500255337 -0.0474479202
0.127111262 0.0390825365 -0.057528111
0.12093832 0.0387180255 -0.0481235215
-0.0937323968 -0.00923963219 -0.036773112
0.122635749 0.0387089625 -0.0535376275
0.137191161 0.0444387758 -0.0532118312
0.12543428 0.0376110389 -0.0613526759
0.137036699 0.0443947152 -0.0551198778
0.147906269 0.0494516614 -0.0492818451
0.130977675 0.0461915819 -0.0413710115
0.146672262 0.0494627283 -0.0499083743
0.139549008 0.0456339156 -0.0537761367
0.14189273 0.0483577924 -0.0526453946
-0.371530984 0.182208901 0.00789923877
0.13699561 0.0444858785 -0.0551540269
0.15489885 0.0541488336 -0.0458547005
0.145990023 0.0502978797 -0.0503953124
0.147996943 0.0544745541 -0.0501663305
0.158188234 0.0638992564 -0.0456520106
0.14588344 0.0609390841 -0.0530259214
-0.093059971 -0.0198782299 -0.037090601
-0.100950032 -0.00742552755 -0.0376090432
0.0866459727 0.0223021745 -0.0831595151
0.0803055975 0.020836138 -0.0868187356
0.237900117 -0.28673946 0.0606309374
0.0909844873 0.0259802769 -0.0775933854
0.187690161 -0.28756437 0.0573065861
0.0936311465 0.0256935797 -0.0790423877
0.209801468 -0.286095664 0.0585492836
0.114728794 0.0314602506 -0.0671281073
0.111061103 0.0347470134 -0.0696834075
0.215931973 -0.280879062 0.0685781273
0.114350582 0.0310370213 -0.0673828201
0.244812548 -0.280901512 0.0718860112
0.114362513 0.0313914965 -0.066767936
0.109201265 0.0277331235 -0.070432201
-0.167604299 -0.00579242997 -0.0218514982
-0.225524602 0.0435683917 -0.0195936694
0.122213028 0.0376452269 -0.0632638782
0.105614889 0.0335800832 -0.0728716137
0.112352296 0.038823184 -0.0698161673
0.217106598 -0.28640227 0.0587601168
0.115092552 0.0383168755 -0.0676907478
0.121043933 0.0427602639 -0.0649382509
0.118286922 0.0439216188 -0.0675501197
0.247806564 -0.284505232 0.0668257881
0.12197335 0.051097537 -0.0676430693
-0.0934781745 -0.0428510323 -0.0380023183
0.194652338 -0.288651871 0.0545096073
-0.377758693 0.178806315 -0.000751543203
0.129129579 0.040721329 -0.0594400888
-0.0934884801 -0.00936219983 -0.0354221173
0.129487554 0.0450007705 -0.0598738065
0.135205951 0.0474937388 -0.0567926619
-0.17511568 0.0948075266 -0.0153481244
0.131538303 0.0827883192 -0.0790385289
0.130756121 0.0895461914 -0.0858019617
-0.0947511048 -0.0310608482 -0.0331339378
-0.0979990274 -0.061828363 -0.0275653036
0.277986858 -0.290734711 0.0644155694
-0.177048615 0.0895582113 -0.0167648394
0.148105002 0.0977475683 -0.0715178022
0.143339257 0.0977134572 -0.07612453
0.29619233 -0.295339209 0.0594696758
0.126779491 0.0870958756 -0.0863218269
0.107837246 0.0721234014 -0.0915333449
0.143624 0.0959977592 -0.07489007
0.126521102 0.081069714 -0.0818290137
-0.0952759088 -0.0547294039 -0.0343298465
-0.177806882 0.0881717279 -0.0166365181
0.108398288 0.067906379 -0.088397152
0.265738432 -0.00411064718 -0.0449829979
0.112387035 0.062884257 -0.0813315991
0.263597063 -0.00733173127 -0.0449968585
0.126460893 0.078386943 -0.0798257936
0.293867779 -0.0108964769 -0.042169993
0.139128664 0.0814611715 -0.0695730874
0.151669787 0.0860615242 -0.0590341877
0.130568826 0.0717911222 -0.0714162831
0.132220346 0.0706803197 -0.0690496741
0.1252762 0.0626568166 -0.0708906046
-0.0936733271 -0.0370886735 -0.0380194103
0.140596675 0.100436275 -0.0791333944
0.161499966 0.105027231 -0.0556089938
0.380960668 -0.0398905751 0.0955100203
-0.18044569 0.0911971448 -0.0177124254
0.384527637 -0.0696232812 0.0922239847
0.154039025 0.0989463206 -0.0638270621
0.164453038 0.105772198 -0.0495704469
0.387325958 -0.0640877343 0.0926066453
0.155725102 0.121150258 -0.0482214694
0.158064263 0.122319586 -0.0469105659
-0.198121273 0.0700091752 -0.0199300006
0.156478876 0.123322818 -0.0473203972
-0.35091846 0.200592697 -0.000509024186
-0.208608867 0.0829989109 -0.0220538058
0.147983054 0.140611736 -0.0435126579
0.160910385 0.0988029665 -0.0530317377
-0.364504353 0.188287478 0.00974839543
0.114033488 0.0571740346 -0.0766828783
0.11639157 0.0536854671 -0.073078776
0.129947472 0.0568535467 -0.0641251226
-0.11895073 -0.0477335819 -0.0351292175
0.142561413 0.0715587926 -0.0602769263
-0.0986566996 -0.0554279641 -0.0383083968
0.140712254 0.0741209437 -0.0632268802
0.154019243 0.0781624125 -0.0528208642
0.142894496 0.0621748943 -0.0557205609
0.137697545 0.0553526937 -0.0572103053
0.147750926 0.0668512407 -0.0535433543
0.153774911 0.0680248915 -0.0495366394
0.392180748 -0.109138397 0.0857580049
0.151867594 0.0693172305 -0.0514310787
0.151984412 0.0741387956 -0.0530322575
0.160455371 0.0732539778 -0.0463180148
0.166781409 0.0824941992 -0.0443707265
0.165615528 0.0868902922 -0.0463000306
-0.0943433358 -0.0617081254 -0.038235562
0.161419334 0.119508539 -0.0460268387
0.140210033 0.101348993 -0.0534582529
-0.0949807374 -0.0775933223 -0.0384169762
0.111292937 0.166511089 -0.0446708579
0.106634201 0.163118717 -0.0495647759
-0.368157368 0.186041131 0.00235103679
0.099665529 0.170696754 -0.0457244082
0.0945056368 0.176773249 -0.041374719
0.0892693485 0.184049684 -0.0364941843
0.168215285 0.107233312 -0.0464820701
0.154950518 0.136306526 -0.042201393
0.135640609 0.159917322 -0.0376080747
0.128372234 0.164567633 -0.035210737
0.136208929 0.158095739 -0.0385873308
0.117463708 0.174188782 -0.0346105121
0.118286387 0.171476278 -0.036348754
0.393026309 -0.0865271478 0.0895356706
-0.0958790545 -0.0668062006 -0.0384344736
0.0832084563 0.190841934 -0.0320826533
0.108132196 0.1784675 -0.0318004522
0.113965466 0.17597063 -0.0331582178
0.105464943 0.182332766 -0.0325094703
0.0923207274 0.188540585 -0.0312124195
0.0776549526 0.196603214 -0.0286861692
0.0921101541 0.18821485 -0.0309137204
0.0910614245 0.189317635 -0.0308769723
0.100596543 0.181797222 -0.0284560814
0.398944877 -0.12919217 0.0816080811
0.0729252704 0.189086956 -0.0371640182
0.0838039016 0.182618367 -0.0394233872
0.0818360013 0.18340757 -0.0396503994
0.0774455282 0.18957134 -0.0354559345
0.405852172 -0.135831169 0.0807525516
0.059271986 0.201044799 -0.0302948887
0.0659016175 0.201485454 -0.027639835
0.0707604256 0.199813108 -0.0279233785
0.178002118 0.123752904 -0.0528178221
0.406518379 -0.138254149 0.0800323069
0.170362469 0.123104751 -0.0482405466
0.16810718 0.132227396 -0.0486789472
0.169452222 0.127426161 -0.0478495002
-0.10881317 -0.0667200291 -0.0371257807
0.157583107 0.146866273 -0.0434838749
0.165556414 0.129387383 -0.0456941069
-0.359478356 0.194736718 -0.00378982384
-0.0968343976 -0.077857738 -0.0384254709
0.36640889 0.201986374 0.00101233949
0.352160505 0.181527288 0.0034120664
0.354939142 0.1841623 0.00366246508
0.357737165 0.192817691 -0.000334325546
0.360151661 0.199298788 -0.00213803304
-0.0968485218 -0.042931378 -0.029129658
0.399823983 -0.129910689 0.0814494474
0.358713693 0.18863688 0.0045080786
0.35740039 0.186902084 0.00727187843
0.357132619 0.186515456 0.00738377437
0.366658066 0.201202114 0.00704199657
0.36165026 0.193222601 0.0103200904
-0.294235855 0.229220586 0.00548195272
0.376539994 0.21624997 0.00129102378
-0.366766401 0.189962435 -0.00982420706
0.370277078 0.206929013 0.00399216402
0.380428067 0.22333771 -0.00251503522
0.380541998 0.222314906 -0.00176973315
0.376674916 0.216469627 0.00131347472
0.378753363 0.224138371 -0.00362879907
0.370484284 0.207262296 0.00411721161
0.370197655 0.206802752 0.00402694864
0.34658492 0.210695524 0.00318162342
0.365336643 0.19857396 0.0123916456
0.39744768 -0.128399248 0.0814362634
0.390372081 -0.143654981 0.0780508194
0.375291778 0.214286648 0.00186158921
0.350405219 0.220378381 -0.00417595221
-0.292450138 0.229866389 0.00501981202
0.35022323 0.220430356 -0.00420477368
0.362615074 0.210594569 0.00139092344
0.376034141 0.214808084 0.00473610816
0.377790411 0.217980346 0.0016571857
0.374960979 0.212649429 0.00698712717
0.176097831 0.12177954 -0.0508279072
0.17379304 0.119905727 -0.0490931438
-0.289757034 0.2311642 0.00607288158
0.168881256 0.13745239 -0.0477579279
0.171332031 0.139244258 -0.0483432236
0.171788334 0.139656065 -0.0483779267
-0.363376408 0.195401643 -0.0136224104
0.173168484 0.120596012 -0.0488393778
-0.0929526139 -0.0167400735 -0.0345803177
0.171762245 0.120732396 -0.0483811279
0.166744522 0.136602282 -0.0465711296
0.167569237 0.137606371 -0.047432817
0.162286085 0.148048814 -0.0458120701
0.157617729 0.146886525 -0.0435032845
0.415552232 -0.207227437 0.0572439052
0.410678254 -0.177253946 0.0698334124
0.142477981 0.162934868 -0.039707446
0.164585334 0.150558995 -0.0466660112
0.408187171 -0.14080569 0.0802342561
0.171273247 0.120673964 -0.0482021096
0.169931965 0.11981554 -0.0476785819
0.168529384 0.11601087 -0.0466283036
0.164065724 0.122281479 -0.0442272783
0.163299276 0.134369815 -0.0370724958
-0.0925169873 -0.0262004266 -0.0374011997
-0.0927504841 -0.0405479422 -0.0380997233
0.164401702 0.121912257 -0.0435680156
-0.0930050234 -0.0123613917 -0.0352202379
0.16066535 0.132942429 -0.0410874243
0.156035783 0.14001026 -0.0413052573
0.162433566 0.134362898 -0.0438550891
0.158827706 0.141551019 -0.0428392405
0.160352731 0.131808998 -0.0425283952
0.156369592 0.1475199 -0.0428435561
0.158786673 0.149367712 -0.0439110458
0.155762727 0.145752036 -0.0422214551
0.409518957 -0.156173005 0.0760301299
0.420184939 -0.191980818 0.0662923374
0.156046191 0.139800111 -0.0412866403
0.148208765 0.151306923 -0.039356098
0.149617658 0.151353802 -0.0377972671
0.425322891 -0.21056297 0.0583963273
-0.0931645586 -0.00907352583 -0.0341361576
0.148244357 0.155592385 -0.0404382016
0.422114767 -0.192013499 0.0666542303
0.13885896 0.162325923 -0.0372728142
0.419822347 -0.182561298 0.0700269699
0.378325648 0.232189602 -0.00794442133
0.36368632 0.232717592 -0.0120144075
0.381937885 0.224568364 -0.00168542654
0.378369357 0.232220749 -0.00796059538
0.398423149 -0.159709603 0.0735035701
0.381987569 0.224222051 -0.000345402573
0.365463604 0.223128365 0.00118492308
0.383488354 0.226912427 -0.00225785514
0.374248226 0.219691331 0.00164365117
-0.0923956012 -0.00914713637 -0.0327331245
0.367916857 0.244136647 -0.0161218655
0.389067787 0.236035679 -0.00671122679
0.384105897 0.227545321 -0.00168412117
0.386030673 0.230253573 -0.00159302018
-0.0921093698 -0.000515352003 -0.0317340141
0.163797595 0.125977335 -0.0444405962
0.153812842 0.142612482 -0.0409465664
0.145526613 0.15361939 -0.0388832232
0.135875035 0.156844761 -0.0398638581
-0.368748897 0.189060965 -0.0145978209
0.125215408 0.166360772 -0.0384435022
0.135563505 0.161631991 -0.0372367658
0.287915564 -0.282511293 -0.0164414295
0.124980253 0.169065316 -0.0355922601
0.124839592 0.170743857 -0.0352634179
0.115365026 0.175001141 -0.0351680612
0.105831961 0.172344955 -0.0424250551
-0.450084975 0.10658908 0.012781359
0.107099538 0.168156624 -0.0450082838
-0.0909082214 -0.0178779514 -0.0333151063
0.0968526758 0.175932099 -0.0420699235
-0.442287822 0.118658714 0.00995115672
0.0785410939 0.188680614 -0.0362179994
0.306168633 -0.297532852 0.0568667683
0.10460179 0.1819859 -0.0334050376
0.101842075 0.184630004 -0.031976038
0.0880658082 0.18633232 -0.0352870755
-0.0927097001 -0.0171365997 -0.0365535188
0.129804349 0.170238598 -0.0352869129
-0.300371594 0.227189578 0.00526630154
0.119294057 0.17873183 -0.0338734288
-0.198234761 0.250432982 -0.00360275965
0.136692805 0.17354743 -0.041107534
-0.0928318846 -0.0318959922 -0.0376875739
-0.342932712 0.206594638 -0.00103677666
0.129445001 0.173285404 -0.0360230997
0.136656407 0.167570852 -0.0378042127
-0.0901275625 -0.034636128 -0.0371946519
0.126584642 0.177197082 -0.036640776
0.119304554 0.178415762 -0.03366962
0.429058504 -0.26685666 0.0134222957
0.106028618 0.181884582 -0.0326962669
0.101065551 0.185987061 -0.0315775263
0.0910841489 0.190406968 -0.0303206992
0.0833337189 0.192418164 -0.0307694641
0.0847945982 0.192319854 -0.0301584873
-0.089168054 -0.0189956008 -0.0306145352
0.0762993744 0.197724532 -0.028208234
0.0734680724 0.198628819 -0.0279481372
0.109360604 0.183033263 -0.0322111555
0.102027577 0.186009382 -0.0314457483
0.0797873572 0.196588033 -0.0286996364
0.0775576067 0.198567787 -0.0275958986
-0.0882149006 -0.0198308756 -0.0293821652
0.128047591 0.173369808 -0.0353741882
0.130462268 0.169697171 -0.0354065018
0.11901231 0.178125362 -0.0334252515
0.429159967 -0.261204319 0.0180072222
0.128986573 0.170797802 -0.035173473
0.120859285 0.180018884 -0.0316096812
-0.188397103 0.0648892629 -0.0165594922
0.0998072943 0.193831781 -0.0246045649
0.108068492 0.186371935 -0.0292753429
0.101204658 0.191509289 -0.0272573546
0.109539476 0.186787819 -0.0285336382
0.0191225266 -0.308394611 0.0465133799
0.117596422 0.178459059 -0.0333746671
0.0694951235 -0.302613308 0.0488253797
0.0714113734 -0.310625526 0.0558304863
0.09860941 0.190542643 -0.0288540896
0.107997128 -0.297267812 0.0507733979
-0.190552192 0.0689078693 -0.0175075527
0.0872203416 0.195818151 -0.0275442973
0.12366624 -0.302953577 0.0570282617
0.074920623 0.202224723 -0.0255699069
0.0878390847 0.200249333 -0.0220157997
-0.0848897399 -0.0367924139 -0.0294289065
0.0889976776 0.198340305 -0.0242830593
0.0664405238 0.208390633 -0.0220574686
0.0469275736 -0.316523484 0.0557434115
0.0658435155 0.209144604 -0.0212240295
0.0568047938 0.212593948 -0.0209956735
0.0792444638 0.186031171 -0.038643052
-0.34082438 0.208890715 -0.00539666497
0.0663378936 -0.316930389 0.0574855295
-0.0882801697 -0.0278736193 -0.0324600587
0.0548667777 0.192033212 -0.0388715984
0.0374787554 -0.303525919 0.0341909811
0.0607995631 0.194927936 -0.0357761966
-0.0155013106 -0.30094256 0.00968771635
0.0511371591 0.200128912 -0.0342023812
-0.0887697653 -0.039674218 -0.0380110825
-0.388404229 0.169271148 0.0167244775
0.0704441822 0.199077414 -0.0289035635
0.0601278143 0.19591374 -0.0352900683
-0.379728285 0.175612602 0.0140780296
0.0456690823 0.20553175 -0.0308785837
0.0443792581 0.205087399 -0.0315602225
-0.336130741 0.210884575 -9.40402065e-05
0.0102781071 -0.2925296 -0.0117998451
0.0405216086 0.204038143 -0.0330014949
0.0260764485 -0.299754187 0.00969053094
-0.33615986 0.210620184 -0.00114239142
-0.326991887 0.215697288 -0.00332176928
-0.0931011541 -0.0139317765 -0.036997581
-0.199315104 0.249584741 -0.00393361575
0.0554090538 -0.296425229 0.00545726782
0.0209027742 -0.29113134 -0.015460903
0.04676894 0.210558028 -0.0257328404
0.0472808594 0.210441357 -0.0255969628
0.0612949935 0.204699966 -0.0265365715
0.06611425 0.201519439 -0.0275606405
0.0405002433 -0.290634004 -0.0153379598
0.032648536 -0.297496083 0.00354380623
0.0711006075 0.198293889 -0.0267708748
0.0431090339 0.214415359 -0.0235585548
0.0488409451 0.21112187 -0.0249015465
0.0373621731 0.21096715 -0.0283187569
-0.0919886478 -0.0259156578 -0.0373697914
-0.092780396 -0.0174082967 -0.0369487817
0.0144086777 0.215744072 -0.0282093685
0.0209892488 0.221158027 -0.0241992567
0.0385392316 0.215170633 -0.0242502612
0.0137467387 0.22580912 -0.0218338246
0.0183982065 0.225770079 -0.0208343109
-0.217055697 0.244769866 -0.00583183109
0.0963869826 -0.300967892 0.0518456042
0.0649634988 0.203592546 -0.0266555876
-0.279806206 0.234024565 0.00666727588
0.0451030248 0.209760271 -0.02767038
0.0541602949 0.2034778 -0.0302137847
0.0904696495 -0.298860115 0.0477233206
0.0336546352 0.215815777 -0.0253916815
0.121348843 -0.2956918 0.0511981349
0.0707604256 0.199813108 -0.0279233785
0.145575077 -0.291471251 0.0364198239
0.02201406 0.224666459 -0.0208916008
0.0176211023 0.226063372 -0.0209008258
0.0598158463 0.207822911 -0.0252769595
-0.337143439 0.213916454 -0.0100092956
0.0613020965 0.2048522 -0.0264082009
-0.101504052 -0.302349459 0.0568511436
0.0279666421 0.216152045 -0.0267042187
-0.0901814654 -0.035833902 -0.0379484316
0.0196907318 0.220966476 -0.0248085112
0.0159416401 0.219486805 -0.0264112509
0.00928800327 0.226985396 -0.0223514841
0.111340324 -0.294310925 0.0292620781
0.0278422531 0.221278165 -0.0222905741
0.0118581799 0.226598471 -0.0220047773
-0.0121678241 0.239447588 -0.0171685285
-0.00834695032 0.23814404 -0.0172529611
0.0556663664 0.209741279 -0.0246384525
0.139200067 -0.290843321 0.0205723385
0.0539933252 0.210254587 -0.0244897268
0.0509037511 0.213631733 -0.0246429146
0.158800351 -0.289938001 0.0270821065
0.0618603686 0.206927133 -0.0255430078
0.109799086 -0.293298742 0.0146221054
0.0410438251 0.217811213 -0.0236045316
0.132027542 -0.291201984 0.0141566781
0.0268429578 0.221693792 -0.0221924417
0.0251240102 0.224186323 -0.0212159122
-0.32604637 0.217558016 -0.00930016219
0.122658562 -0.292917039 0.0243077086
-0.0915633766 -0.048142891 -0.0384431299
-0.000139856097 0.234167497 -0.0183332167
-0.0906287487 -0.063128931 -0.0390130793
-0.424598927 0.140089038 0.00928940915
0.00438577815 0.232163829 -0.0192654334
-0.317022924 0.22173782 -0.00958613375
-0.194306402 0.0924956657 -0.0214632925
0.04444894 0.215180693 -0.0232332836
0.0495331559 0.213602413 -0.0232708473
0.0344032922 0.220075388 -0.0221019585
0.180145409 -0.290087466 0.0524306207
0.0326457702 0.22108531 -0.0218126397
0.0465228416 0.216536919 -0.0208212361
0.154700682 -0.293826452 0.053638983
0.0304453154 0.227519314 -0.0170130243
0.0272834919 0.229481755 -0.0153442986
0.169569495 -0.298644929 0.0572246743
0.186076461 -0.291003237 0.0538532731
0.0172204062 0.229737426 -0.0193079084
0.0244501083 0.227010262 -0.0189724929
0.00374898277 0.235831946 -0.0174451194
0.00572084285 0.235994577 -0.0169183287
0.0124812915 0.230297548 -0.0192495033
0.193287273 -0.289402483 0.0525702552
0.254080015 -0.290760471 0.0564510733
0.0101540407 0.232284036 -0.0187074853
-0.0120116657 0.24261099 -0.0161429187
0.209402968 -0.294202569 0.0560922543
0.225092474 -0.300074226 0.0587355928
0.202926468 -0.288993226 0.0526589038
-0.00782037643 0.241894778 -0.0159756902
0.236560412 -0.289428185 0.0545922703
-0.00626727004 0.244674891 -0.0132690278
-0.016267737 0.246621933 -0.0140750704
-0.0906880736 -0.0501537446 -0.0385020535
-0.0192775249 0.250796556 -0.0110791025
-0.0882757079 -0.0442872285 -0.0384272193
0.410766282 0.280690039 -0.0248368844
0.402120751 0.268081129 -0.011500834
0.401720953 0.267766203 -0.0125310337
0.258552279 -0.291299503 0.0572942533
0.401985108 0.268086003 -0.0117880973
0.400113418 0.26782583 -0.0161515677
0.401754532 0.269302408 -0.0154091835
0.401688034 0.27463694 -0.0212735088
0.398663431 0.266038982 -0.0157925483
0.40105045 0.267399588 -0.0133630091
0.397277191 0.26608844 -0.01799
0.228879006 -0.291840323 0.0542153216
0.401321799 0.267647721 -0.0130098854
0.398628944 0.266359314 -0.0158822708
0.400619927 0.268636157 -0.013989595
0.401678663 0.267628669 -0.0122967264
0.402783152 0.272494373 -0.0117516025
0.274460107 -0.295424816 0.0572108061
0.261152956 -0.292253579 0.055582254
0.403064644 0.263617039 -0.00693151181
0.402524323 0.266501744 -0.00986806402
0.149152502 -0.30380419 0.05879586
0.411014348 0.260322155 -0.0047267924
0.408353545 0.263583571 -0.00600752902
0.403169134 0.253606257 -0.00106154828
-0.210379332 0.094202863 -0.0221705374
-0.0787970368 -0.079327889 -0.0373652366
0.150906075 -0.29388478 0.0530110101
0.406464041 0.277157893 -0.00951489019
0.403310336 0.271908441 -0.00823203013
0.403299564 0.267739045 -0.00681141963
-0.0809870756 -0.0703551191 -0.0380083267
-0.0827845566 -0.046677824 -0.0303673129
0.402419367 0.271597362 -0.011145424
0.402266026 0.276617063 -0.0103515504
-0.185004358 0.0805899712 -0.0174254212
0.403456623 0.274650709 -0.00761802217
0.404008955 0.281131468 -0.00441330345
0.404074672 0.27990898 -0.00430082138
0.40361302 0.283174159 -0.00580870707
0.404612855 0.28866608 -0.00114204493
0.405055591 0.296733611 0.00133300578
0.404881055 0.295405956 0.00406589612
0.402689871 0.285038194 -0.0080918492
-0.300675423 0.227109584 0.00533153276
0.40362784 0.284196675 -0.00450645632
0.404233255 0.278317576 -4.46080143e-05
0.404590209 0.289168429 -0.000887067958
0.395566054 0.272630468 -0.0231355902
0.396977489 0.265042243 -0.0173994802
0.1888318 -0.294463953 0.0556379857
0.396594274 0.267932888 -0.0180124769
-0.0773785564 -0.0509867792 -0.0251172435
0.398506874 0.270757563 -0.0163594697
-0.151507048 0.220253744 -0.0120173883
0.396162383 0.266359435 -0.0180285898
0.40085501 0.273103026 -0.0129292203
-0.348714201 0.203858309 -0.00915893379
-0.0835632338 -0.0604221649 -0.0381482725
0.396431697 0.260747024 -0.0158943009
-0.0863125633 -0.054821059 -0.0389956762
0.398804392 0.260762687 -0.0128102645
0.200754048 -0.288776337 0.0479285997
-0.0835263372 -0.0659859793 -0.0395941712
0.165149257 -0.289959318 0.0380568489
-0.193712737 0.158671275 -0.0216344523
0.401001834 0.273472387 -0.0127611775
0.184389402 -0.288676694 0.0362362555
0.404383934 0.273726385 0.00334063936
0.400763274 0.264729784 -0.0122088056
0.401837521 0.263927269 -0.00968336561
0.398519025 0.254156564 -0.00986804957
0.399054281 0.250259277 -0.00714333448
0.40017731 0.25210851 -0.0063490637
0.478009251 -0.322697448 0.0128753641
0.478996429 -0.322336173 0.018118842
0.46714263 -0.308068759 0.0134416761
0.458936235 -0.299658817 0.0140755294
-0.0761049635 -0.0911333214 -0.0378803772
0.438384016 -0.282529763 0.0106698777
0.152035417 -0.289755556 0.0188911251
0.457410804 -0.297144631 0.0199322725
0.172882425 -0.286519906 0.00157223276
-0.0796416044 -0.0803453269 -0.0396735013
0.461198107 -0.301008751 0.0235980652
-0.410188393 0.153663727 0.00726840358
0.473954026 -0.31747332 0.0134162601
0.422314939 -0.284549951 0.00721836663
0.190736058 -0.286666811 0.00798107182
0.442076477 -0.287328037 0.00902978034
0.415704135 -0.284568451 0.00672928191
0.415848073 -0.304257999 0.0211052644
0.413318455 -0.288491482 0.0090903471
0.404313633 -0.290181213 0.0128509167
0.398325473 -0.281508064 0.00579101283
0.391599289 -0.283794247 0.00898696503
0.382119205 -0.287040139 0.0138714651
0.409851816 -0.291257218 0.010916319
0.398799625 -0.290838632 0.0139592067
-0.0809634694 -0.0768477474 -0.0402062673
0.405155667 -0.302945476 0.0190585309
0.395388507 -0.301505597 0.0240864371
0.385904465 -0.302932775 0.0292898977
0.206381814 -0.288007411 0.0283387274
0.423864027 -0.281418401 0.00783259704
0.395699672 -0.294059525 0.0183868746
0.422434947 -0.283854618 0.0100865968
0.216702865 -0.289061953 0.0519542763
0.225446678 -0.288801712 0.0441857343
0.258191619 -0.291811628 0.0531665506
0.380656892 -0.303208608 0.0327644423
0.38697118 -0.299291814 0.0265259701
0.365655802 -0.302565936 0.039640019
0.265087811 -0.291642153 0.0414005433
0.384509234 -0.298784581 0.0265943626
0.35720282 -0.301327002 0.0425289189
0.359232638 -0.29075898 0.018561257
0.360107076 -0.293897946 0.0286219455
0.351705014 -0.289119474 0.0115273657
0.339729957 -0.29057992 0.0164681108
0.368165669 -0.296453738 0.0307328971
0.271522582 -0.290506409 0.0252444724
0.349553045 -0.295370634 0.0338810817
0.298416081 -0.288633749 0.00832342683
0.314518775 -0.29125666 0.0195083961
0.333596067 -0.296133611 0.0377228026
0.337883213 -0.293674644 0.0280376288
0.327959606 -0.291378445 0.0195391187
0.304515044 -0.292582516 0.0280996938
0.366762907 -0.303199867 0.0393842582
0.37341141 -0.309227159 0.040144579
0.376842177 -0.309171872 0.0392743846
0.364725544 -0.308934881 0.0452189819
0.34995774 -0.299269253 0.0428008292
0.349251873 -0.301807282 0.0468820361
0.336668831 -0.298488324 0.0471435637
0.355297473 -0.308278767 0.0497930588
0.254215051 -0.288945584 0.019249128
0.362181337 -0.306899789 0.0455325573
0.359888347 -0.313154105 0.0510215717
0.358511882 -0.30355002 0.0438149522
0.342146778 -0.305257756 0.0535877232
0.340857086 -0.311719035 0.0605146093
0.226214725 -0.288177155 0.0250075332
-0.174161749 0.110318403 -0.01768466
0.345206059 -0.309114014 0.0556739458
0.348793982 -0.304858808 0.0507340308
0.350396276 -0.300509917 0.0449058648
0.320746688 -0.295346524 0.0380423198
0.303947448 -0.294466182 0.0385665044
0.296722005 -0.295599457 0.0485432892
0.329941702 -0.300298861 0.0527972334
0.220909415 -0.286247734 0.00469357717
0.290348297 -0.295648887 0.0548352335
0.281426871 -0.294380364 0.0513699639
0.300190324 -0.296768748 0.0550554418
0.28567238 -0.29600886 0.056887001
0.258814919 -0.288060694 0.0104724156
0.352307328 -0.308428505 0.0523496032
0.340184777 -0.303327046 0.0528784554
-0.0953977918 -0.0727850435 -0.0356574776
0.324249417 -0.303776348 0.0585795667
0.327408198 -0.308370799 0.0618786822
0.275024744 -0.289453386 0.0157525443
0.321494403 -0.303688649 0.0584696379
0.314750128 -0.305845496 0.0615216163
-0.095646121 -0.0867759928 -0.0351675682
0.31093539 -0.302588842 0.05951109
0.32494152 -0.308929638 0.062353728
-0.183426841 0.0699012918 -0.0128749592
0.318306476 -0.303879588 0.0597789309
0.299703536 -0.298331129 0.0578955941
0.313455496 -0.299679944 0.0570451595
0.308582554 -0.297916658 0.0559718081
0.299001655 -0.296798981 0.0567838603
0.277528745 -0.2876969 0.00575102368
0.265296406 -0.289262448 0.0174291423
0.211072198 -0.285820439 0.0019491071
0.221965258 -0.28750794 0.0160682887
0.236217472 -0.288418124 0.0231055764
0.259644846 -0.290197863 0.0305639743
-0.181841271 0.0763692401 -0.0119937197
-0.0946825866 -0.0853557661 -0.0385628301
0.283034118 -0.292896936 0.0357966598
0.276291993 -0.293024724 0.0435610135
0.273071321 -0.29302089 0.0493315829
-0.0961605592 -0.0915276018 -0.0354360128
0.270409098 -0.293357602 0.0534926978
0.32998975 -0.301594276 0.0545613635
0.275716368 -0.295232501 0.0568206348
0.240645535 -0.28948744 0.0410016887
0.233978417 -0.289362951 0.0491202072
0.221243997 -0.288439671 0.0345497899
0.24562105 -0.290337916 0.0508476441
0.218708973 -0.288873836 0.0490420423
0.254775141 -0.294958428 0.0564614639
0.266459486 -0.294575778 0.0565418782
0.252412795 -0.298523086 0.0580424453
0.186172331 -0.285664843 -0.000366713109
0.217783073 -0.287992115 0.0231586916
0.188967243 -0.288213836 0.0270339095
0.211810521 -0.288344203 0.0353361843
0.181370208 -0.286985745 0.00900204592
0.162093883 -0.2870917 0.0044727563
0.141361773 -0.289527182 0.0103824233
0.175358133 -0.28913087 0.0359163617
0.210854449 -0.28870317 0.049429419
0.275266892 -0.297522979 0.0583189536
0.189205416 -0.289262859 0.0488101917
0.211280224 -0.294492741 0.0557574458
0.221218801 -0.295818489 0.0570546912
-0.0949193212 -0.0925988339 -0.0383614827
0.201184271 -0.294283046 0.0555455227
0.173030611 -0.289917865 0.0457243616
0.169267167 -0.290920932 0.0522858169
0.158278057 -0.290252935 0.0358000841
-0.160218515 0.243641157 -0.00755562725
0.180177352 -0.291269985 0.0531397157
-0.0965949774 -0.0896675983 -0.0384321555
0.159374199 -0.298702345 0.0563565313
0.14945805 -0.292479407 0.0502247202
0.159877099 -0.303213789 0.0593716105
0.295670206 -0.30084391 0.0592961959
-0.203239558 0.244359147 -0.00535176147
0.306792929 -0.296320665 0.0468581337
0.291426695 -0.299747171 0.0591791497
0.275225701 -0.297464634 0.0582876309
-0.171623397 0.105292132 -0.011553999
0.277425082 -0.294234996 0.0562314056
0.266310662 -0.292896533 0.0557548719
0.289531791 -0.295702723 0.0568077098
0.281676135 -0.294886625 0.0567542168
0.281195796 -0.294581969 0.0573538498
0.280310876 -0.293166719 0.0603483216
0.263846804 -0.292524517 0.055656993
0.302136809 -0.295051657 0.0426171201
0.264786334 -0.295913945 0.0572437558
0.293614861 -0.293701833 0.0370210838
0.248047069 -0.290751097 0.0548143747
0.31786423 -0.292077112 0.0232702399
0.320552284 -0.289445285 0.0116836257
0.262463265 -0.290303392 0.0605309643
-0.331497364 0.214215555 -0.0138781843
0.282504301 -0.285869503 -0.00199704606
0.222563886 -0.289021993 0.05334086
0.215494131 -0.289038054 0.0526565112
0.199609868 -0.300557771 0.0598147911
-0.181366126 0.243864881 -0.00600197111
0.21074926 -0.299295267 0.0588205443
0.3050867 -0.286707295 0.000176288705
0.290669381 -0.290171211 0.0166352838
-0.154884015 0.261415527 -0.00302537736
0.245961493 -0.29046139 0.0544647936
0.197269992 -0.291376422 0.0543036862
0.228642025 -0.289324299 0.0527404319
0.183429849 -0.3006019 0.0588805145
-0.175697944 0.0924506187 -0.0166462764
-0.0992009372 -0.103343048 -0.0298817752
0.166893489 -0.295031393 0.0552718933
0.145892269 -0.296575728 0.0549898789
-0.0999749725 -0.111399109 -0.0275047161
-0.094959154 -0.0967670094 -0.038147631
0.177061625 -0.295308003 0.056145856
0.162975647 -0.291514564 0.0525200967
0.176252945 -0.29035704 0.0528444675
-0.0965129783 -0.104056821 -0.0348223002
0.161622615 -0.291605589 0.0522979733
0.121810062 -0.291250584 0.00661081568
-0.094841654 -0.0679445671 -0.0383756216
0.104451923 -0.291959313 0.00443380833
0.0762575001 -0.292778028 -0.00160529234
0.122228613 -0.293383559 0.0333339106
0.0822193545 -0.294366364 0.00814968166
0.0716322756 -0.294527191 0.00323393693
0.112858842 -0.295121121 0.0409519532
0.0925322067 -0.295159528 0.0192557079
0.0825477767 -0.296865338 0.0226156811
0.134621831 -0.292702343 0.0388595313
0.142065475 -0.292648835 0.0452489146
-0.0968047852 -0.0754055055 -0.0322699104
0.134657793 -0.294079246 0.0513895551
0.127355869 -0.303700247 0.0566736549
0.368047068 -0.287785352 0.0100603229
0.349133507 -0.30232159 0.0476934736
0.121516317 -0.294050963 0.0397802078
-0.0981469198 -0.0725606597 -0.0276700162
0.100041522 -0.296517916 0.0407042683
0.389365886 -0.293901861 0.0197320692
0.0799809842 -0.298727014 0.0402116314
0.449225347 -0.287180995 0.0200341499
0.10833848 -0.297215586 0.050766388
0.10236892 -0.308740813 0.0582242894
-0.191201797 0.162074897 -0.0213723834
0.403395516 0.273107979 -0.00622319957
0.106850883 -0.297214026 0.0493763851
0.0799120055 -0.306541995 0.053228798
-0.316338341 0.220761769 -0.00818362215
0.398912191 0.26952829 -0.0158870668
0.0884967558 -0.308838187 0.0567074435
-0.0992926231 -0.0990870605 -0.0276547124
0.0367140991 -0.293313209 -0.00854188083
0.0751003636 -0.298861754 0.0339516143
0.0691826483 -0.298546997 0.0244792627
-0.00925226892 0.23852549 -0.0172272359
0.047424942 -0.301238767 0.0270952204
0.0127755608 -0.299928101 0.00756416652
-0.00240061877 -0.300364566 0.00768224589
0.017005935 -0.302643389 0.0190267108
0.0281919875 -0.302120257 0.02021676
-0.190872761 0.154130933 -0.0215625525
0.0643713696 -0.300994646 0.0412056202
0.0518818526 -0.302436832 0.0396412709
0.061865623 -0.310177733 0.0534019415
-0.0896631041 -0.0729681677 -0.0394533511
0.052436165 0.20951461 -0.0250379529
0.0533929371 -0.318281907 0.0562485451
0.105080618 0.177382512 -0.0373120962
0.0587171552 -0.315452836 0.0570332966
0.166528581 0.127040658 -0.0459377853
-0.382010882 0.176877296 -0.00859634713
-0.0989897205 -0.113834919 -0.0295979089
0.0259479824 -0.306260839 0.0403278659
0.0135800016 -0.31156885 0.0472963647
0.00961226415 -0.305379579 0.0291943485
0.00429407243 -0.303411535 0.0192780823
0.00667564236 -0.320833918 0.052563835
-0.167628091 0.132590352 -0.00485802238
0.168626925 0.127929704 -0.0472752125
-0.185881387 0.166724437 -0.0205258527
0.0254861458 -0.319303286 0.0540593589
-0.000916846075 -0.316960221 0.0511120485
0.151996126 0.153743177 -0.0420867773
0.00871704645 -0.312509124 0.0488240481
0.136522292 -0.302835473 0.0576142593
0.131486775 -0.297737898 0.0543007405
0.114084849 -0.31126292 0.0606529668
0.133392589 -0.295452156 0.0529478116
0.369046958 0.204902825 0.0074285967
0.364657973 0.19772883 0.00381626288
-0.167622742 0.132553037 -0.00500379489
-0.106082874 -0.124232389 -0.0173780663
-0.0965106607 -0.103996078 -0.0348423262
-0.26667291 0.240163446 -0.00248866582
0.352638456 0.179664758 0.00543671286
0.148669815 0.157919938 -0.0415981946
0.101478257 -0.305682907 0.0566047319
-0.386745201 0.174362683 -0.0134950437
0.0943058621 -0.299883295 0.0510023393
0.0925870579 -0.29909889 0.0499183487
0.131360868 0.0563894827 -0.0626757475
0.099767895 -0.298194282 0.0502339646
0.0748565846 -0.308117723 0.0546877512
0.138641194 0.0640841413 -0.0602534877
0.120875798 0.0414888636 -0.0646919872
-0.166772335 0.123469146 -0.0168832782
0.0659663622 -0.308348931 0.0527071071
0.0677690079 -0.305083926 0.0506047398
0.0595554683 -0.305844573 0.0503242571
0.0690755441 -0.302354972 0.0484337956
0.0406753725 -0.313110753 0.0513357214
0.033734051 -0.307947348 0.0476625083
0.0313909009 -0.307040132 0.0461408148
-0.168095825 0.259763545 -0.00131804281
0.0460736305 -0.305166526 0.0473852917
-0.169445364 0.121632826 -0.0170821593
0.0134898681 -0.308625895 0.045061447
-0.102180906 -0.137785223 -0.0232250692
-0.10031748 -0.137335262 -0.0260710737
-0.176149604 0.121134227 -0.0186170823
0.438412586 -0.280883494 0.0127976942
-0.0979010545 -0.0930489493 -0.0292420296
0.465455435 -0.302824467 0.0286224309
-0.168825244 0.263382144 0.00392244788
0.453265275 -0.284833097 0.0286507929
-0.0968350728 -0.107160171 -0.0333729796
0.0765731619 0.0191983609 -0.0890719951
0.152673292 0.0623883008 -0.0489407179
0.460472116 -0.290238681 0.0389634267
0.155405329 0.0603756252 -0.0467263174
0.455863158 -0.284337499 0.0346829601
0.451231106 -0.27518238 0.0373298361
0.456795275 -0.282552086 0.0417951344
0.45072012 -0.269360736 0.0437565909
0.452745072 -0.273356595 0.0438964866
-0.213471969 0.250355584 -0.000181468498
0.437325043 -0.261227182 0.0283369271
-0.0858656029 -0.0965956072 -0.0404124786
0.44229818 -0.267879064 0.0296899754
-0.219058227 0.249483819 9.38853406e-05
-0.0973752988 -0.120905587 -0.0309639612
0.432536417 -0.257572219 0.0253942255
0.418499924 -0.260477442 0.00760415836
0.439726049 -0.259290892 0.0339327158
0.437805265 -0.250591384 0.0385694235
0.442024268 -0.257000725 0.0403823158
0.44692524 -0.257449996 0.0491781261
-0.0876114973 -0.112054939 -0.0399669951
0.433599431 -0.244431279 0.0380788821
0.435172351 -0.241881647 0.0430308896
0.431297671 -0.248752068 0.0311056926
0.4408912 -0.244775285 0.0508456531
0.43598467 -0.23754446 0.0487625103
0.418245209 -0.25580882 0.00447650566
0.418875901 -0.255402997 0.00727834271
0.425978967 -0.251013088 0.0227065436
0.427268493 -0.254462011 0.0213265363
0.160005571 0.0517608459 -0.0433914334
0.42951764 -0.254958485 0.0236367634
0.430412922 -0.239552988 0.0376485581
0.430951432 -0.239194061 0.0385700006
0.430848956 -0.235702407 0.0417750008
0.129180628 0.0395462588 -0.0593292588
0.432411038 -0.233957283 0.0466442939
0.430995251 -0.216331406 0.0531244631
0.146538182 0.0483358556 -0.0500522435
0.429535554 -0.226823692 0.0478789146
0.429207787 -0.225031235 0.0493324721
0.448214259 -0.284810826 0.0220510922
0.085416728 0.0333051476 -0.0878338322
0.431635834 -0.277550202 0.00919816511
0.432788828 -0.274709809 0.0124873937
0.09326976 0.0290190234 -0.0798997585
0.451814769 -0.275667414 0.0387189779
0.115445567 0.0444336373 -0.0702371628
0.090782739 0.0226151294 -0.0811272065
0.443597858 -0.268966702 0.0312964381
-0.33615986 0.210620184 -0.00114239142
0.13563695 0.0658939107 -0.0638461831
0.444785084 -0.256486194 0.0469546262
0.433097293 -0.264421739 0.0206111616
0.0954295698 0.0329769532 -0.0802989647
0.43929506 -0.247609863 0.0453985372
0.422380214 -0.257888982 0.013927202
0.433269648 -0.25602781 0.0282054886
0.39918002 -0.292628218 0.0158928088
0.105616768 0.0269439607 -0.0725595764
0.391703264 -0.286280738 0.0121157867
0.378291441 -0.295045424 0.0252343961
0.344342192 -0.300171188 0.0474025356
0.369841159 -0.296895119 0.0306765525
-0.0879837771 -0.0697306763 -0.0396114754
0.401603559 -0.276398279 0.00605803494
0.131458199 0.0374550657 -0.0589016396
0.367101016 -0.29609515 0.0309031249
0.134981749 0.0108102706 -0.0647605631
0.21862684 0.0921306881 -0.0449683983
0.366199922 -0.294548328 0.0283698041
0.423633953 -0.251776273 0.0199460722
0.42401473 -0.240889838 0.0298712288
0.419886865 -0.254750423 0.0133788128
0.427946748 -0.229592167 0.0443881607
0.426708196 -0.228726067 0.0444304378
0.421904775 -0.227220649 0.0434738032
0.415686795 -0.220300494 0.0465565952
0.423872678 -0.220346064 0.0512112996
-0.0868125928 -0.0730519112 -0.0397216287
0.357555554 -0.298490891 0.0384918077
-0.17657854 0.24784886 -0.00575017425
0.302880315 -0.285134296 -0.00512938776
0.348719335 -0.296490004 0.0375969417
0.162143835 0.0555485006 -0.042251417
0.357768254 -0.294083164 0.0290521715
-0.18509845 0.15045062 -0.0211694852
0.141396932 0.0468942952 -0.0528417012
0.386917677 -0.281310235 0.0149946204
0.342815221 -0.28835589 0.0084644687
0.350662489 -0.289321262 0.0126262522
0.339925657 -0.28653452 0.000209878086
0.362711747 -0.289497469 0.0156632764
-0.164775079 0.132660672 -0.0167286033
0.335588288 -0.289654134 0.0138749637
-0.0849383235 -0.0838593391 -0.0401551265
0.324518609 -0.289708948 0.0136085395
0.306572383 -0.292476289 0.0268350959
0.320937554 -0.287435396 0.00441467498
0.313243853 -0.289640082 0.0130765577
0.147381457 0.0443220278 -0.0505914483
0.295024717 -0.291882803 0.0257111202
0.332114464 -0.293393503 0.0288871688
0.327769669 -0.296205984 0.0405852738
-0.157647417 0.169047425 -0.0165734494
0.303114385 -0.296268496 0.0500465215
-0.199888616 0.254807251 0.00180811043
0.436113537 -0.243930643 0.0433325646
0.442088079 -0.243129624 0.055002767
0.437929071 -0.233677148 0.0568973397
0.166526468 0.049626417 -0.0411812875
-0.0813378124 -0.0997963308 -0.0410508326
0.158329186 0.0301220228 -0.0497472885
0.436157462 -0.235109072 0.0529126181
0.431720646 -0.23334774 0.0461724244
0.437637048 -0.233861547 0.0563235717
0.191079039 0.00623451326 -0.0437237132
0.350405062 -0.300462679 0.0448367842
0.246858395 -0.00895556091 -0.0415603769
-0.0735446756 -0.0873556777 -0.029883344
0.33316247 -0.299442898 0.0511435476
0.330049735 -0.29913242 0.0514053716
0.340636939 -0.299819679 0.0482470763
0.327358435 -0.298844101 0.0523368381
-0.0813359923 -0.0679461839 -0.0370581335
0.34696157 -0.298913617 0.0441454906
0.344847162 -0.298278917 0.0437576205
0.330049901 -0.299131323 0.0514035037
-0.0759391503 -0.0908495827 -0.0374513445
0.334987383 -0.298872508 0.0492402488
0.313048912 -0.298195585 0.0554357184
0.410441675 0.247908469 -0.01953916
0.311602263 -0.298005218 0.0555337314
0.385412272 0.222095617 -0.0235613298
0.308856951 -0.296416333 0.0584559299
0.397644575 0.240389783 -0.0171529901
0.335133408 -0.29787936 0.0503977019
-0.162511544 0.143673163 -0.0167343233
0.3228834 -0.295060311 0.0586013953
0.317679488 -0.296823348 0.0578585737
0.391733761 0.23044017 0.0134997605
0.336792819 -0.297741217 0.044913126
-0.0789494713 -0.0722159287 -0.0356256805
0.311373815 -0.296266067 0.0579094787
0.365538428 0.198939143 0.00271291256
0.295775519 -0.290928734 0.0655733607
0.376270356 0.208920467 -0.00684817278
-0.0766504904 -0.0980486902 -0.0414037544
-0.171269375 0.14714029 -0.0181486604
0.289531791 -0.295702723 0.0568077098
0.298483859 -0.295307383 0.0593409283
-0.185208837 0.112926834 -0.0206145592
0.338500681 0.156847888 0.00617467032
0.416420976 -0.245898764 -0.00204087843
-0.072374049 -0.119376584 -0.0423312487
0.351219074 0.176339316 0.00461211668
0.432003704 -0.219289472 0.061222424
0.358317725 0.186048647 0.00294502333
0.428564025 -0.217863734 0.0557647601
0.425942176 -0.2064328 0.0609297207
-0.195839723 0.10554536 -0.0221293692
0.424682378 -0.201639439 0.0634635358
0.415665472 -0.227840562 -0.0147297907
0.429115934 -0.197415792 0.0608548674
-0.0752335065 -0.105735792 -0.0417684092
-0.0776977599 -0.0947802055 -0.0410855209
-0.0726120413 -0.111573948 -0.0411872597
-0.0613293563 -0.11302361 -0.0251623911
0.380458231 0.215525565 -0.00879785822
0.268142544 0.03791619 -0.0379176107
0.410780058 -0.212322645 -0.0215171611
0.410465567 -0.188337978 -0.0325602276
-0.349268972 0.202072195 0.000267566177
0.398035264 -0.205638996 -0.0175603954
0.425985574 -0.208358795 0.0597490415
0.418921941 -0.204040588 0.0604212412
0.406471336 -0.193138138 0.0629217304
0.281950953 0.00106679449 -0.0480078275
0.411044605 -0.196003459 0.0626382902
0.404131676 -0.166810453 0.0718888253
-0.199613927 0.116127193 -0.0221436708
0.409129567 -0.173941499 -0.0382249715
0.412186826 -0.182754741 -0.0361103422
0.399029641 -0.169386394 -0.0351391391
0.394915139 -0.178809653 -0.0280806821
0.411571874 -0.174169126 0.0713934569
-0.342640707 0.20683511 -0.000952628284
0.406685416 -0.179468935 0.068250471
0.312854091 -0.00711048509 -0.0565305248
-0.181887739 0.127488422 -0.0201210907
-0.0778898842 -0.111704047 -0.0415657489
0.321914964 -0.0058616877 -0.057712966
0.430064468 -0.191286893 0.0611063206
0.42963334 -0.202491813 0.0585661064
0.322267096 -0.000833634473 -0.0576005542
0.426226031 -0.206040086 0.0608906243
0.423469931 -0.18912682 0.0664318068
0.418082964 -0.177611351 0.07069218
0.0957564969 0.0243336684 -0.0779557101
0.422589015 -0.171041603 0.0683188419
-0.0784031792 -0.119860522 -0.0416197639
0.0975817497 0.00812304758 -0.0804405209
-0.0789649218 -0.122184309 -0.0414463006
-0.0647577358 -0.039663838 -0.0407097667
0.422289335 -0.180790547 0.0682061205
-0.070898063 -0.0698973698 -0.0417937266
0.415715786 -0.166889032 0.0725769428
0.349714257 -0.287354667 0.00368757389
-0.0754854993 -0.137731325 -0.0422093626
0.405637258 -0.22494967 -0.0135018899
0.335568852 -0.284967758 -0.0074234764
-0.341891292 0.207254683 -0.00218798528
0.311300543 -0.28401911 -0.0120223498
0.299939313 -0.283294209 -0.0147356029
0.308294223 -0.28443632 -0.00910996685
0.327360402 -0.286008541 -0.00166065829
0.315411076 -0.28569755 -0.00331375214
0.409894067 -0.217157828 0.0489836283
0.404543309 -0.20694265 0.0550160025
-0.0649632761 -0.073843819 -0.0428766358
0.40789204 -0.202134087 0.0584693522
0.409954171 -0.200340559 0.0597513284
0.40431068 -0.187106574 0.0649050939
-0.0643458869 -0.121215726 -0.0285616391
0.396428224 -0.182995418 0.0654866719
0.398175433 -0.174355627 0.0688733339
0.389419715 -0.175183453 0.0667386221
-0.0574556882 -0.0562944293 -0.0415842809
-0.0732158932 -0.108333227 -0.0399990343
0.377450097 -0.186454863 -0.0113231585
0.382395774 -0.177451931 -0.0198274844
0.106195487 -0.00499749632 -0.0808969256
0.377166937 -0.170829267 -0.0192412266
0.149716936 0.0442348131 -0.049389264
0.39098935 -0.183203025 -0.023974329
0.398453363 -0.186800619 0.0632145017
0.40023585 -0.184077032 0.0653097473
0.401470403 -0.165379836 0.0717092117
-0.069999854 -0.119071958 -0.0380392589
-0.0695192926 -0.131004212 -0.0422184085
0.101706366 0.021433214 -0.0751370368
-0.0688706452 -0.132552886 -0.0424157192
0.393699386 -0.145436732 0.0773926991
0.434549177 -0.215156613 0.0682934977
0.433065787 -0.220005719 0.0624453857
0.431613676 -0.218001858 0.0611969838
0.138475231 0.0364377975 -0.0561133992
0.154402992 0.0292917489 -0.0515511116
0.43177671 -0.216827856 0.0625931763
0.430423755 -0.217121187 0.0598795869
0.152945669 0.0432190306 -0.0482573271
0.156317384 0.0156028408 -0.0545330714
0.424239181 -0.197079329 0.0651529312
0.426237891 -0.202773433 0.0655446059
0.123473976 0.0315030657 -0.0633924858
0.424303104 -0.195359262 0.0668060622
0.106132244 0.015611892 -0.0749227098
-0.198619915 0.254412811 0.000938961053
0.427036741 -0.218384992 0.0539298588
0.0974406843 -0.000922364642 -0.0830429948
0.42787614 -0.216531806 0.0554181695
0.11648395 0.0130052734 -0.0712512865
0.416648343 -0.201727398 0.0616048574
0.413675689 -0.193703371 0.064731256
0.413361199 -0.189482576 0.0659044722
-0.21079585 0.2520134 0.00298019499
0.42457126 -0.201872284 0.0633658987
0.424615189 -0.201834924 0.063391134
-0.0676347798 -0.143156654 -0.0430792349
0.421984356 -0.189926481 0.0674093267
0.421962406 -0.190325764 0.0670622622
-0.355789689 0.199080476 -0.00818564006
-0.0672136001 -0.144524763 -0.0431123694
0.417325683 -0.175588415 0.0714195121
-0.150232715 -0.314317162 0.0605337413
0.417502609 -0.175537343 0.0714212308
0.132472539 0.00058353779 -0.0686093484
-0.188288169 0.134931722 -0.0214962418
0.125646141 -0.0333955276 -0.0814131904
0.41646199 -0.168921077 0.0740530667
-0.179467267 0.140758567 -0.0197984883
-0.065324715 -0.14900148 -0.0422188167
0.412492414 -0.166610976 0.0734460918
0.411173372 -0.165367657 0.0734796547
-0.301474094 -0.150282482 -0.0129508443
0.40986815 -0.149822087 0.0774206489
0.408763005 -0.158155959 0.0752172342
0.407603731 -0.162268618 0.0742012698
0.178506791 -0.03910603 -0.0633109108
0.0918994507 0.00166407837 -0.0847455098
-0.306010388 -0.161900284 -0.0131254887
0.404393791 -0.177924507 0.0684374337
0.39857111 -0.174202989 0.069021983
0.396698094 -0.165133689 0.071579339
0.405364775 -0.168183544 0.0719765981
0.0936919416 0.00484223391 -0.0833525849
0.395714467 -0.147318139 0.0773056569
0.387937771 -0.160198118 0.0717867407
0.393691473 -0.154736938 0.0746518146
0.415764854 -0.154903841 0.0721848111
0.110823839 0.01554786 -0.0733627635
0.118139815 0.0194077453 -0.0690016287
0.415127859 -0.1458747 0.0733911845
0.119282151 -0.0137401555 -0.078430023
0.414527533 -0.155275142 0.0737641988
-0.355341033 0.197822018 0.000284895387
0.103359614 0.00511408733 -0.0793211666
0.409697422 -0.130235431 0.0784631937
0.408921222 -0.140361314 0.0787617135
0.101014126 -0.00829594602 -0.0843708084
0.129513481 0.000864462732 -0.0697567035
-0.362139003 0.191375196 0.00432689138
0.409518957 -0.156173005 0.0760301299
0.411173372 -0.165367657 0.0734796547
0.40713696 -0.152271544 0.0766729321
-0.363331264 0.191897748 -0.00339614742
0.103781425 -0.030108252 -0.0894982062
0.407157016 -0.14104609 0.0794455338
-0.302108579 -0.153439422 -0.0127075338
0.40139017 -0.137092019 0.0800705999
0.402638372 -0.148291311 0.0771907959
-0.194459053 0.144632472 -0.0218931545
0.15493992 -0.0246310107 -0.0673103285
-0.302621895 -0.154177914 -0.0131678444
0.125564458 -0.0335240376 -0.0815125419
-0.374756638 0.179278572 0.0103896212
-0.0731438227 -0.111684776 -0.0421973049
0.404183254 -0.11865944 0.0820457425
-0.0592626004 -0.067438135 -0.0424086838
0.399552655 -0.127499645 0.0823934308
0.397036715 -0.124716516 0.082460826
0.399814842 -0.116824904 0.0845703463
0.398155117 -0.115117926 0.0852341659
-0.0610420565 -0.162476741 -0.0446268121
0.397971124 -0.0938265095 0.0857060345
0.401269736 -0.097573486 0.0845047443
-0.177153091 0.15434703 -0.0194702253
-0.171537107 0.177173895 -0.0181095543
-0.0461565455 -0.125915562 -0.045939086
0.393428072 -0.087906485 0.08942135
-0.055400302 -0.122844756 -0.0454342878
-0.121847268 0.157215559 -0.0243435081
0.15868557 -0.0423693863 -0.0710709027
0.39398445 -0.0914489637 0.0891827732
0.172461551 -0.0582198004 -0.0736484786
0.159973212 -0.0763355449 -0.086420745
0.397603685 -0.143438441 0.0779915538
0.385215146 -0.149304028 0.075654784
0.101378892 -0.0654766551 -0.101363327
0.18129248 -0.0694726858 -0.0787817965
0.380264529 -0.126415315 0.0817062206
0.130393605 -0.103014945 -0.107012445
0.400463957 -0.136275918 0.0800583741
0.392614131 -0.130688355 0.0813933084
0.163856853 -0.0967503932 -0.0967862437
0.214959612 -0.0223592077 -0.0451261959
0.188273257 -0.0330126109 -0.0578452827
0.391111605 -0.10996887 0.0853274197
-0.315691029 -0.182901171 -0.0133898194
0.215167946 -0.0223092998 -0.0450440105
-0.314810304 -0.185231654 -0.0140105866
0.380274192 -0.103783427 0.0851470394
0.382900983 -0.100668985 0.0862976257
0.205318473 -0.0352148023 -0.054436076
0.394295194 -0.106347319 0.0861891133
0.22206918 -0.0328857669 -0.0526277548
0.189110636 -0.0580085683 -0.0705170244
0.376868585 -0.0794001877 0.0889718469
-0.109025559 0.181962346 -0.0209960196
0.16852055 -0.0521361852 -0.0721404431
0.41205641 -0.157228106 0.0756516937
-0.314179957 -0.18722381 -0.0147792724
-0.012359843 0.239755852 -0.0169860535
0.172406915 -0.0622191035 -0.0760326237
-0.306492317 -0.166812377 -0.0138800238
0.409605663 -0.149161071 0.0775245366
-0.309280767 -0.17410503 -0.0145541587
-0.367526183 0.188887379 -0.00995322377
0.189517917 -0.063517103 -0.0740110047
0.40324093 -0.12742764 0.0825806795
0.403674712 -0.125121643 0.0848392483
0.200809795 -0.0637106297 -0.0736535288
0.218360857 -0.0533849502 -0.0697726543
0.407199375 -0.130472135 0.084278973
0.405078641 -0.147909495 0.0775766842
0.401230673 -0.137437204 0.080018573
0.405213953 -0.140209225 0.079333492
0.204942957 -0.066150465 -0.0760871808
0.231518451 -0.0364131432 -0.0599495659
0.403100445 -0.133329057 0.0813644946
0.242387003 -0.023767592 -0.0521173091
0.398391578 -0.107140686 0.0863092547
-0.00804443218 0.23602435 -0.0183203905
0.405122175 -0.129883314 0.0813888885
0.404809864 -0.120379953 0.0818948378
0.241622258 -0.0311848758 -0.0603700322
0.400513397 -0.110050065 0.0868865409
-0.00627472173 0.234964825 -0.016553289
0.398145616 -0.105846441 0.0867016492
0.398017126 -0.101561237 0.0890936956
0.399522395 -0.110048011 0.086031917
0.22383178 -0.0467131334 -0.0659470455
0.400169309 -0.0960353809 0.0849703187
0.395276923 -0.0959451276 0.0880386618
0.238856119 -0.0427271973 -0.0711263015
-0.134400641 -0.310648923 0.0681862006
0.396189874 -0.0978729063 0.0880326875
0.269399465 -0.0175759291 -0.060121607
0.392871337 -0.0812498941 0.0923140105
0.269016414 -0.0244695265 -0.0694674504
0.290753107 -0.0125405706 -0.0649533253
0.262950198 -0.0192905164 -0.0577915227
-0.326231848 -0.205842997 -0.0131674388
0.392611345 -0.136072661 0.080547443
0.252747302 -0.0446514236 -0.0817008616
0.387875741 -0.132044002 0.0814958606
-0.382105939 0.182032632 -0.0183347425
0.268680951 -0.0417739793 -0.0888269094
0.393036131 -0.121007288 0.0833987824
0.389932054 -0.1258247 0.0829018965
0.397027375 -0.117021057 0.0843869295
-0.0196971644 0.243224584 -0.0157010655
0.38736443 -0.115934315 0.0845436813
0.384965489 -0.113168848 0.084658115
0.381200393 -0.102874298 0.0857691205
0.186853782 -0.0498867053 -0.0662522336
0.163317996 -0.0590200166 -0.0766707378
0.39529817 -0.103629014 0.0869415986
0.393905038 -0.0973747842 0.0874964949
0.383425359 -0.0996181627 0.0868270677
0.218091915 -0.0289850573 -0.0490677921
0.379389743 -0.105863742 0.0845114103
0.211420377 -0.0446407235 -0.0602588934
-0.172443098 0.258549505 -0.00286176589
0.163987468 -0.0879131525 -0.0912239381
0.376609449 -0.0794555886 0.0889526543
0.381909431 -0.0877848469 0.0881811868
0.392972169 -0.0913440459 0.0891112119
0.38936591 -0.0775655438 0.0906627576
-0.325702938 -0.208887648 -0.0138406232
-0.0310125652 0.248113805 -0.0140483669
-0.334800167 -0.224628546 -0.0137128754
0.382894082 -0.0793801871 0.0901350089
0.388543424 -0.0842785205 0.0898685049
0.161598369 -0.0822141578 -0.088906974
-0.326087329 -0.213122352 -0.0145915703
0.165943204 -0.0737725956 -0.0833275848
0.399317003 -0.077480006 0.0843940033
-0.319369028 -0.199598738 -0.014826567
-0.326105563 -0.213256883 -0.0146255404
0.201509732 -0.0631710581 -0.0731742903
0.391936977 -0.0587797643 0.088720856
0.395614566 -0.0664372938 0.0868941627
0.389364843 -0.0623373447 0.0909728364
0.191123591 -0.0631440972 -0.0734704637
0.220331301 -0.0403475781 -0.0581555333
0.215557863 -0.0478947488 -0.063146838
0.390822985 -0.0440858031 0.0885397906
-0.380422068 0.181501029 -0.0172305602
-0.012359843 0.239755852 -0.0169860535
-0.215722225 -0.324106591 0.0928986649
0.385007536 -0.0218854276 0.0906649673
-0.199093671 0.25176618 -0.00311202098
0.182873448 -0.0759348468 -0.0825902631
0.384276309 -0.0284768575 0.0928712887
0.391503434 -0.0809846023 0.0907810304
0.176444408 -0.0923395546 -0.0929671465
0.389732294 -0.0819323668 0.0903527207
0.386265909 -0.0698161072 0.0922410572
0.386122916 -0.0697697634 0.0922206467
-0.121131061 0.183943019 -0.0215797683
-0.176801102 0.156845018 -0.0196798613
0.383197057 -0.077264376 0.0901541177
0.38398705 -0.0529600167 0.093860899
0.198162096 -0.0872619268 -0.0909213952
0.376562556 -0.0665062476 0.0908612475
0.380533719 -0.047521958 0.0948949659
0.234467444 -0.0581764913 -0.0837058783
-0.381591234 0.17734429 -0.0142594637
0.379522028 -0.0375433425 0.0962003053
0.271304514 -0.00762115598 -0.0470333949
0.282827748 -0.00880003257 -0.0460831722
0.215278013 -0.0836739673 -0.0958775899
0.282842518 -0.0125759489 -0.034372466
0.276089031 -0.00847609136 -0.0436033866
-0.20562052 -0.322834147 0.088912178
0.265297316 -0.00862671981 -0.041859716
0.284466014 -0.00598602848 -0.0498222745
0.273815359 -0.00730816119 -0.0475042053
0.382808207 -0.0416683598 0.0939651165
-0.211705136 -0.323299142 0.0826473463
0.376579413 -0.0268592032 0.0970987578
0.380017336 -0.0159205225 0.0941297834
0.378272002 -0.0229040709 0.0959900205
-0.218993949 -0.32451219 0.0804065712
0.37544532 -0.0171465443 0.0973376816
0.376043866 -0.0122667035 0.0972003288
0.227992822 -0.0407395913 -0.0620840925
-0.166439279 0.174009181 -0.0174575126
-0.217601089 -0.324549953 0.0725244413
-0.390416081 0.166343788 0.0212354617
0.387335703 -0.0640767043 0.0926064431
-0.201654618 -0.322008924 0.0792769817
-0.0320057698 0.246086427 -0.0150394713
0.221571545 -0.0768546148 -0.0926273665
0.243077776 -0.0643600167 -0.0935710631
0.385893037 -0.0564181988 0.094474957
0.385627417 -0.0581545912 0.0936758088
0.384799923 -0.0508410911 0.094915821
-0.378767853 0.181475717 -0.0158672678
0.236893314 -0.046298435 -0.073154129
0.390088387 -0.0693497497 0.0937578869
0.24554521 -0.0462863623 -0.0785287898
0.381185475 -0.0478803832 0.0949011925
0.237483984 -0.0508141836 -0.0780440794
0.250308422 -0.0569819043 -0.0914001245
0.389791614 -0.0524331933 0.0906642117
-0.181366126 0.243864881 -0.00600197111
0.27301377 -0.0518597174 -0.10155416
0.38063291 -0.0391828768 0.0956491017
-0.0665656225 -0.142930126 -0.043504895
0.114677322 -0.278238099 -0.0380785838
0.382530269 -0.0393002319 0.0945493894
0.132812888 -0.277560455 -0.0396818841
0.154182278 -0.277054158 -0.0413720773
0.111401021 -0.277140649 -0.0479167977
0.379469192 -0.0325633892 0.0962777773
0.375386857 -0.0171636256 0.0973878089
-0.162829473 -0.314832888 0.081627538
-0.039599376 0.252093373 -0.0127722214
0.0319970915 -0.252829321 -0.0684180551
0.376955748 -0.0789156584 0.0889286126
0.0986624136 -0.269473776 -0.0570712797
-0.193782609 -0.32009144 0.0900150996
0.380327348 -0.047824824 0.0948924546
0.116728519 -0.258577524 -0.0663694522
0.114649053 -0.258649164 -0.0662664169
-0.0391126286 0.248370941 -0.00782784053
0.374883203 -0.0261156968 0.097126856
0.117438942 -0.258485076 -0.0665415832
-0.0080414449 -0.25343472 -0.0526756207
-0.0479256136 0.252170233 -0.0126468854
0.0511038489 -0.271084004 -0.0570090697
0.0305574218 -0.271100556 -0.0546793009
0.0209698035 -0.273065834 -0.0502854771
0.38936591 -0.0775655438 0.0906627576
-0.169009539 -0.314187829 0.0872963973
0.0168104318 -0.294778161 -0.0670972312
-0.0557801539 0.25652464 -0.0109844088
-0.11423616 0.146015691 -0.0137368334
0.000690988253 -0.281998071 -0.0550676517
0.381059107 -0.0447837493 0.0949105216
0.377081487 -0.0362163793 0.0969758107
0.374676621 -0.00915170138 0.0979176894
0.0226144595 -0.283211044 -0.0564646286
-0.11872518 0.148211717 -0.0218595285
-0.176493475 -0.318469684 0.0799599984
0.0157899204 -0.274675473 -0.0477254704
-0.187288469 -0.319879315 0.0844842291
0.0330028954 -0.27691456 -0.050011785
0.375112108 -0.0251908404 0.0973324573
0.0491969693 -0.287667513 -0.0607850595
0.373590508 -0.00553380856 0.0984269761
-0.366377598 0.188598981 -0.0163395841
0.0871162032 -0.269605531 -0.0574062071
0.376777179 -0.0303761866 0.097087222
-0.124231832 0.16296463 -0.02309728
0.377622141 -0.0412465099 0.0955610104
0.37663617 -0.0267857499 0.0971309498
-0.374831948 0.18298091 -0.0134588636
0.375295653 -0.0104109682 0.0977031055
0.373996421 -0.0026061892 0.0975659776
0.374571936 -0.00890470654 0.097997797
-0.143810067 -0.313182592 0.0736924622
0.373885106 0.00631506373 0.0974979054
0.37455533 -0.0155416546 0.0979047861
-0.332359173 -0.221669709 -0.0135336796
0.269526706 -0.291129284 0.0318749519
-0.329473157 -0.217904558 -0.0145383027
0.275283119 -0.29274222 0.0427369974
0.28040392 -0.294084584 0.0506574004
0.0544412664 -0.282865202 -0.0562968777
0.288545746 -0.29429506 0.0603611183
0.286386786 -0.293067578 0.0620128308
-0.336963187 -0.233542823 -0.00842407064
0.0651016316 -0.28049748 -0.0536695433
-0.0180554273 -0.309880166 0.0464976342
-0.122345498 0.15629645 -0.0240928011
0.292826033 -0.293711624 0.0622242706
0.285662996 -0.291010722 0.0645723003
0.0949830661 -0.278847458 -0.051807971
0.27101099 -0.289914782 0.0632118015
0.121060267 -0.281255242 -0.0534412131
0.270903423 -0.290934637 0.0617130873
-0.332662078 -0.221614725 -0.0138110135
0.262735244 -0.290032572 0.0611624994
-0.209235667 -0.323227664 0.0703417591
0.257400831 -0.289391867 0.0604129659
0.24166683 -0.288838709 0.0573679692
0.208023893 -0.288298216 0.0545582522
0.254024226 -0.289593336 0.0590005691
0.250368558 -0.290075766 0.0570885207
0.0861628579 -0.288481633 -0.0616660405
0.235257335 -0.283803173 0.066194696
0.224677553 -0.284912251 0.062400729
0.275552247 -0.287462972 0.0672063221
0.27907287 -0.285242458 0.0695814327
0.122738817 -0.284148612 -0.0561984793
0.264342632 -0.286252433 0.066633019
0.277499867 -0.294087231 0.0565834368
-0.460896271 0.0925399785 -0.00105193474
0.287784012 -0.284167685 0.0713804678
0.176077085 -0.277865676 -0.035014945
0.271256336 -0.290055421 0.063007303
0.264604582 -0.286455214 0.0663399955
0.26936445 -0.284882024 0.0688765656
0.26498652 -0.291762215 0.0574848797
0.253733399 -0.289827301 0.0583769558
0.257963688 -0.291634945 0.0520857345
0.174421805 -0.274198092 -0.0339570489
0.25773611 -0.285804876 0.0663420336
0.210702723 -0.278448926 -0.031305603
0.253630561 -0.283825131 0.0682038487
-0.222201375 -0.325687018 0.0594148855
0.239990682 -0.279480042 0.0740770202
0.24213145 -0.28152636 0.0708077278
0.194925332 -0.277651174 -0.0360487335
0.247639382 -0.289502566 0.0572558899
0.250672446 -0.288057902 0.0604870873
0.246813093 -0.28587755 0.0635509966
0.236233946 -0.285405891 0.0624619557
0.241699344 -0.282307477 0.0685275338
0.229914736 -0.287903949 0.0565700984
0.230850406 -0.281322177 0.0688863228
0.208926202 -0.278104702 -0.0331142302
0.148993438 -0.271081684 -0.0523180727
-0.145489019 -0.312829116 0.073229866
0.230821197 -0.279009588 0.0746585494
0.234054608 -0.288484762 0.0564731316
0.219537181 -0.287709614 0.0559245484
0.207465737 -0.287656795 0.0557183107
-0.215380141 -0.324574623 0.0613730515
0.197490876 -0.286954849 0.0577873099
0.230075947 -0.287652867 0.0574398335
0.210827948 -0.284001031 0.0631216999
0.202731257 -0.282400918 0.0660736441
0.200533991 -0.284667865 0.0618447079
0.176414308 -0.277000894 -0.0446701991
0.170626289 -0.28997836 0.0543118899
-0.186112225 -0.31961956 0.0795341282
0.190267788 -0.285423596 0.0610714174
-0.198239939 -0.321525841 0.0695544239
0.180453537 -0.284214402 0.06488393
0.178164564 -0.281888826 0.0710196459
0.179833886 -0.276053686 -0.045194452
-0.184408453 -0.319742685 0.0705160287
0.221130528 -0.279500899 0.0739870905
0.217997887 -0.279390927 0.0722336521
0.219579157 -0.278126593 -0.0369896215
-0.210189753 -0.323773602 0.0574985153
0.21025349 -0.280165723 0.0719750257
0.204814701 -0.28415865 0.0619551397
0.196319274 -0.275485778 -0.0450620157
0.211981559 -0.282858021 0.0654022183
0.213390907 -0.277936718 -0.0416425751
0.204309008 -0.280759488 0.0676930838
0.192465024 -0.282650563 0.0658976677
0.172078982 -0.284008971 0.0666363089
0.189544292 -0.283142557 0.0647787692
-0.122136008 -0.306483328 0.0675340868
0.200971966 -0.286834311 0.0570116894
0.180629392 -0.286240307 0.0606011042
0.255607535 -0.27736333 -0.041503161
0.182150485 -0.283785291 0.0647993746
-0.18573857 -0.320562144 0.0601684623
0.17061316 -0.288310962 0.0576336236
0.183738931 -0.282517712 0.0666630366
0.228608292 -0.27101242 -0.0494684973
0.276304348 -0.276360377 -0.0410688278
0.280775555 -0.282221501 -0.0152587287
-0.468931229 0.0809478547 -0.00613014548
0.264268441 -0.280836753 -0.0207416911
0.167225519 -0.261755024 -0.0610434684
-0.166081052 -0.31678014 0.0760109633
-0.0151408811 -0.310119424 0.0460579569
0.261412339 -0.289749344 0.0246840994
0.263349828 -0.280851501 -0.0205679208
0.27089776 -0.281545947 -0.0179781253
0.154881552 -0.255718579 -0.066920806
0.257987436 -0.283604344 -0.0108036926
0.246054277 -0.27999503 -0.0242567374
0.235259161 -0.28506007 -0.00379749695
0.190882106 -0.260605718 -0.0621307981
0.236217472 -0.288418124 0.0231055764
0.239495495 -0.288933487 0.0312709247
0.251094051 -0.289570153 0.0298403023
-0.335405519 0.209354564 0.0082770143
0.252485534 -0.290137362 0.0391264254
-0.167910366 0.239661971 -0.00760733025
-0.472675433 0.0755987599 -0.00980187504
0.234828163 -0.289203328 0.041866838
0.245765285 -0.290255318 0.0500571325
0.228827432 -0.289089686 0.0499962912
0.23864147 -0.289735591 0.0488078823
0.243567241 -0.290340044 0.0538571578
0.228778097 -0.289249286 0.0519456079
0.247881862 -0.269791178 -0.0512018797
0.265533058 -0.269779683 -0.050222406
0.219712539 -0.280632745 -0.0222078
0.150044026 -0.265691041 -0.0581057151
0.212925951 -0.288318188 0.0263676632
0.19570852 -0.278357652 -0.0319597954
0.191899399 -0.281115575 -0.0217416071
-0.175585855 -0.31896033 0.0651559625
0.230472676 -0.288118657 0.0209550695
0.21840947 -0.287997279 0.0227439752
0.221243997 -0.288439671 0.0345497899
0.200620101 -0.288489913 0.0347991437
0.185392323 -0.288654531 0.0293062089
0.200598982 -0.288488687 0.0348255746
0.178681873 -0.287168099 0.00988781184
0.189453873 -0.2858564 0.00259767044
0.202097731 -0.270594154 -0.0509375614
0.186332011 -0.270833002 -0.0510436084
0.158724497 -0.281736335 -0.0212295418
0.164935576 -0.284609483 -0.00902583062
0.169520278 -0.263533891 -0.0597947148
0.174579681 -0.288660121 0.0254229138
0.174679233 -0.289140836 0.0365333446
0.22087572 -0.288637358 0.0409426991
0.214452489 -0.288785078 0.0476013787
0.224941541 -0.288935467 0.0477257917
0.20788726 -0.288790244 0.0469863643
0.210636144 -0.288784293 0.0516373556
0.197435018 -0.288922336 0.0452791471
-0.157597647 -0.315291287 0.0662676672
0.214273797 -0.287992055 0.0545550271
-0.176335584 -0.318780839 0.0532234678
0.192586894 -0.289242903 0.0497436616
0.196447477 -0.289070145 0.0525973425
0.186237083 -0.289017842 0.0420321444
0.177202249 -0.289405097 0.0416111881
0.180223029 -0.28939453 0.0460319501
0.157187595 -0.290191732 0.0327365524
0.165757372 -0.289810862 0.0374989973
0.17418503 -0.289853156 0.046967181
0.166470226 -0.290563115 0.0493164625
0.188880706 -0.287845009 0.0562055708
0.218512413 -0.287300775 0.0565555513
-0.46974956 0.0824839574 -0.0174953465
0.197748222 -0.284756972 0.061271321
0.137541897 -0.292078418 0.0363057988
0.13382013 -0.291549729 0.025293107
0.106121246 -0.278336572 -0.0391936279
0.175867592 -0.267896852 -0.0548378324
0.195122598 -0.27610343 -0.0446254762
0.0862308765 -0.281178876 -0.0337638605
-0.154832796 -0.315204341 0.0455429978
-0.168185079 -0.317519754 0.0448144969
-0.180767391 -0.319471212 0.0439364912
0.158128614 -0.285456717 -0.0548259964
0.103415896 -0.292535497 0.00832770396
0.113228317 -0.291855101 0.00876360321
0.111215505 -0.293952734 0.0260323017
0.144908112 -0.291876097 0.0418421856
0.152813733 -0.29167812 0.0475254367
0.1954312 -0.278299328 -0.0444263154
0.141943726 -0.292976774 0.0485621964
0.119172099 -0.293715306 0.0354752442
0.107232992 -0.294929288 0.0338899408
0.121707128 -0.293952227 0.0392980855
0.112451918 -0.295606233 0.0447097117
0.118110303 -0.294895273 0.0455906028
0.110623653 -0.295436662 0.0432943913
0.115054488 -0.295804026 0.0485966374
0.0364865867 -0.305476776 0.0441086175
0.17139244 -0.283642857 -0.0518766658
-0.474841483 0.0711953482 -0.000131624891
0.00640880323 -0.307848786 0.0421506578
0.14919344 -0.281376393 -0.0515487927
0.176414308 -0.277000894 -0.0446701991
-0.204109547 -0.322833923 0.0483010029
0.145420316 -0.276606864 -0.046895248
0.0679143279 -0.289417908 -0.0141962914
0.222189877 -0.265944659 -0.0563308359
0.0873693719 -0.295455132 0.0168733634
0.0862631226 -0.296670119 0.0284311223
0.0346094221 -0.281188285 -0.0360770175
0.0460110562 -0.292852391 -0.00764415424
0.220777047 -0.276817208 -0.0432851235
0.232119725 -0.26546049 -0.0568115969
0.0151257578 -0.282590722 -0.0327548786
0.0550229898 -0.298750486 0.0179572947
0.0190641254 -0.29190271 -0.0130487646
0.277633427 -0.270132254 -0.0494261858
0.242191171 -0.27358814 -0.0469233416
0.222388943 -0.282745253 -0.04574169
0.0126805524 -0.273851393 -0.0474217869
-0.00495270957 -0.263639818 -0.047873316
-0.160318511 0.1630775 -0.0126514192
-0.220699909 -0.325918481 0.0345997749
-0.209086153 -0.323747693 0.0387253957
0.065424467 -0.299896883 0.034139837
0.0749169002 -0.298268712 0.0303629547
0.0617117368 -0.301296097 0.0400853661
0.0767347583 -0.299172577 0.0416087517
0.0821359374 -0.298550846 0.0405150163
0.0736089804 -0.29949474 0.0398620341
0.0979448646 -0.297878163 0.0508246806
0.107748678 -0.297036424 0.04953925
0.0889173329 -0.298378563 0.0456122848
0.0690172979 -0.301001246 0.0435793163
0.0689225863 -0.302005567 0.0473981201
0.192447546 -0.285706571 -0.0515369832
0.097059331 -0.296006529 0.0325890003
0.100438164 -0.296354642 0.0398078862
0.100439649 -0.296569066 0.0421191254
-0.214378444 -0.324786284 0.0292119164
0.0261371026 -0.299699276 0.00954926711
0.0316608332 -0.302523751 0.0256828559
0.00436578303 -0.302114869 0.0155240472
0.00885900214 -0.305451382 0.029839706
0.0450197782 -0.303128138 0.0383144455
0.0480219908 -0.303517179 0.043475416
0.145441909 -0.293119366 0.0525743182
0.143139125 -0.293441728 0.0525728529
-0.214021374 -0.325516323 0.0244861433
0.150911344 -0.29137933 0.0556753742
0.132240317 -0.294490059 0.0519161694
0.124464275 -0.295311333 0.0514645028
0.117024278 -0.295061562 0.0533254045
0.144700608 -0.289608816 0.0602391638
0.15676315 -0.287757858 0.0616512248
0.133404818 -0.291252912 0.0583846214
0.150151034 -0.286139378 0.0652779719
0.23050282 -0.28837174 -0.0499049279
0.123368268 -0.292564453 0.057580581
0.128639936 -0.289808734 0.0616223608
-0.479313339 0.0622746978 0.000586692547
0.24498538 -0.281868957 -0.0420696772
0.0962578437 -0.295886516 0.055473329
-0.125198668 0.165226702 -0.0227403228
0.0872430104 -0.296874997 0.0551116098
0.112192272 -0.293946494 0.0569513793
0.103162974 -0.294293938 0.0577698639
0.249856022 -0.289130199 -0.0481675809
0.124091272 -0.289237616 0.0626525416
0.0927481312 -0.296389274 0.0554891042
0.349148569 -0.0293986547 -0.0586522091
0.131929428 -0.289452997 0.0611210394
0.128977883 -0.292210585 0.0563124793
0.334866889 -0.0181004941 -0.0563402682
0.158811559 -0.28421369 0.067216462
0.362415094 -0.0498488279 -0.0583017241
0.151113974 -0.286333105 0.0644393987
0.135789042 -0.287150083 0.0655654123
0.341062757 -0.0199580518 -0.0595679768
0.285443943 -0.0281302525 -0.083890792
0.113354584 -0.291989493 0.0597471248
0.147923922 -0.286929446 0.0642764322
-0.193598725 -0.322382313 0.0240151721
-0.165372101 -0.317386274 0.0322811211
0.146738226 -0.292026683 0.05419618
0.353520414 -0.0347677729 -0.0589802677
0.102873391 -0.295180274 0.056232345
0.0982475698 -0.29585452 0.0548202028
0.0904511381 -0.297356269 0.0533530995
0.363595134 -0.0521470025 -0.0599218909
-0.159764267 -0.316329238 0.0367791774
0.371108125 -0.0768304145 -0.0528012748
0.12404715 -0.294993318 0.0501311201
0.0690870112 -0.302017163 0.0493115147
0.0666778941 -0.300548987 0.0525424378
0.376493039 -0.100581329 -0.0475530194
-0.48056127 0.062144279 -0.00433763415
0.375196797 -0.080999494 -0.0542764782
0.373418146 -0.120037943 -0.0382921789
-0.170197446 -0.318474921 0.0233626586
0.379962174 -0.112677071 -0.0455715901
-0.150974133 -0.314433446 0.0288346002
-0.142303942 -0.312394002 0.0227835758
0.0330192557 -0.30691529 0.0471264314
0.37055125 -0.1090724 -0.041041122
0.029728569 -0.305686582 0.0495200403
0.00460706984 -0.30832873 0.0491223965
-0.00202424832 -0.306490754 0.052842344
0.0585716841 -0.303308402 0.0478166075
0.374914412 -0.121272272 -0.0390828847
0.0252950202 -0.307261869 0.0462546993
0.37776945 -0.112930651 -0.0442724532
0.39158194 -0.124502823 -0.0488737249
0.0800793954 -0.300404434 0.049745271
-0.174841399 0.257031583 -0.00379487552
0.16000937 -0.288741441 0.015719757
0.139310377 -0.281190505 -0.025665331
0.143215974 -0.278158231 -0.0350841631
0.384465251 -0.155692536 -0.031400086
0.114741145 -0.278309468 -0.0376856529
0.124170188 -0.27807537 -0.0376290445
0.398044695 -0.132090338 -0.0458200859
0.386106244 -0.110891056 -0.0541861497
0.126798723 -0.268135748 -0.0315745223
0.384794453 -0.105793493 -0.0520969854
0.392485987 -0.126902188 -0.0483641195
0.14635814 -0.290745828 0.0300633981
0.137358015 -0.288447993 0.00116995153
-0.478685851 0.0651502493 0.00218800227
0.0989244256 -0.259058641 -0.0269118625
0.39727056 -0.14105018 -0.0459393303
0.0926167656 -0.274484583 -0.0366344897
0.401759257 -0.157122749 -0.0419695414
0.379580919 -0.132644313 -0.0380045319
0.155399873 -0.290636162 0.0391755223
0.0775716168 -0.270685814 -0.0325717922
0.0500257395 -0.279115416 -0.0416135744
0.0738076888 -0.279925688 -0.0385790647
-0.140422906 -0.31206196 0.0171389594
0.0304028522 -0.277224797 -0.0443169731
0.0612644702 -0.279915058 -0.0393952209
-0.475586686 0.0713601684 -0.0172148124
-0.192908095 -0.321128841 0.0482170135
0.00525229159 -0.265070671 -0.0456669129
-0.017357789 -0.246215176 -0.0400324059
-0.0467714439 -0.2182216 -0.045428931
-0.154073525 -0.315147605 0.0667163258
-0.0561024154 -0.191321936 -0.0445251515
-0.0550355739 -0.194833309 -0.0446994037
-0.0591729939 -0.182006435 -0.0440615568
-0.0615991587 -0.171831961 -0.0437017909
-0.0608262525 -0.168765155 -0.041712941
0.25144825 -0.0111437284 -0.0441616181
0.239353873 -0.0104006731 -0.0405543923
0.257728015 -0.00891175235 -0.0442802235
0.396243994 -0.155525156 -0.039220989
0.255680044 -0.00830536763 -0.0434265706
0.248179542 -0.0113718444 -0.0373237598
0.280903793 -0.281751857 -0.0191642438
0.238879921 -0.00991244556 -0.0401626562
0.229461569 -0.0114154878 -0.0392355058
-0.145906061 -0.312971331 0.0732440625
0.222882093 -0.0193687161 -0.0429521853
0.223021467 -0.0184217998 -0.0423521741
0.230556239 -0.0157330535 -0.033395341
0.223535746 -0.0125073017 -0.0386984665
0.278649592 -0.281257754 -0.0238200993
0.230702618 -0.0155870879 -0.0336009887
0.413001321 -0.173566067 -0.0375864512
0.270357812 -0.011662338 -0.0359222506
0.255806283 -0.0125214992 -0.0341216996
0.250500013 -0.0106055632 -0.0376923502
0.25443004 -0.00426396003 -0.0422699295
0.247540315 -0.00571680682 -0.0409835347
0.24776989 0.00619868802 -0.0391716523
0.245245301 -0.0088076571 -0.0411177284
0.244339158 -0.00911386688 -0.0409892513
0.237103899 -0.0126565372 -0.035107309
0.407035166 -0.169872025 -0.0394539967
0.226325974 -0.0115011899 -0.0387234362
0.416834221 -0.198833448 -0.0307294646
0.231938566 -0.00919451087 -0.0389594028
0.232343366 -0.00817435642 -0.0387576437
0.234607614 -0.00771288718 -0.0390558503
0.231318058 0.0103082302 -0.036111929
0.223296189 -0.00871632701 -0.0375560556
0.220205682 -0.00505917996 -0.036467058
0.217769677 -0.000610696003 -0.0355616209
0.218126243 -0.0276418152 -0.0481933957
0.357653354 -0.28360262 -0.0105173
0.22228169 -0.0169157874 -0.0412997692
0.222542996 -0.0139810363 -0.0394374417
0.221329744 -0.0177211795 -0.0417368862
0.209429106 -0.0357376854 -0.0304096377
0.340035498 -0.290427928 -0.0271187087
0.222365807 -0.0132506143 -0.0390341545
0.222692605 -0.0123016849 -0.0385410443
0.220493336 -0.0225906987 -0.0303832044
0.222396771 -0.0159961775 -0.0312707861
0.359106564 -0.283477704 -0.00998149091
0.220466602 -0.0141654382 -0.029521358
0.216712299 -0.0317949467 -0.0188783587
0.222639589 -0.0124371722 -0.0382468535
0.219166972 -0.0163587728 -0.0242943099
0.217812112 -0.0156276575 -0.0186819839
0.221278934 -0.00874035103 -0.0373453035
0.372888976 -0.276757252 -0.00800740395
0.217195719 -0.0193372619 -0.0430770935
0.212685402 -0.024151053 -0.0336160474
0.221143834 -0.0136636959 -0.0394873968
0.221512934 -0.00965009666 -0.037625604
0.219867307 -0.0111966319 -0.0386820624
0.392689988 -0.270757039 -0.00268834749
0.221355927 -0.008896423 -0.0373859065
0.215765114 -0.0113202682 -0.00846527122
0.216912456 -0.00788941446 -0.0215605703
0.220205682 -0.00505917996 -0.036467058
0.427261601 -0.283194793 0.00757474707
0.213640652 0.0084222669 -0.0342365983
0.213379293 0.000535247273 -0.0199792429
0.212385255 -0.00103486513 -0.015365524
0.205395385 0.00587794853 -0.00494652876
0.208317918 -0.0112397586 -0.0427167298
0.201963911 -0.00622346831 -0.0429368829
-0.160953236 0.142092983 -0.0170876493
0.217769677 -0.000610696003 -0.0355616209
0.283302528 -0.271222753 -0.0467906427
0.216520458 0.00199860341 -0.0350386999
0.19760852 0.0233920683 -0.0355615122
0.184973538 0.0311050691 -0.0384027869
0.212047238 0.00964570533 -0.0311651668
0.199696506 0.0263430257 -0.0336891944
0.206415646 0.0159526075 -0.0286664237
0.28520748 -0.274548056 -0.0424749447
0.213001416 0.00907075414 -0.0342997313
0.302984604 -0.2829369 -0.0305606876
0.20923367 0.00532188081 -0.0118900564
0.208894775 0.0086557414 -0.016366395
0.275049355 -0.28123363 -0.0356904915
0.173554745 0.032143641 -0.0426323224
0.181015258 0.0378703389 -0.0382497466
-0.185808296 -0.32029579 0.039975443
0.297333968 -0.285834651 -0.0356027441
0.381690651 0.00770973676 0.0905330239
0.379473886 0.0012833721 0.0926553328
0.315916304 -0.283926069 -0.0272818475
0.381122523 0.00854039471 0.0910915926
-0.190388679 -0.321304938 0.031435963
0.384089731 0.0494494192 0.0888666765
0.33567365 -0.286987272 -0.0242443068
0.352384894 -0.299674259 -0.0321521183
0.400184353 0.0953054419 0.0718326151
0.427614638 -0.233701534 -0.0164892565
0.40100498 0.101014175 0.0702849442
0.437121175 -0.259903058 -0.00733683439
0.396633498 0.0848212323 0.075078406
-0.178274931 -0.319448387 0.0319190791
-0.0112291198 -0.292057634 -0.0126845445
0.397040406 0.0848728446 0.0758145868
0.400476966 0.0947451225 0.0742162389
-0.123902658 0.164087684 -0.0214447548
0.291601059 0.00395668281 -0.0502209656
0.379029619 0.0132568776 0.0919217687
0.376341796 0.00405917706 0.0949396757
0.0185068429 -0.29607019 -0.00324138617
0.381566418 0.0365823986 0.0888580911
-0.106594649 -0.146804302 -0.0161321564
0.375483206 0.0109450472 0.0960178987
-0.107706916 -0.146435082 -0.013669274
-0.129575239 0.176004449 -0.0207403337
0.379410889 0.0339376964 0.0912613641
0.0563289435 -0.285641713 -0.0265146011
-0.101646864 -0.150298054 -0.0244160156
0.375668379 0.0157189568 0.0964880719
0.38680572 0.0565653628 0.0849523919
-0.106040641 -0.159421998 -0.0155769276
-0.013867647 -0.277004834 -0.0385906532
0.380627367 0.0395774451 0.0912958634
0.0265723584 -0.282137075 -0.0348318968
0.00905072049 -0.277750045 -0.0414018779
0.394998485 0.0807667408 0.0764746811
0.378340267 -0.0140733868 0.0955957931
-0.481001387 0.0619727565 -0.00321276467
0.0203849149 -0.277884902 -0.0425739789
-0.00803694918 -0.279025978 -0.0516444478
-0.102457969 -0.161936615 -0.0218664773
0.37648207 0.0216722126 0.0950330091
0.375546134 0.0203790674 0.096265146
-0.0998234037 -0.168103693 -0.025466575
-0.110002968 -0.162698785 -0.00952776884
0.384868552 0.0505424254 0.0954751069
0.377639406 0.0291245812 0.0963046774
0.380627367 0.0395774451 0.0912958634
0.38212517 0.0451081589 0.0910008543
0.39317187 0.0728782141 0.080812854
0.0185035463 -0.275160805 -0.0480921009
0.0373652706 -0.277377082 -0.0502915444
0.390324108 0.0628670419 0.0958639958
0.0319878155 -0.278223924 -0.0425913436
0.0535315265 -0.278195358 -0.0513299336
0.402364381 0.104186904 0.0699588865
-0.126662947 0.167962373 -0.0219920406
0.396704839 0.0766215065 0.0882065098
-0.110211494 -0.179974614 -0.00480787111
0.103441074 -0.289163888 -0.0103654954
0.11442341 -0.290672897 -0.000102754281
0.374688705 0.0127442661 0.0979163625
0.06837888 -0.284626226 -0.0278016558
-0.129739006 0.177524121 -0.0206029979
0.0990471379 -0.28658471 -0.0191151224
0.375225415 0.0133302277 0.0971445994
-0.100843332 -0.17262085 -0.0235416099
0.38038193 0.0388520139 0.092113682
0.0934803538 -0.283104775 -0.0293223745
0.37520096 0.0239032214 0.100291386
0.377652565 0.0297172416 0.0965055668
-0.483070259 0.0604354799 -0.0112009222
0.373308123 -0.00265779002 0.0981162012
0.116260421 -0.283721882 -0.0244620197
0.11213085 -0.288891363 -0.00944557845
0.371861436 -0.00326019834 0.0992992956
0.37382234 0.00625021437 0.0975514616
0.373861076 0.0120895492 0.098715039
-0.133192603 0.266116869 -0.00490356669
0.373528293 0.00974394206 0.0985909514
0.13687422 -0.283065505 -0.0212509742
-0.128027645 0.169148504 -0.0215411846
-0.134083251 0.265536637 -0.00504665008
0.15604629 -0.288400389 0.00893472274
0.376826949 0.0265059487 0.0983675745
0.377863706 0.0287980247 0.0942394318
0.159856981 -0.28631877 -0.0017046957
0.385590683 0.0523539994 0.0976009632
0.161219011 -0.280799475 -0.0252174114
0.156714844 -0.28366155 -0.0149939344
0.388819646 0.0602774077 0.0939592515
0.384030435 0.0497332523 0.0891943344
0.120271289 -0.286913237 -0.0141742711
0.388338643 0.0612837924 0.0853714177
-0.120795958 0.268622571 -0.00547793897
0.385043059 0.0536719791 0.090286867
0.393497211 0.069409764 0.0936655308
0.395268951 0.0741011107 0.0896421197
0.396189245 0.0735247339 0.0974053972
-0.104360852 -0.13817229 -0.0197506173
-0.101547298 -0.138182075 -0.0241722983
0.0751100114 -0.287672675 -0.0189402295
0.0738725668 -0.280344852 -0.0376740544
0.41442113 0.13446441 0.0581374973
0.421673299 0.146289401 0.0508095266
0.0907859087 -0.278096852 -0.0462496669
0.410312216 0.137558835 0.0615281461
0.382153697 0.135811424 0.0568333428
0.371339516 0.196086968 0.0297484802
0.361906056 0.184916585 0.0303349141
0.364097027 0.176509914 0.0432603134
0.358268213 0.174962849 0.0380213997
-0.0885452842 -0.150564711 -0.0387762255
0.397345697 0.128220537 0.0609739856
0.399761328 0.140115411 0.0584321338
0.0860163846 -0.279741007 -0.0379394832
0.361964982 0.162647323 0.0471193987
0.109857089 -0.277127133 -0.0494075112
0.405254884 0.11407697 0.0669090172
0.132103378 -0.277944883 -0.0375978561
0.413022878 0.135902748 0.0594860423
0.410406263 0.135307122 0.0621373758
0.418984743 0.149479285 0.0534516977
0.414116801 0.153383994 0.0568127154
0.414439866 0.153117094 0.0571459623
-0.43267312 0.132278035 -0.00263633833
0.410601501 0.123151241 0.0678454157
-0.0882421882 -0.136333707 -0.0397908089
0.00570766771 -0.308518153 0.0483275558
0.104991044 -0.277466283 -0.0469193539
0.394754116 0.119122937 0.0630828011
0.398845575 0.106702472 0.0676129678
0.405100873 0.113455004 0.066874071
0.415389898 0.163969336 0.0535087568
-0.104389949 -0.169058198 -0.0180204471
0.417442217 0.163976242 0.051202548
0.401840815 0.163895979 0.0517594756
-0.270153573 0.238312852 -0.000995395131
0.131649253 -0.283717898 -0.0547903689
-0.0976878886 -0.166014487 -0.0273689726
-0.0927488837 -0.156293965 -0.0335992008
0.406621181 0.20764486 0.034281424
0.41313844 0.197833035 0.0386852872
0.0148398144 -0.283844136 -0.0566306995
-0.000427206253 -0.297616789 -0.0684324298
0.406092258 0.188976694 0.0426997503
-0.0834381577 -0.161563319 -0.0404087482
0.0156563528 -0.304501866 -0.0757829884
0.413991239 0.187349727 0.0443412643
0.0564199255 -0.286965678 -0.0598112975
0.366890129 0.18763465 0.0343190343
-0.185629386 0.256348425 -0.00173582012
-0.101700174 -0.172393378 -0.022203347
0.0742532166 -0.283708448 -0.0568248089
0.415285007 0.179147297 0.0478578158
0.415518973 0.163479735 0.0537336665
0.41843554 0.167811368 0.0543469864
-0.102899535 -0.191321697 -0.021955363
0.423850412 0.169487978 0.0568883066
0.416193712 0.176798662 0.0491332454
0.419535206 0.160783553 0.0579133671
0.436599366 0.180074442 0.0590584526
0.430990969 0.172297831 0.0597584063
0.333986413 0.143911326 0.0274357822
-0.0970439364 -0.192685438 -0.0264827517
0.344410864 0.154553247 0.0424173097
0.348132529 0.15200919 0.0499835116
-0.43145275 0.140510638 -0.021135298
-0.416826434 0.146099013 0.0162796923
-0.145574014 0.268492911 0.00268300165
-0.10384459 -0.185148672 -0.0215297515
0.350322245 0.169378583 0.0306206237
0.346910674 0.161160779 0.036506016
0.0401288772 -0.305057801 -0.0765794201
-0.167066035 0.263237822 0.00308635472
-0.436856413 0.128856471 -0.00779097894
0.318142605 0.124361575 0.00736716186
0.330185364 0.138445713 0.0224605875
0.0614691401 -0.304900146 -0.0766709238
0.338587387 0.148441798 0.0367621592
0.329340016 0.137229782 0.0240546633
0.33990516 0.148093104 0.0432286138
0.318119548 0.124632898 0.00741112887
0.346553628 0.145897786 0.0530018493
0.142243751 -0.292823917 -0.0620885135
0.344870885 0.152110248 0.0504555545
0.12695588 -0.307399955 -0.0755358581
0.339267183 0.146994381 0.0457493372
0.340126422 0.146652031 0.0538793966
0.334214067 0.141770541 0.0433085757
0.323322287 0.131333955 0.044058433
0.340004052 0.139735485 0.0596466832
0.333418572 0.138863856 0.0637015884
-0.188092962 0.257674964 0.00172431034
0.41569585 0.123529872 0.0753393547
0.413962036 0.109123097 0.0856766546
0.418624544 0.133801069 0.0720735248
0.418512307 0.113957926 0.0884361558
0.0616010102 -0.310384829 -0.0801147162
0.0970492236 -0.29410482 -0.0665549136
0.404531844 0.0964179256 0.0808147609
0.0935488831 -0.300853263 -0.0727193881
0.409314133 0.0997500626 0.0874766883
0.408322053 0.0932302672 0.0948970974
0.409322522 0.0905474306 0.102059406
0.13541017 -0.293862389 -0.0643738939
0.0994005844 -0.305402306 -0.0758384179
0.417444928 0.122248277 0.0799920937
0.409660212 0.0993979819 0.0905564945
0.40932184 0.107136558 0.0796654362
0.40520727 0.0906350592 0.0927465712
0.0823448222 -0.303511386 -0.0751404769
0.42520334 0.137211786 0.0770338225
0.420957633 0.143160138 0.0685497432
-0.209210217 0.250274109 -0.00321592413
0.0635499228 -0.288765646 -0.062112974
0.42250731 0.121265816 0.0878179774
0.425121603 0.157490246 0.0644467053
0.432508337 0.156463048 0.0717955131
0.0521684774 -0.301277142 -0.0734493269
0.42485495 0.134489561 0.0797418271
-0.213682621 0.249595334 -0.00304721549
0.39409379 0.153527547 0.0546984091
-0.160539881 0.162490296 -0.0116994896
0.197441641 -0.285672468 0.000118986343
0.41920283 0.132989033 0.0738149554
0.394470873 0.157589951 0.0534652743
-0.131262092 0.170748167 -0.0208038976
0.372934128 0.173002104 0.0459495964
0.39391054 0.0763952255 0.0804435434
-0.219180303 0.24855257 -0.00284644995
0.205596993 -0.284326957 -0.00680107585
0.401543824 0.0961818638 0.0757819071
-0.101643446 -0.206768793 -0.0228778948
0.351645193 0.136178582 0.05704399
0.361777866 0.129421717 0.0581738583
0.356791301 0.142047028 0.0535853731
0.401822445 0.0868764776 0.0886808013
0.168886024 -0.283025005 -0.0168687508
0.34599772 0.153414142 0.0497155747
0.344297138 0.151373332 0.0511870904
-0.285552153 0.234019548 -0.00620320812
0.351957681 0.162022446 0.0563665371
-0.118577083 0.268796358 -0.00552274773
-0.143312085 0.264196459 -0.00502917443
0.336932545 0.136334271 0.0625757434
-0.101893451 -0.199556292 -0.022576996
0.333669242 0.137077962 0.0643329898
-0.0968138634 -0.213840234 -0.0256108187
0.338844034 0.144755006 0.0576203038
0.343628791 0.150770181 0.0547652525
0.342653245 0.150941228 0.0637047292
0.339422851 0.147963348 0.0758988656
-0.427815311 0.138866612 -0.00437340307
0.357665584 0.1695386 0.0533084155
0.365564034 0.178356188 0.0431024859
0.363524234 0.177726344 0.0521035113
0.357107471 0.170221659 0.0660765456
0.344985229 0.153956184 0.0710193307
0.329622837 0.136243432 0.0794360117
0.334547429 0.141659586 0.0836949261
0.346305088 0.156342352 0.0678174116
0.352954462 0.163864254 0.0584555657
0.176955717 -0.277794751 -0.0359354588
0.347689059 0.157875026 0.0783426358
0.35345304 0.166475871 0.0758280502
0.341991966 0.151504214 0.083140081
0.33571396 0.143983775 0.0876567087
-0.0961911198 -0.214300591 -0.025988755
0.183186136 -0.279416573 -0.0464861253
0.347600605 0.158276743 0.0739978203
0.40500499 0.211369502 0.0324684253
0.403494864 0.213266129 0.0310522657
0.182403066 -0.282202078 -0.0183251688
0.397601444 0.233607654 0.0146699835
0.396499273 0.225733974 0.0228359789
0.401553808 0.21753623 0.0291960757
-0.414824361 0.152831774 -0.00923504305
0.400790933 0.227134307 0.0246341284
0.415468018 0.217593395 0.0360659476
0.411789727 0.198948522 0.0389897293
0.413052842 0.199143122 0.0394509506
0.42617086 0.198208998 0.04596227
0.209518269 -0.282345259 -0.015466086
0.41418926 0.215482039 0.0355778977
0.430131478 0.211604221 0.04435551
0.429510279 0.212981537 0.0440109587
0.395304857 0.23482439 0.0149903193
0.398030524 0.235053011 0.017597144
0.403084458 0.238461134 0.0185083362
0.416680816 0.255756603 0.0094661035
0.409576255 0.249877031 0.0125348571
0.408441233 0.241995116 0.0193768872
0.416520125 0.249974076 0.0178533021
-0.416766161 0.149536871 -0.00205987636
-0.0796307104 -0.172727185 -0.0410244538
0.415703937 0.236497089 0.0287654718
0.427794961 0.224068566 0.0409272417
0.440373484 0.209462987 0.0498152695
0.219447438 -0.278300774 -0.033130119
0.441721327 0.201868865 0.052138949
0.430915009 0.21253367 0.0449750755
0.427821539 0.230512066 0.0388436922
-0.148553148 0.269127438 -0.00884397751
0.419630988 0.239152436 0.0296753538
0.43281311 0.22273084 0.0441783103
0.207436068 -0.277751261 -0.0373582115
0.417099646 0.217753455 0.0369932149
0.425504501 0.238357573 0.0340122396
0.446438338 0.187173854 0.0599982943
0.219579157 -0.278126593 -0.0369896215
0.424414644 0.257135886 0.0122800567
-0.13970235 0.17413292 -0.0189563838
0.42241822 0.254149287 0.0170320862
0.419593285 0.24775736 0.0221947224
-0.415932185 0.14493583 0.0244056302
0.432434875 0.258881184 0.0144640142
-0.414118625 0.158546427 -0.028481407
0.434778863 0.259382117 0.015134157
-0.416597355 0.154494961 -0.0235341717
0.441583705 0.259998398 0.0201756691
0.42299693 0.244338095 0.0279613645
-0.0881996897 -0.184040288 -0.035222881
0.429017065 0.253006147 0.0247381583
-0.0964982583 -0.185885889 -0.0271680466
0.427054047 0.240722059 0.0336783488
0.421941014 0.235691113 0.0335331332
0.193353176 -0.277153555 -0.0427665716
0.435400054 0.258051605 0.0194869474
-0.0921575955 -0.191060352 -0.0308416583
0.427869607 0.25599677 0.0189671285
0.426381705 0.253568214 0.0216153302
0.430319584 0.248253932 0.0297750433
0.42842837 0.247552273 0.0293010078
0.422405401 0.245635175 0.0267428113
0.423722509 0.243463867 0.0293066276
0.439942417 0.261087365 0.011836582
0.425588679 0.257754276 0.00972793961
0.413810963 0.255482992 0.00720786366
0.421064187 0.256816925 0.0103764787
0.43720943 0.259683955 0.0175931257
0.443060251 0.262207489 0.0192797359
0.428180949 0.257704932 0.0148071782
0.429715187 0.257450791 0.0170202435
0.406078565 0.253737598 0.00460544994
0.405601882 0.253602512 0.00467389769
0.40322441 0.253251418 0.000155706865
0.41955401 0.256425105 0.0103695884
0.409199402 0.260526981 0.00654805929
0.411550477 0.254992609 0.00704600466
0.416840029 0.255791088 0.00954577931
0.418492955 0.255065363 0.0125135998
0.422554457 0.25371018 0.0180883675
0.421177526 0.25226872 0.0190661822
0.408623504 0.254282657 0.00619848598
0.414955759 0.190059308 0.0426161536
0.435628143 0.168858709 0.0656533291
0.404417957 0.175765732 0.0481930903
0.189944293 -0.277404942 -0.0361631213
0.397959594 0.190183885 0.0421616589
0.217937576 -0.278076625 -0.0395026105
0.41843355 0.187365326 0.0473322982
-0.204229064 0.25139633 -0.00325691782
0.376226122 0.193788499 0.0385055819
0.379961503 0.200084278 0.0362120625
0.373948863 0.192324725 0.0454855654
0.391541969 0.203955015 0.0350708986
0.38322939 0.20487148 0.0339708085
0.382696493 0.204768826 0.0369664272
0.385735465 0.211580325 0.0395402762
0.378593599 0.201464403 0.0514910066
0.413270005 0.215718478 0.0351628652
0.399080057 0.219508756 0.0279812363
0.401898974 0.204152733 0.0355368026
-0.286516877 0.233696622 -0.00559157795
0.394053872 0.217869277 0.0278969797
0.389134534 0.214437118 0.029394986
0.39596488 0.21829232 0.0318430746
0.390180312 0.216572573 0.028309842
0.413054711 0.226775457 0.032477907
0.416077741 0.233553323 0.0312655393
-0.0895350859 -0.202475116 -0.0320832398
0.424318411 0.238001925 0.0335037137
0.402553207 0.222774572 0.0284778991
0.408405377 0.227563379 0.0298037834
-0.0873876996 -0.217271022 -0.0317292863
-0.0841215147 -0.214265053 -0.0345821339
0.397152516 0.219941685 0.0273031538
0.388984064 0.214437795 0.0304572877
0.386659235 0.213432781 0.0392680314
0.267951345 -0.287784515 0.00799040205
0.384962286 0.211971864 0.0474533452
0.392993979 0.215735721 0.0401569814
0.389709891 0.216076111 0.0301637783
-0.253505024 0.242896628 0.00461584758
0.375919748 0.198878594 0.0641402379
0.38467503 0.212463367 0.0498998694
0.377380382 0.202343677 0.067090253
0.387429367 0.214297127 0.037637736
-0.0698391918 -0.15525312 -0.0428287644
0.371494476 0.186786188 0.0407370997
0.367915287 0.184858717 0.0573172933
0.355517503 0.166646412 0.0501085423
0.363835311 0.17798684 0.0499685218
0.352008184 0.162024512 0.0494727561
0.3587624 0.173356868 0.0659590978
-0.0740613199 -0.155646954 -0.0422417341
0.363901323 0.179889061 0.0613720668
0.366955122 0.182317554 0.0467251883
0.37314562 0.190139309 0.0392926512
0.366570981 0.183309304 0.0392103304
0.370035461 0.187231506 0.0487039475
0.372434496 0.193201704 0.0719769592
0.36830986 0.187085664 0.0746416259
0.357009663 0.1719519 0.0798888082
0.355882186 0.170523195 0.0841077962
0.203069036 -0.280648051 -0.023399
0.358331454 0.174100291 0.0786841424
0.371655029 0.192268956 0.0705359558
-0.0725721917 -0.145566389 -0.0424980049
0.368406416 0.18740634 0.0756976595
0.362490785 0.180402463 0.0814177137
0.374189156 0.196787761 0.0690027736
0.238255479 -0.280262188 -0.0244652445
0.219769467 -0.282265261 -0.0166045741
-0.416826434 0.146099013 0.0162796923
0.366261466 0.184773455 0.0690815614
0.371040572 0.191486245 0.0703432325
0.384985347 0.21783529 0.0490593046
0.383707186 0.212654444 0.0541736747
0.385137126 0.219392511 0.0499209091
0.380550629 0.201240268 0.0356718174
0.373799397 0.196804244 0.0323818417
0.369577764 0.187790611 0.0547090442
-0.290152301 0.232174787 -0.000101360916
-0.0718279186 -0.135243075 -0.0425168973
0.376962797 0.19780573 0.0445781116
0.368527368 0.19475381 0.0278245412
0.380545032 0.209187695 0.026057158
0.379068588 0.202730522 0.0521766997
0.380862977 0.206871887 0.0575088951
0.377930635 0.199080088 0.0431449144
0.382874323 0.210952061 0.0648445041
0.380740861 0.207484683 0.0648318331
0.241226682 -0.285967856 0.00060842501
0.375290066 0.198283819 0.0667318179
0.254928672 -0.282911784 -0.0138264668
0.415422049 0.246097438 0.0211002599
0.422157127 0.250764452 0.021560416
0.406732116 0.241780062 0.0185193029
0.408629768 0.245467589 0.0166526998
0.414745327 0.252031309 0.0142925455
0.408321503 0.250079313 0.0115272645
0.402948931 0.245733017 0.0120571555
0.398625669 0.242002362 0.0127024638
0.399889229 0.244925181 0.0106629973
0.404265887 0.257508029 0.00481159824
0.403214986 0.25163044 0.00605524126
0.403025332 0.251221835 0.00645472754
0.404473742 0.25158064 0.00706212045
0.402862691 0.250905154 0.00669389203
0.403754877 0.260463525 0.00937402137
0.402133264 0.253464695 0.00991589586
0.399632922 0.258221223 0.0194101123
0.402820809 0.263330772 0.014511628
-0.0755457243 -0.164369372 -0.0419123199
0.399085837 0.250016403 0.0154786149
0.40229254 0.276483587 0.025779296
0.397500579 0.250986958 0.020261362
0.397394113 0.253291431 0.0249732149
0.395531501 0.257368883 0.0274503788
0.385981917 0.216842936 0.0232407423
0.389485287 0.224896772 0.0176122486
0.380438402 0.213721561 0.0190934881
0.265611282 -0.28373319 -0.0103712034
0.390013125 0.227620032 0.014361671
0.389134968 0.228547684 0.0109750343
0.393644493 0.234941575 0.0110705074
0.392104219 0.229539428 0.0161968564
0.385157249 0.233803427 0.0213456735
0.38174943 0.223542279 0.0276026773
0.39159253 0.222172996 0.0239325187
0.393441456 0.23234938 0.0214055498
0.389130047 0.233477247 0.00105404246
0.3908179 0.23552491 0.00149070167
0.393702485 0.236146345 0.00896930546
0.391626668 0.235290875 0.00463981441
0.391337793 0.233627574 0.00734510866
0.230911095 -0.282833561 -0.0146963314
0.395402282 0.241474824 0.00269796393
0.39565183 0.243250281 -0.0011533521
0.393697415 0.239023545 0.00320719599
0.39735589 0.246593838 -0.00420624351
0.39504735 0.239623947 0.00591569365
0.397354126 0.244038472 0.00238557345
0.395327544 0.238396798 0.00988024059
0.382472502 0.243949457 0.0399431201
0.394418008 0.232370261 0.0181989651
0.396726863 0.240211013 0.0157828696
0.397256217 0.247941754 0.0188713357
0.397384333 0.239988344 0.0131222308
0.394787149 0.241983166 0.0195536295
0.391637888 0.252781174 0.0276615747
-0.0687677281 -0.171915484 -0.0429581509
0.394061292 0.236444124 0.0206764338
0.397504249 0.251013469 0.0202586168
0.392444002 0.236426004 0.012461163
0.392713891 0.230516247 0.0162292124
0.395103818 0.234835811 0.0146108312
0.39502242 0.237867232 0.0100331173
0.394000692 0.235273995 0.0116086468
0.396215235 0.239318778 0.0105537307
0.411019884 0.231543123 0.0292790521
0.40078049 0.222488094 0.0275856149
0.416097539 0.237873897 0.0282610443
0.409854846 0.234650531 0.026437624
0.25161392 -0.280030004 -0.0274225129
-0.0731168962 -0.172752338 -0.0422067561
0.404375598 0.233330634 0.0234344211
0.405244156 0.237107953 0.0214310622
0.401662354 0.239299104 0.0170816712
0.400253996 0.23058956 0.0223883841
0.390983858 0.220100088 0.0254613653
0.393455968 0.227262229 0.0205967218
0.392838435 0.225174627 0.021921063
0.392249453 0.227678015 0.0250037971
0.389938285 0.220223417 0.0315951023
0.387352783 0.215710442 0.0389071424
0.395454816 0.232952861 0.0175410084
0.395310235 0.233625328 0.0168796568
0.398609435 0.238526785 0.0156782063
0.261308492 -0.281218548 -0.0198654959
0.390417934 0.226462677 0.0349372555
0.398815336 0.239628608 0.0149643868
0.397661492 0.240056965 0.0137324238
0.396740962 0.237557835 0.0150006895
0.394976232 0.23281476 0.0172912651
0.284752209 -0.288272917 0.00838118642
0.393357918 0.236363294 0.0254826058
0.396258614 0.242260144 0.0192379579
0.39327339 0.23753115 0.0274428278
0.397639137 0.240327093 0.0139677003
0.397575456 0.251409773 0.0216890893
0.385061587 0.215391551 0.0493340144
0.288363096 -0.283687074 -0.0107568294
0.384319164 0.213605051 0.0525381443
0.387990727 0.227155501 0.0465939437
0.385993504 0.21666598 0.0431175469
0.38623681 0.217973527 0.0429608386
0.387405679 0.235866903 0.0470360532
0.390641214 0.220894281 0.0270902555
0.392732418 0.231315437 0.0238053692
0.378887587 0.224617319 0.0526850275
0.389342885 0.232735182 0.0416077037
0.393124125 0.233658895 0.023502232
-0.253963933 0.243108378 0.00548646632
0.384329974 0.209270479 0.0303271561
0.384171403 0.213136602 0.0254742294
0.388091866 0.219401197 0.0228445223
0.393741003 0.236187653 0.0226774617
0.396452666 0.241969957 0.0176121811
0.395887211 0.239038408 0.0179523111
0.393848556 0.235962153 0.0219270418
-0.0656417132 -0.183398106 -0.0433106201
0.253101314 0.0128916244 -0.0395413858
0.244855704 0.012592726 -0.0381002435
0.27092559 -0.280985589 -0.0243191565
0.262140143 0.0115996747 -0.0416536158
0.279124858 0.0528652378 -0.0337118436
0.240302136 0.0213307487 -0.0363621716
-0.0680022003 -0.148343739 -0.042946674
0.240751671 0.0125149556 -0.0372881674
0.225579259 0.00487981955 -0.0356938193
0.21539714 0.00839846781 -0.0343128742
0.219127981 0.00192532437 -0.0351733027
0.227568269 0.0170113052 -0.0350799193
0.226890369 0.0236649197 -0.0349113559
0.21769324 0.0146777806 -0.0341609661
0.213043327 0.00940424183 -0.0341645994
-0.270646953 0.236934327 0.00533322807
0.268265349 0.0550613226 -0.0329368518
0.271449232 0.073630418 -0.0264958418
0.261743117 0.0579362185 -0.0322909609
-0.0633911265 -0.155798675 -0.0412620043
-0.00179598501 -0.309467833 0.0451354256
0.244343901 0.0296352963 -0.0363984579
0.250171613 0.0426384014 -0.0359024249
0.255077199 0.0554968503 -0.0332573297
0.237198087 0.0274440337 -0.0357343372
0.226004817 0.0346527346 -0.0345201778
0.231069587 0.047082924 -0.0349709285
0.217270204 0.0420319448 -0.034469242
0.209057878 0.0525242125 -0.0354600072
0.202181786 0.0426752147 -0.0345766821
0.252817999 0.0668340553 -0.0313714524
0.244755621 0.0521074918 -0.0344482099
-0.0317504398 -0.309163905 0.0472346827
0.213522704 0.0569634866 -0.0357875144
0.201992775 0.0567717014 -0.0361698684
0.263469379 -0.280592055 -0.0252331328
0.230316915 0.0627275731 -0.035244731
0.196640862 0.0253702784 -0.0213773282
0.176605853 0.046105519 -0.0376269618
0.185469471 0.0426324126 -0.0348416649
0.18691314 0.0406150701 -0.0326719057
0.179449336 0.0481096129 -0.0333118416
0.206956188 0.0153610599 -0.0292088116
0.204901941 0.0152579744 -0.021398451
0.199223214 0.0196745758 -0.0154832124
0.191968523 0.0272556252 -0.0103385837
0.194734698 0.0211913352 -0.0048394997
0.191685537 0.0359215931 -0.0342391477
0.188115026 0.0342217931 -0.0168964151
0.198967585 0.0377330657 -0.0341748259
0.187427359 0.0408344322 -0.0345915106
0.198701137 0.0174603877 -0.0111676579
0.274458732 -0.280985917 -0.0298644418
0.185376507 0.0357415319 -0.00809285479
0.276245471 -0.284078644 -0.0381703939
0.176008763 0.0494511246 -0.022560693
0.221914188 -0.293864702 -0.0554744909
0.177877434 0.0473905989 -0.0244957685
0.182616881 0.0396108806 -0.0157370251
0.174638697 0.0539202052 -0.0357525534
0.173267291 0.0534234125 -0.0295050364
0.189969965 0.0449061693 -0.0348851303
0.18156152 0.0470589343 -0.0354894632
0.184152532 0.0528356769 -0.0361718079
0.195175305 0.0658516991 -0.0379237507
0.189441552 0.0582029292 -0.0368162792
0.178366736 0.0595047761 -0.0372506899
0.182977365 0.0455386285 -0.0352315507
0.186589975 0.0401075312 -0.0296541388
0.174885622 0.0540174054 -0.0367331559
0.171834517 0.0469721043 -0.00283730613
0.172278356 0.0577420051 -0.0374736264
0.174660217 0.0540966386 -0.0363186709
0.171253133 0.0589906954 -0.0323435116
-0.424758976 0.140412668 0.00154304261
-0.143787145 0.176415197 -0.0179089268
0.171346953 0.0582133303 -0.0315545156
0.170999195 0.0615973569 -0.0320328198
0.169949939 0.0558244853 -0.0196002146
0.307225374 0.114239762 0.00409269827
0.313445128 0.121968129 0.0185275454
0.330678247 0.139440664 0.0340667456
0.249579403 0.0710657539 -0.031378977
-0.0662429235 -0.14508065 -0.0417775501
0.230677673 0.0647096676 -0.0352849043
0.251215705 -0.282792612 -0.0413510182
0.306977703 0.113193761 -0.00483447285
0.29095033 0.0986660455 -0.0139154877
0.26096373 0.0833541597 -0.0284269428
0.210199537 0.0670281694 -0.037797493
0.328190786 0.135032444 0.0521801126
-0.0653224688 -0.153047418 -0.0434031234
0.331304089 0.136402446 0.0672632898
0.328941736 0.134838286 0.0605319852
0.325120214 0.133433143 0.0408240107
0.263673626 -0.280449614 -0.0356638723
0.336273163 0.144179721 0.0505079924
0.298713627 -0.284861459 -0.0338420476
0.326224191 0.132405113 0.0765371441
0.332774493 0.138372546 0.0645644773
-0.0640467744 -0.159390205 -0.0433984298
0.336925048 0.153210833 0.0155566867
0.341818946 0.158170785 0.0241932367
0.342037862 0.16135927 0.0157987309
0.3344474 0.146132882 0.0237194553
0.335286353 0.147915722 0.023464564
0.339196734 0.148874432 0.0388916972
0.346071882 0.162209648 0.0331836712
0.340140196 0.150399021 0.0385984329
0.348481009 0.166846316 0.0316859657
0.342586052 0.153813625 0.0395654618
-0.0628955468 -0.184708554 -0.0436326924
0.33931407 0.158827502 0.00897423641
0.350509244 0.174666831 0.0145251667
0.152289879 -0.305852536 -0.0727243657
0.34146877 0.148536051 0.0530873935
0.342585404 0.14998628 0.0516862212
0.326106065 0.147095638 0.0630775617
-0.139201009 0.168462119 -0.0197048453
0.343844868 0.167114811 0.0324828492
0.349777107 0.167959273 0.0328741758
0.349962874 0.168640279 0.0320382736
0.346065341 0.156891827 0.0427868451
0.339057457 0.150556441 0.0531695885
0.170233886 -0.299480472 -0.0656950046
0.350501529 0.160822281 0.0458494482
0.348329611 0.159911774 0.0431507881
0.198058084 0.0671460672 -0.0381583725
0.202995248 0.0657767261 -0.0377658009
0.182860374 0.0798393144 -0.0411222103
0.197578242 -0.300178424 -0.0638996869
0.18679347 -0.316373548 -0.077273764
-0.0566198534 -0.177485697 -0.0377004972
0.177586541 0.0749093504 -0.0402629038
0.172042207 0.0616401043 -0.0380151669
0.173140131 0.0687261102 -0.0391960842
0.191634935 0.0818629403 -0.0421078984
0.202401303 0.0775702332 -0.0409813842
-0.0564751469 -0.175166761 -0.0369364463
0.177845011 0.0861703878 -0.0427581244
-0.29140344 0.231666247 -0.00104517843
0.17388529 0.0868224084 -0.042919562
-0.0571205 -0.176618198 -0.0384892824
0.207163667 -0.313753254 -0.0738547044
0.171805723 0.0628597136 -0.0382722952
0.170345954 0.0664012936 -0.0323461821
-0.0763717847 -0.207237313 -0.0405351076
0.171381067 0.067455912 -0.0391276387
0.170668624 0.0762491383 -0.0401732345
0.168528473 0.067541082 -0.0294248772
0.170782136 0.0930852448 -0.0441850725
0.147431686 -0.312375274 -0.0785352944
0.170888295 0.0866153941 -0.0412367807
0.17157575 0.0967821945 -0.0449033135
0.17248518 0.0942475048 -0.0443522932
-0.299767561 0.228679252 -0.000428083152
0.166985569 0.112844804 -0.0458514988
0.170832189 0.0945101474 -0.0443733309
-0.077554935 -0.192913469 -0.0412146157
0.169691879 0.110211825 -0.0407748617
0.16874346 0.107016584 -0.0437727553
0.170757432 0.0941300679 -0.0443308419
0.170663608 0.0875316849 -0.0427279268
0.169937862 0.100452031 -0.0442911428
0.169075683 0.104331883 -0.0443708825
-0.0801166571 -0.217375668 -0.0367993619
0.17053038 0.082671663 -0.0422649033
0.16774967 0.11076196 -0.043774801
0.16897938 0.122976161 -0.0352814553
0.170421478 0.123014434 -0.032315577
0.163929987 0.123562707 -0.0425455336
0.161933516 0.127240448 -0.0430347991
0.163464169 0.123839676 -0.0433134185
0.213889459 -0.283274637 -0.0466569194
-0.0647306821 -0.191990294 -0.0434985045
-0.0650288256 -0.208935311 -0.0433771249
0.331336574 0.138114485 0.0686957772
0.342030478 0.150030566 0.0636741081
0.344578872 0.151931609 0.0517606272
0.344810229 0.15205074 0.0505215001
0.181216579 -0.300817458 -0.0653424738
0.347339332 0.155516527 0.0491429433
0.352016001 0.161982735 0.0489787706
0.157993541 0.0468633146 -0.0453962078
0.166469043 0.048785308 -0.0413668323
0.16413318 0.0522680219 -0.0415465054
0.172117955 0.0519767435 -0.0383075542
0.172306566 0.0539075222 -0.0378494094
0.174628279 0.054228365 -0.036785366
0.173396614 0.0557390346 -0.0371020065
0.172278356 0.0577420051 -0.0374736264
0.170274022 0.0552103492 -0.0384053752
0.165106659 0.0544842017 -0.0406961984
0.156464816 0.0500462931 -0.0305140803
0.171691082 0.0574862576 -0.0377492307
0.160125548 0.0522786943 -0.0432486156
0.151898354 0.0508540648 -0.0472480069
0.15265548 0.0513885276 -0.0468710028
0.157614842 0.0540640074 -0.0443557815
0.17024695 0.0506293964 -0.0047981966
0.169099643 0.0581916814 -0.0251957988
0.171802182 0.0578081935 -0.0377041263
0.170507239 0.0593000604 -0.0304384293
0.172225648 0.0579414417 -0.0375051375
0.241482416 -0.30490977 -0.062639266
0.166014181 0.0744319779 -0.0287595066
0.166879624 0.0596930575 -0.0402357638
0.165619348 0.0618492592 -0.0412246106
0.161451529 0.0559370995 -0.0425958495
0.169865143 0.0611887098 -0.0390645431
0.171513894 0.0640148048 -0.0385501161
0.150953791 0.050928173 -0.0477195615
0.147872936 0.0501916461 -0.0493548234
0.161318079 0.0585651589 -0.042980496
0.166736372 0.06553221 -0.0409886465
0.217487783 -0.310261854 -0.0697010293
0.168800085 0.0808959262 -0.0365343675
0.271914647 -0.294867216 -0.0490820416
0.170461166 0.0709451564 -0.0400043818
0.170584998 0.0786109979 -0.0414249219
0.169800735 0.0717108503 -0.0404977439
0.168009479 0.0827679549 -0.0437352748
0.170512172 0.0861343034 -0.042882529
0.170262445 0.0861737926 -0.0424244084
0.162767457 0.0727765901 -0.0446927859
-0.0730470545 -0.194797061 -0.0420908532
0.16629267 0.0736648931 -0.0429495359
-0.419798094 0.147423887 -0.00652159451
0.168191743 0.107333378 -0.0464102812
-0.0600121715 -0.214908259 -0.0438554024
0.135126912 0.160994854 -0.0372916485
0.145145132 0.153370439 -0.0388461102
0.145155598 0.149451198 -0.0356671089
0.131672351 0.163120335 -0.0366830879
-0.0601907929 -0.192939925 -0.0440478546
0.272479338 -0.304920145 -0.0586368047
-0.39919989 0.16014161 0.0229399172
0.35904525 0.184202509 0.025681169
0.359975603 0.188213591 0.0194887764
0.358891471 0.184213246 0.0257288186
0.347929535 0.177893407 0.0318929574
0.35579058 0.177201766 0.0307907319
-0.401072569 0.160275935 0.00772530475
-0.0444250087 -0.210614392 -0.0351153042
0.3532763 0.163759636 0.0459148068
0.259828644 -0.303193479 -0.0592222681
0.354308432 0.166083453 0.0441639444
0.354358312 0.17270135 0.0346610475
0.361697406 0.190920784 0.0192854223
0.360569749 0.184665758 0.02829152
-0.0489447506 -0.200614492 -0.0371475486
0.364126867 0.196219915 0.0142676089
0.287226711 -0.310223337 -0.0602340417
-0.146511639 0.186683926 -0.0163906993
-0.236228991 0.246944703 -0.00211245132
0.343976889 0.203079429 0.0137926542
0.370767876 0.20680959 0.00902324527
-0.0503008702 -0.203137198 -0.0412582408
0.364616608 0.197138941 0.0136891245
0.364655697 0.193465581 0.0218305603
0.369271311 0.198148947 0.0241247601
0.371282766 0.201938083 0.0214492894
0.363232509 0.180241633 0.0384054582
0.364983506 0.188948494 0.0300585719
0.358916327 0.179118206 0.0338796794
0.36633624 0.19200495 0.0280848997
-0.0576981141 -0.213175026 -0.0443753412
0.369777949 0.198850665 0.0240040685
0.375127103 0.208375077 0.017721013
0.370164392 0.20449326 0.0128179486
0.370519062 0.198745202 0.0254662697
0.376622565 0.207495746 0.0224324882
0.162298525 0.129506874 -0.0406388353
-0.10997492 -0.303889531 0.0603746816
0.355129253 -0.286103089 -0.00157531632
0.382371767 0.223354345 0.00336470986
0.385358079 0.2284115 0.000948117309
0.376735922 0.21403327 0.00910717657
0.380894873 0.218992504 0.00937578616
0.37981756 0.219035848 0.00638352534
0.386526194 0.230204084 0.000295561557
-0.0448442914 -0.307687816 0.0481682592
0.342085154 -0.284668138 -0.00899280552
0.388979873 0.230674922 0.00626769243
0.378684056 0.211445792 0.0195861562
0.38106707 0.215265713 0.0176636345
0.151343212 0.146265854 -0.0401787719
0.325692935 -0.285267435 -0.00708967843
0.32501067 -0.287181935 0.00249531542
0.115811194 0.175635194 -0.0342549392
0.125034369 0.169838189 -0.0353834396
0.343756094 -0.28596228 -0.0031604675
0.126540991 0.170419882 -0.0351726448
0.310638555 -0.284924084 -0.00756655386
0.100258975 0.188573508 -0.0297452747
-0.125053125 0.188491231 -0.0207199135
0.105782324 0.182088538 -0.0326053552
0.305371599 -0.283072419 -0.0224420364
0.113286827 0.177135148 -0.0337887686
0.315119095 -0.284275561 -0.0129651023
-0.108842713 -0.296421916 0.0702715519
-0.428355846 0.142542345 -0.0224838992
0.0847945982 0.192319854 -0.0301584873
0.101842075 0.184630004 -0.031976038
0.0930534132 0.18945106 -0.0305286507
-0.0997544991 -0.28624456 0.0762176607
0.298110167 -0.282576682 -0.0281770117
0.0889493299 0.198399775 -0.0242013554
0.313546191 -0.283622219 -0.0186065541
0.0764865426 0.199563494 -0.0268278817
0.0776889215 0.202837631 -0.0235688414
0.0764961956 0.20337382 -0.0229199014
0.327428795 -0.283998467 -0.017022314
0.33720007 -0.284471395 -0.0194022554
0.340951099 -0.297666478 -0.0343628921
0.0776549526 0.196603214 -0.0286861692
-0.132984132 -0.309347064 0.070924454
0.0522236226 0.206868735 -0.0226270378
0.0574998332 0.206184163 -0.0261964204
0.0615281471 0.204750578 -0.0264418446
0.0650410887 0.207425165 -0.0231298013
0.0371301537 0.21775864 -0.0230133829
0.0333606161 0.21908595 -0.0206277691
0.358358473 -0.309233999 -0.0401076165
0.0148551569 0.227644528 -0.020317216
-0.0891281597 -0.290625687 0.0630435091
0.292294761 -0.303463425 -0.0540950544
0.0586753626 0.210743373 -0.0223157514
0.330358185 -0.297027906 -0.037926726
0.0462547054 0.21588291 -0.0214569753
0.32553287 -0.309376724 -0.0522749952
0.0360446378 0.222448063 -0.0184880793
0.439422808 -0.283270712 0.00720810479
0.0470996171 0.215893969 -0.0209582688
0.0461416157 0.217024662 -0.0205589191
-0.0935797753 -0.286612595 0.0708944754
0.0268429578 0.221693792 -0.0221924417
-0.126747789 0.178596379 -0.0215457817
0.0179376561 0.226038195 -0.0208007286
-0.0915246972 0.265224916 -0.00768007451
0.0123881043 0.229017985 -0.0196044967
0.00438577815 0.232163829 -0.0192654334
-0.0825746823 0.26799383 -0.00744136018
0.00579313545 0.232008715 -0.0191115073
0.0195276155 0.232927933 -0.0153009613
0.0234539479 0.227488464 -0.0190237381
-0.130299181 0.187678992 -0.019737131
-0.0253671993 0.245102823 -0.0148920839
-0.168523352 0.115363329 -0.0163003853
0.00482904295 0.236994265 -0.0160836008
0.015339858 0.233575929 -0.0156134244
0.00721762062 0.238063937 -0.0142756523
-0.0796787994 0.252472883 -0.0118478292
-0.200513332 0.0800834327 -0.0217074925
-0.00212456033 0.242615857 -0.0130440143
-0.181460704 0.0761885896 -0.0162908722
-0.00941724618 0.24741875 -0.0113708603
-0.00379469062 0.244884644 -0.0116489344
-0.141328622 -0.304272924 0.08500109
-0.230754734 -0.000619517611 -0.0182979166
0.403281812 0.255112354 -0.000732353676
-0.146519247 -0.311359539 0.076722338
0.409387844 0.266854384 0.00758009589
0.407481121 0.265559403 0.00688905152
0.40481917 0.266443972 0.00697384768
0.405284116 0.273122744 0.00813520169
-0.200327661 0.0420307797 -0.0164320255
0.407538861 0.276996447 0.00967122175
0.405445095 0.282074016 0.00750989076
0.405015085 0.27166362 0.00907182754
0.404521053 0.271062965 0.0129073524
0.403526222 0.264385076 -0.00266308125
0.404698667 0.28220765 0.000343588732
0.406639888 0.289590737 0.0113950591
-0.134688345 -0.305523578 0.0777754745
-0.106499454 0.106640267 -0.0282740255
0.404769015 0.276166724 0.00563785162
0.406519798 0.286679195 0.0126435133
0.406701956 0.287831425 0.0143453498
0.408657523 0.296290441 0.0211937053
0.406105744 0.295024952 0.00978885341
0.405754444 0.300842924 0.0087924064
0.405177184 0.276362851 0.00998811615
0.404572718 0.274147213 0.0166099166
0.404720325 0.270310803 0.00912472872
0.404947259 0.270119264 0.00760464072
0.404030986 0.266467408 0.0107295384
0.405391991 0.287153959 0.00829456152
-0.106019446 0.113758436 -0.021794275
0.403904337 0.273376169 0.01808198
0.405170124 0.277554657 0.0190319746
0.404364552 0.275677638 0.0189937617
-0.0955010401 0.0846466498 -0.00698936829
-0.131510612 -0.307607931 0.0721359012
0.403459515 0.272476195 0.0180914517
-0.0972879779 0.0655347576 -0.0278649387
0.40144086 0.272258232 0.0243435933
-0.0959539782 0.030435414 -0.0330639714
-0.11890001 -0.302422638 0.0703501186
0.400383772 0.247932151 0.00465442961
0.403591995 0.25289805 0.00370827383
0.399891361 0.24746774 0.00377700838
0.397977242 0.243479386 0.00696965982
0.403944379 0.268471027 0.00176951311
-0.124856912 -0.300367035 0.0789378202
0.403682655 0.260377051 0.00221538806
0.403294969 0.258540764 -0.000645500397
-0.0935806798 0.00866704947 -0.0311694362
0.401849616 0.257150326 -0.00606873371
0.404436627 0.260960001 0.00539208347
-0.0936055929 0.0578246001 -0.0152686234
0.400954611 0.2513878 -0.00429477484
0.399068535 0.247621112 -0.000976099249
0.401099206 0.259795682 0.0155068854
0.402776132 0.254869135 0.0085342965
-0.0942744144 0.0719559785 -0.01221706
0.398530224 0.263894641 0.0258505205
-0.000723870803 -0.305826387 -0.0779645796
-0.0944366883 0.0223847359 -0.03177314
-0.122545678 -0.296626101 0.0819337391
-0.0931822013 0.0246648454 -0.0251199949
-0.0922269643 0.252996967 -0.0109174514
-0.0171803047 -0.291377069 -0.063032005
-0.133329991 0.190164796 -0.0184844622
-0.14179458 -0.302037416 0.0905340431
-0.00686232262 -0.30059059 -0.0714097271
0.00817733753 -0.299722835 -0.0710518118
0.00571134888 -0.290251187 -0.0627958188
-0.0141517964 -0.286414357 -0.0586647381
-0.010609309 -0.299806275 -0.0717677981
-0.021094197 -0.294031148 -0.0672537319
-0.0249790987 -0.285565657 -0.0592617099
-0.0288738112 -0.288072364 -0.0630380091
-0.0264143189 -0.280527508 -0.0538660119
-0.0227952935 -0.292737202 -0.0651620739
-0.0323901855 -0.290878063 -0.0662421499
-0.0340144401 -0.280614308 -0.0583133688
-0.424034894 -0.291889939 0.00699557069
-0.0374864955 -0.275117296 -0.0550943006
-0.214798264 -0.00933136659 -0.0141212055
-0.0424711945 -0.266010794 -0.0510724973
-0.0424128518 -0.268776047 -0.0532167932
-0.0143150705 -0.272165295 -0.0451750196
-0.0037124817 -0.286075734 -0.0584021006
-0.0192033705 -0.279177345 -0.0514388708
-0.0103246811 -0.272691064 -0.0456012707
-0.0259216974 -0.27356606 -0.0417133428
-0.0220582441 -0.279546152 -0.051932649
-0.0240512135 -0.281175534 -0.0539169356
-0.12505302 -0.299249334 0.0811792725
-0.0322699196 -0.283547002 -0.0253871749
-0.0306809644 -0.276856 -0.0359028933
-0.0292820133 -0.269127914 -0.0444036021
-0.0248145735 -0.27166769 -0.0443831204
-0.0250735124 -0.271902484 -0.0440294016
-0.026082308 -0.274183868 -0.0418155139
-0.0329665747 -0.275766764 -0.0361650915
-0.237567168 -0.0397950601 -0.0130715226
-0.0356816527 -0.274374958 -0.0361483844
-0.143238749 0.190896779 -0.0163285993
-0.0318669014 -0.268451879 -0.0435760459
-0.0348566536 -0.272297815 -0.0505566169
-0.0352480611 -0.264426369 -0.0443255272
-0.0411736415 -0.258223196 -0.0441213449
-0.0316388365 -0.267824306 -0.0442004911
-0.0206457716 -0.281781061 -0.0304199219
-0.0308165763 -0.284639832 -0.0236793725
-0.0395414235 -0.288914698 -0.0146848863
-0.250628607 -0.0734003668 -0.00702886053
-0.27057067 0.237518995 0.00290766445
-0.040179619 -0.280557049 -0.0270821585
-0.0503037365 -0.286249114 -0.01475917
-0.415021717 0.152496641 -0.0112224528
-0.0494207716 -0.28898348 -0.0113922906
-0.0555501329 -0.291565642 -0.00643592172
-0.0417145414 -0.286661096 -0.0182055068
-0.0570315505 -0.291209497 -0.00373982666
-0.0315049819 -0.294483604 -0.00566816983
-0.0828220071 -0.307130834 0.00659861577
-0.0939094629 -0.0431359272 -0.0365223112
-0.0380934588 -0.272239375 -0.0365473635
-0.0502494832 -0.275954781 -0.0253286787
-0.05064429 -0.268033031 -0.0312449161
-0.0694631341 -0.292887691 0.00667687737
-0.0993932321 -0.285061806 0.0783393151
-0.139503848 0.19382547 -0.0165197451
-0.10488151 -0.317248078 0.00883361335
-0.100805946 -0.31037293 0.0111266453
-0.159950609 0.181957319 -0.0163194343
-0.11618884 -0.32209347 0.00722232059
-0.104694302 -0.316226533 0.00919621847
-0.105493298 -0.289125331 0.0783942583
-0.126620434 -0.321719919 0.00869062959
-0.0613550163 -0.28315446 -0.0100326494
-0.0792879278 -0.293462299 0.01277637
-0.0922820314 -0.29616102 0.0173652021
-0.0927214907 -0.295851793 0.0170385685
-0.0690545676 -0.27406798 -0.0126817009
-0.0981490857 -0.123758558 -0.0296192395
-0.12769068 -0.313582007 0.013939
-0.113689128 -0.307706185 0.0164606409
-0.110667798 -0.302670309 0.019130796
-0.141618593 -0.323221948 0.00951230755
-0.0815741685 -0.140953259 -0.0410853068
-0.14170008 -0.314058797 0.0153923308
-0.135649064 -0.318062492 0.0128582053
-0.441286582 0.123596899 -0.00672459635
-0.079535443 -0.0919066217 -0.0408145645
-0.125566501 -0.307319583 0.0181646181
-0.1414564 -0.312465366 0.01675322
-0.108064339 -0.289951061 0.0784575089
-0.171471431 -0.321737439 0.0140045147
-0.145441267 0.198427735 -0.0151821013
-0.155438457 -0.321156824 0.0128192132
-0.0960355871 -0.295265048 0.0623585361
-0.0771848174 -0.0624247734 -0.0296114312
-0.0782220398 -0.133507855 -0.0415413581
-0.0965641804 -0.300157017 0.055493128
-0.187579532 -0.322712951 0.0149480097
-0.17402904 -0.320378795 0.0146997473
-0.172442142 -0.320292674 0.0148663184
-0.155314777 -0.31430619 0.0128732743
-0.185103256 -0.322470752 0.0146755942
-0.0747571118 -0.126457647 -0.0420532956
-0.0756077181 -0.106824566 -0.0417439522
-0.207578073 -0.32555328 0.0147291719
-0.0654561464 -0.128322792 -0.034200882
-0.216657455 -0.327147002 0.0160146918
-0.0648602895 -0.154662389 -0.0434157509
-0.200456044 -0.32453764 0.0154400659
-0.00506677748 0.240714634 -0.0157830468
-0.0568188596 -0.153653009 -0.0309293132
-0.202619769 -0.323173181 0.0134534084
-0.107557847 -0.124590199 -0.0140074905
-0.223534687 -0.328276407 0.0150167015
-0.103827355 -0.150865776 -0.0202860198
-0.439484327 -0.308520391 -0.0430261834
-0.0691191324 -0.154997829 -0.042977272
-0.445041047 -0.308991249 -0.0338205053
-0.439748811 -0.304599663 -0.0256473101
-0.446532962 -0.308414473 -0.0211074598
-0.429155675 -0.297973239 -0.028703336
-0.434489306 -0.300334039 -0.0207308058
-0.456618424 -0.317313102 -0.0395472575
-0.457260186 -0.316508767 -0.0341596939
-0.466341532 -0.321900847 -0.036048101
-0.461089443 -0.317229983 -0.0236229164
-0.451794988 -0.312080948 -0.0231887228
-0.0868185719 -0.284384685 0.0698974298
-0.0650759324 -0.162286101 -0.0432891848
-0.445295908 0.115643299 0.000931801504
-0.0584423534 -0.164150595 -0.0355613571
-0.350298889 0.199258091 0.0101906911
-0.452609636 0.105272391 -0.00396816869
-0.424376271 -0.292847781 -0.0171553915
-0.0125438819 0.247939269 -0.0088954728
-0.429059561 -0.295875391 -0.0131711208
-0.438874764 -0.302139981 -0.0131185249
-0.42397011 -0.291778002 -0.00611928868
-0.470783478 -0.321587849 -0.0221584809
-0.478350924 -0.325898964 -0.0311215194
-0.0396645463 0.254204975 -0.0120792398
-0.466013401 0.0856567306 -0.0102049918
-0.468644853 -0.31965569 -0.0140579001
-0.465508455 -0.317557518 -0.00503020321
-0.448160717 -0.309100366 -0.0146588833
-0.448151761 -0.308114956 -0.0123068519
-0.451100355 -0.310439359 -0.0123697638
-0.440396011 -0.303125152 -0.00775187561
-0.454675003 -0.311532007 -0.00421807006
-0.474382554 -0.326705362 -0.0428341478
-0.0636385992 -0.192478039 -0.0435899533
-0.350532357 0.198946908 0.0104992414
-0.46896448 -0.322333178 -0.0390559645
-0.104255341 -0.298876142 0.0637987357
-0.060917069 0.26008992 -0.0103820444
-0.0850500863 -0.29912052 0.04908426
-0.485546705 -0.325574111 -0.0111781489
-0.482456142 -0.32383832 -0.00450322867
-0.457260186 -0.316508767 -0.0341596939
-0.451794988 -0.312080948 -0.0231887228
-0.453125367 -0.317104171 -0.0426219298
-0.468010506 -0.321205468 -0.0338221002
-0.120473483 -0.307266598 0.0413443807
-0.474151516 -0.322038536 -0.0236462765
-0.462008093 -0.316472743 -0.0112731536
-0.455345762 -0.313259125 -0.014104358
-0.467948173 -0.320020896 -0.0167644615
-0.463187618 -0.316176459 -0.0021014977
-0.0899801318 -0.28741871 0.0683531609
-0.0145895305 -0.27215678 -0.0451756381
-0.0143150705 -0.272165295 -0.0451750196
-0.0156054975 -0.265049748 -0.0466135935
-0.0246669686 -0.272949943 -0.0457366331
-0.0212060728 -0.279991312 -0.0524535916
-0.124630976 -0.308268429 0.0578572754
-0.035014256 -0.255604628 -0.0453961395
-0.24255292 -0.329625956 0.0579862767
-0.0228185891 -0.287267309 -0.0601028888
-0.0316949669 -0.273088098 -0.0498123196
-0.0379335045 -0.2764061 -0.0568283854
-0.203975259 -0.322726535 0.0425366649
-0.434504629 0.126549404 0.0162645683
-0.0416393415 -0.267615211 -0.0521288484
-0.0415939863 -0.277317018 -0.0588713318
-0.0465499046 -0.269309158 -0.0567350305
-0.0929763357 -0.288283405 0.068756297
-0.434283432 0.126984087 0.0124596991
-0.450794786 0.111858041 -0.00634197483
-0.154960237 -0.314350677 0.07906605
-0.0465271624 -0.257678251 -0.0478132766
-0.247744104 0.244420662 -0.000994494074
-0.0887152557 -0.292619331 0.0606129857
-0.0574462973 -0.240833069 -0.0428896865
-0.024958672 -0.260466399 -0.0463228649
-0.0462695489 -0.239507293 -0.0452357876
-0.0722123427 -0.294257984 0.0579666437
-0.0321906229 -0.252147174 -0.0461691897
-0.0461109065 -0.238189188 -0.0452490154
-0.0159445777 -0.256705805 -0.047474857
-0.00768361006 -0.264565562 -0.047630667
-0.0310774181 -0.246369655 -0.0466724668
-0.0421737728 -0.250533618 -0.0451174025
-0.0509936508 -0.24025799 -0.0443417582
-0.0548258985 -0.237035632 -0.0440032751
-0.143501813 -0.313045229 0.0627441165
-0.053199921 -0.224363484 -0.0448557966
-0.0538712051 -0.259888615 -0.0541717125
-0.0513457094 -0.25606547 -0.0493896704
-0.0465061744 -0.253459247 -0.0439643542
-0.0531967309 -0.246722913 -0.0431283613
-0.0553084086 -0.252115323 -0.0490317397
-0.056003016 0.260369772 -0.0101807867
-0.0639799726 -0.254464481 -0.0565986821
-0.0596415136 -0.239828692 -0.0422992965
-0.0598972869 -0.241721019 -0.0437880229
-0.0605777396 -0.244200016 -0.0467049304
-0.113545432 -0.306139284 0.0604050702
-0.0710222057 -0.232477588 -0.045252613
-0.160118465 -0.316252677 0.0527856661
-0.0643667374 -0.218448716 -0.0431528445
-0.0640436737 -0.23341028 -0.041863794
-0.0665669375 -0.226291875 -0.0419428174
-0.068759939 -0.219255221 -0.0419278227
-0.444978091 0.120865316 -0.0153496672
-0.0672680783 -0.228954499 -0.0413981549
-0.0675085023 -0.229816193 -0.0411607723
-0.133197952 -0.310960852 0.0564993999
-0.0738094931 -0.213763039 -0.0410053287
-0.0747138781 -0.205773081 -0.041344769
-0.0765837342 -0.203515549 -0.0410737623
-0.0452454611 -0.254521781 -0.0441071826
-0.0283831332 0.253232575 -0.0116750337
-0.0528496508 -0.247283946 -0.0431277346
-0.0676211352 -0.261837363 -0.023163884
-0.0762902568 -0.298053591 0.0533462826
-0.0661653176 -0.234425924 -0.0406559232
-0.0616268568 -0.250568044 -0.0352921676
-0.0623860752 -0.240838581 -0.0402763799
-0.0845289883 -0.257905064 -0.0155873932
-0.0810851827 -0.241904658 -0.0273295534
-0.0867116803 -0.297618991 0.0523895676
-0.0955365734 -0.27248112 -0.00310379331
-0.0801280341 -0.259780417 -0.0162792427
-0.0620852185 0.26266269 -0.00945552116
-0.139064609 -0.301637127 0.00597887555
-0.104760898 -0.305901 0.0163136779
-0.0741335015 -0.29610235 0.017758795
-0.145469408 -0.301850117 0.00246213632
-0.130237825 -0.294649347 0.00420961383
-0.133548619 -0.291682124 0.00108041873
-0.141372739 -0.309655708 0.0141859703
-0.130150777 -0.305880444 0.0151791077
-0.127299517 -0.306656888 0.0171462687
-0.0678449838 -0.233297504 -0.0400016931
-0.0716083943 -0.22174617 -0.0408026671
-0.0717303266 -0.228398629 -0.0393240491
-0.0692335108 -0.233114779 -0.0392114547
-0.075704057 -0.227850537 -0.036975489
-0.0771153435 -0.232807851 -0.0343052372
-0.0874230584 -0.241849081 -0.024216996
-0.0825473482 -0.219614071 -0.0348766262
-0.0736838835 -0.223167841 -0.0393875878
-0.0866039537 -0.231412481 -0.0292531174
-0.0842846484 -0.215015993 -0.0344067603
-0.0738530363 -0.216260527 -0.0407044812
-0.0763749163 -0.208134505 -0.0404671733
-0.0785218866 -0.201447551 -0.0404684866
-0.09664236 -0.251537971 -0.0166592471
-0.0914100916 -0.238591799 -0.024284638
-0.0944940537 -0.238435223 -0.0228993995
-0.466625129 0.085378847 -0.0158540536
-0.0983083603 -0.246033691 -0.0191770775
-0.0952565401 -0.235667487 -0.0230508206
-0.0764932927 -0.301007595 0.0486284804
-0.0992264629 -0.21872956 -0.0240001571
-0.099023279 -0.226588146 -0.0232676775
-0.100438992 -0.233932441 -0.0206164327
-0.461375553 0.092585722 -0.00624461593
-0.032375529 -0.239654473 -0.046805978
-0.0383610501 -0.229409915 -0.0464984219
-0.0407228831 -0.236019733 -0.0459533165
-0.0466875336 -0.233263596 -0.0455349782
-0.0495466373 -0.215535485 -0.0452768843
-0.0487423722 -0.210095376 -0.0457013688
-0.0545041248 -0.194477345 -0.0449699976
-0.0650953783 0.260326624 -0.00985390042
-0.0785772058 0.263521758 -0.0088209815
-0.0283135498 -0.308458639 0.0489858152
-0.0535813241 -0.226865598 -0.0445943306
-0.404947557 0.160752287 -0.011878514
-0.0647534038 -0.191846249 -0.0435016128
-0.0623858507 -0.188785386 -0.0438657414
-0.0267766967 -0.234192568 -0.0514587682
-0.0379619687 -0.218815107 -0.0499832543
-0.0451019587 -0.201653751 -0.0497036816
-0.381240931 0.177263526 -0.00927843243
-0.0579073676 -0.211551162 -0.0444470685
-0.063880283 -0.199982617 -0.0437617565
-0.0576609987 -0.304613577 0.0491036386
-0.056413983 -0.18422952 -0.045132665
-0.0580936138 -0.173948418 -0.0452357837
-0.0553198173 -0.177095704 -0.0476913359
-0.0587297185 -0.168181655 -0.0453222575
-0.0712864492 0.26581381 -0.00838255618
-0.0611413991 -0.156432138 -0.0456904074
-0.057880718 -0.160466463 -0.0506368483
-0.0597571581 -0.184561772 -0.0441184474
-0.0585646255 -0.183365791 -0.0443126399
-0.0667525344 -0.166181717 -0.0432661691
-0.190907339 0.1449321 -0.021849536
-0.0692573091 -0.156049623 -0.0429235273
-0.0669276012 -0.153967924 -0.0433029686
-0.0613821629 -0.162299706 -0.0444888144
-0.109626968 -0.304733618 0.0588693927
-0.0744991859 0.268856545 -0.00763682644
-0.0499311997 -0.182466559 -0.0520919747
-0.118526843 0.143623755 -0.0261572691
-0.0545343106 -0.1709017 -0.0508382571
-0.0606799563 -0.163013758 -0.0447711996
-0.0597076345 -0.151676734 -0.0512711063
-0.0716312868 -0.203378416 -0.0422546809
-0.0654982603 -0.209223267 -0.0433133996
-0.0687437724 -0.190308282 -0.0430263075
-0.0767634095 -0.203455048 -0.042033744
-0.175805708 0.142026529 -0.0192970297
-0.0863334597 -0.297147962 0.0528422439
-0.0854222026 -0.298593865 0.0426293014
-0.074343153 -0.195272002 -0.0419408272
-0.0737734286 -0.188595089 -0.0422444375
-0.0724162921 -0.177432389 -0.0424847422
-0.0777973853 -0.186517941 -0.0414652493
-0.299364107 0.228513126 -0.00797232957
-0.0796580962 -0.19269327 -0.0408320622
-0.437001917 0.122611311 0.0235374893
-0.0981710933 -0.301626901 0.0543997739
-0.081857255 -0.182585734 -0.0405426088
-0.0828453425 -0.176122332 -0.0406225063
-0.0839003413 -0.18312666 -0.0434123878
-0.22222472 0.0495950795 -0.0206747963
-0.454378332 0.106467439 -0.0118052892
-0.0950657793 -0.168046994 -0.0515738298
-0.0937185631 -0.162885742 -0.0474000533
-0.0830045024 -0.176093974 -0.0405770543
-0.0687677281 -0.171915484 -0.0429581509
-0.0709780597 -0.171601447 -0.0426146462
-0.0695307855 -0.166772645 -0.0427449046
-0.0698391918 -0.15525312 -0.0428287644
-0.0726117612 -0.138425296 -0.0425736094
-0.074299865 -0.160351628 -0.0422217826
-0.0935751333 -0.293557041 0.0622776319
-0.076595713 -0.138450815 -0.0420411731
-0.459119664 0.101593242 -0.0206069144
-0.0780756549 -0.159414399 -0.04169044
-0.0806796728 -0.167072645 -0.0411169335
-0.0818964108 -0.156541337 -0.0410090551
-0.0584629109 -0.30485007 0.0482337335
-0.223828321 0.0161328971 -0.0195267813
-0.0858340476 -0.166465066 -0.0406665219
-0.0897331182 -0.155989754 -0.0419981708
-0.0941106476 -0.146068549 -0.0443237508
-0.0986169185 -0.146562107 -0.0468464932
-0.198805743 0.0367067902 -0.0152508712
-0.0845530085 -0.169582255 -0.0400251577
-0.0956367525 -0.144622541 -0.045496354
-0.0909905457 -0.137466687 -0.0412511838
-0.0816657103 -0.198973084 -0.0388608577
-0.08033821 -0.191760672 -0.0406753725
-0.0823795243 -0.209869558 -0.0368828962
-0.0823137954 -0.189428539 -0.0398469034
-0.0875725396 -0.206974694 -0.0335301525
-0.218216036 0.0152337585 -0.0176835532
-0.108499782 0.0911357205 -0.0342958333
-0.248977499 0.243929645 0.00226758353
-0.0495401289 -0.306720484 0.0476457816
-0.0869545234 -0.298811835 0.043532915
-0.0658925731 -0.309171304 0.0528970487
-0.0845560581 -0.169580317 -0.0400242622
-0.0914759758 -0.299914226 0.0456132582
-0.088690441 -0.297340777 0.0288574365
-0.0882838666 -0.189052073 -0.0350589079
-0.0861157676 0.0931286179 -0.030563385
-0.095168438 -0.214165913 -0.0269341424
-0.0896866618 -0.217605828 -0.0304097711
-0.101483925 0.0852697887 -0.0324855535
-0.105855557 -0.203517831 -0.0203579618
-0.0887840285 -0.196665771 -0.0336713817
-0.0869996477 -0.17761939 -0.0374969136
-0.104226344 0.0946372189 -0.0313439142
-0.0953714559 -0.193730637 -0.0280649221
-0.106884523 -0.19821952 -0.0198749425
-0.0942698019 -0.1812178 -0.0300833108
-0.100700634 0.0725671621 -0.0332500768
-0.0870431695 -0.165216584 -0.0410801003
-0.0858177741 -0.16378009 -0.0399202324
-0.130678133 0.160859062 -0.0222642489
-0.114176524 0.124998108 -0.0302711372
-0.0919266386 0.266940125 -0.00753011943
-0.0902615796 -0.295674461 0.0172465056
-0.0880418223 -0.168827063 -0.0373814698
-0.0916103707 -0.293389616 0.015109713
-0.10148355 -0.179991467 -0.0234017672
-0.0931099555 -0.171636791 -0.0322838738
-0.106419597 -0.189883903 -0.0203780295
-0.100210932 -0.172824808 -0.0242614313
-0.100104303 -0.299333624 0.0232543902
-0.1090036 -0.303626441 0.0365375981
-0.0985550779 -0.155914509 -0.0277262825
-0.100219791 -0.299181729 0.0213695016
-0.0778438919 0.0477559461 -0.0348078885
-0.152574456 -0.307317957 0.00568946942
-0.105171133 0.0536190319 -0.048364472
-0.164109275 -0.317779595 0.0152581717
-0.170505981 -0.317438927 0.0118787468
-0.0831830089 0.267806629 -0.00755224623
-0.178776759 -0.32059074 0.0155821355
-0.179790059 -0.3207976 0.0195102659
-0.101668104 0.00487459076 -0.0374963774
-0.196568811 -0.323756033 0.0167626539
-0.202898052 -0.324133487 0.0220075568
-0.334063468 -0.236250079 -0.0313855407
-0.324717595 -0.228732652 -0.030470048
-0.449160703 0.112185548 0.00364557114
-0.274852317 0.237401707 -0.00538783818
-0.34696711 -0.236118916 -0.00967087374
-0.105454902 -0.287357186 0.0071973047
-0.24715094 0.244756304 -0.00359122747
-0.0393935105 0.262243013 -0.00734314458
-0.329180895 -0.226197484 -0.0235198632
-0.333092416 -0.224761562 -0.0161487529
-0.334930202 -0.228107566 -0.0190307636
-0.336853587 -0.226070162 -0.0130698207
-0.0964553513 -0.0120952642 -0.0381808193
-0.0834559736 -0.267275971 -0.00838111326
-0.0894688462 -0.150632286 -0.0379937636
-0.0810840355 -0.227079878 -0.0336216377
-0.0831707908 -0.250277804 -0.0210117144
-0.313301698 -0.207274279 -0.0254702181
-0.0987054667 0.00929265885 -0.0380115973
-0.0839248327 -0.293585353 0.0152715725
-0.310274099 -0.199397905 -0.0270690088
-0.309081816 -0.197025911 -0.0263112397
-0.460260223 0.0954319218 0.00597325895
-0.320431258 -0.212851912 -0.0215701397
-0.31435828 -0.205605096 -0.0237211663
-0.290891134 -0.0808062213 -0.0116119161
-0.132422613 -0.310042038 0.0686821862
-0.312915341 -0.195353166 -0.0208366614
-0.150460235 -0.314311048 0.0540739679
-0.319087228 -0.202932888 -0.0165377292
-0.326059122 -0.214625513 -0.0153966147
-0.116189062 -0.306201623 0.0466036601
-0.314456058 -0.199281593 -0.0197569548
-0.421245614 -0.299075258 -0.0510306814
-0.313629685 -0.189676507 -0.0159948008
-0.393969343 -0.271357171 -0.00927521799
-0.264812844 -0.072626632 -0.0158972445
-0.310733658 -0.179367288 -0.0143931924
-0.306481915 -0.167216127 -0.0140135274
-0.298768774 -0.159008782 -0.0224973225
-0.246870427 -0.0469604657 -0.0144131854
-0.298322246 -0.161695177 -0.0258798811
-0.290339914 -0.133391325 -0.0202381207
-0.097905573 -0.107751136 -0.0416795126
-0.302641477 -0.172266038 -0.0236972026
-0.0830912422 0.0125743217 -0.0377348492
-0.298901822 -0.162187067 -0.0252446437
-0.0870070609 -0.0200094785 -0.0382374811
-0.0757852735 -0.0878568737 -0.0416042183
-0.303069152 -0.174638932 -0.0250455208
-0.313801565 -0.188695569 -0.0156382448
-0.308126698 -0.181340667 -0.0200655333
-0.303560601 -0.168031263 -0.0198619022
-0.294805036 -0.149061765 -0.0236780719
-0.0954217812 -0.0203901929 -0.0380096832
-0.294613546 -0.144230652 -0.020311317
-0.303867453 -0.161253342 -0.0154568617
-0.0958933653 -0.018082446 -0.0427467156
-0.136739166 -0.311537333 0.0559887378
-0.30807097 -0.177308611 -0.0170285136
-0.0930016654 -0.0489816989 -0.0383369242
-0.303026785 -0.156108125 -0.013462427
-0.0874031459 -0.0731535126 -0.0396446849
-0.129442041 -0.309269222 0.0354708981
-0.301305946 -0.150501202 -0.0130531193
-0.0926973566 -0.0271231499 -0.037494817
-0.299402188 -0.154168491 -0.0178919368
-0.299323737 -0.14809704 -0.0142004723
-0.291512501 -0.128753247 -0.0136322313
-0.283623937 -0.112817368 -0.0139613109
-0.288480019 -0.122822573 -0.0137966431
-0.28865963 -0.124722768 -0.0149790487
-0.281519969 -0.108579677 -0.0142328437
-0.294379345 -0.135100236 -0.0132660539
-0.288994552 -0.126106384 -0.011493208
-0.0864829491 -0.0297775052 -0.0387987865
-0.0644765384 -0.14494891 -0.0443687599
-0.136242821 -0.310954607 0.027692002
-0.0897335214 -0.0421456716 -0.0382759863
-0.0628645033 -0.153855439 -0.0445423415
-0.0672649179 -0.137651679 -0.0435113579
-0.0692598177 -0.128541369 -0.0431169491
-0.107611919 -0.301449607 0.0194414368
-0.0663883698 -0.144230275 -0.0435667995
-0.069701001 -0.134624315 -0.0428910595
-0.0720826279 -0.135035467 -0.0424955244
-0.121661003 -0.306390403 0.021123525
-0.119362767 -0.305553318 0.0192982423
-0.0725982735 -0.117834709 -0.0423603405
-0.0901652867 -0.0388188297 -0.0381258877
-0.430139685 0.134581783 0.00392882361
-0.0728474616 -0.131102961 -0.0424304138
-0.0865777214 -0.0630357331 -0.039446738
-0.0627774436 -0.153494524 -0.0446078255
-0.054542878 -0.143163938 -0.0581599036
-0.0648486696 -0.142566162 -0.0443536063
-0.0643495432 -0.143327247 -0.0450668918
-0.086247134 -0.289474481 0.0628558651
-0.0668340062 -0.126458272 -0.0439592568
-0.0671419506 -0.133360145 -0.0436799992
-0.0662120716 -0.127209497 -0.0441254299
-0.0676548808 -0.116768649 -0.0438238988
-0.0969182778 -0.0791963932 -0.0385047216
-0.0703457604 -0.122995735 -0.0428703099
-0.0653975048 -0.120437866 -0.0442858807
-0.15775406 0.189237798 -0.0154504144
-0.0780056579 -0.10304434 -0.0414747766
-0.0774014063 -0.101465249 -0.0415161392
-0.0756372961 -0.102103187 -0.0416162964
-0.0807674462 -0.094068015 -0.0408956094
-0.0851440482 -0.0792232825 -0.0401803412
-0.0706275746 -0.0983228757 -0.0431732508
-0.0706233712 -0.0983240639 -0.0431740773
-0.0700647759 -0.115816603 -0.0431896678
-0.0720192487 -0.0895405867 -0.0427375875
-0.0712833205 -0.106405045 -0.0429898404
-0.0850320953 -0.299113536 0.0489353073
-0.0647722667 -0.0914410105 -0.043856924
-0.0962152761 -0.0676356523 -0.038553678
-0.0682699211 -0.0943225041 -0.0434644735
-0.0732655582 -0.0794350932 -0.0422089331
-0.0839876466 -0.297564014 0.0348666044
-0.100823927 -0.0743919478 -0.0450657044
-0.0817947819 -0.138458529 -0.0411346975
-0.0850253225 -0.299116295 0.0490161226
-0.0907544621 -0.127876763 -0.0397936463
-0.0801255388 -0.128586302 -0.0414291898
-0.075387951 -0.132325484 -0.0419976849
-0.0836960763 -0.0962369616 -0.0405284859
-0.0835063984 -0.118318771 -0.0407991269
-0.0889238489 -0.145707117 -0.0402131897
-0.0645019699 -0.30144311 0.0520398984
-0.0819598468 -0.108464812 -0.0409362234
-0.0763399095 -0.301053142 0.0485617852
-0.0978241441 -0.109359913 -0.0421609969
-0.1094535 -0.136417451 -0.0560932525
-0.0969693464 -0.102796688 -0.0406045019
-0.0936701643 -0.117017959 -0.0406648404
-0.097079653 -0.118424802 -0.042937728
-0.0991677772 -0.109828981 -0.043569234
-0.428685413 0.135945208 0.00415907267
-0.0967062682 -0.12429557 -0.0434683304
-0.104822044 -0.108349726 -0.045138594
-0.0789649218 -0.122184309 -0.0414463006
-0.077736842 -0.114892795 -0.0415780111
-0.0775162686 -0.296753552 0.0242173669
-0.0782683913 -0.110846793 -0.0415269812
-0.0766118076 -0.303111894 0.050639494
-0.0803981843 -0.10947045 -0.0411639359
-0.0822431504 -0.10848881 -0.0408963617
-0.0903122721 -0.103429738 -0.0394256062
-0.0945981926 -0.0971750374 -0.038537064
-0.0901266132 -0.0898401635 -0.0394388144
-0.0865373561 -0.0853087518 -0.0400325843
-0.0858321236 -0.0839549094 -0.0400394037
-0.0891448763 -0.0799632745 -0.0395503543
-0.0949083481 -0.115101195 -0.0409849723
-0.0652527686 -0.296379173 0.0155489731
-0.0750015974 -0.114444178 -0.042091214
-0.0994692966 -0.121217406 -0.045791559
-0.0633940201 -0.301705342 0.03629922
-0.106846818 -0.0962969097 -0.0525128347
-0.0955878369 -0.0780746843 -0.0384761754
-0.0950759488 -0.0681663054 -0.0384289218
-0.0464239439 -0.305327615 0.0386359947
-0.0847601364 -0.187406171 -0.0383168848
-0.09562591 -0.0772626599 -0.0385352123
-0.102538554 -0.0789518844 -0.0381325597
-0.0997366125 -0.0777188506 -0.0382892887
-0.100622886 -0.134284481 -0.0484091723
-0.0955872181 -0.130435408 -0.0333652522
-0.0955249797 -0.117208267 -0.0350783068
-0.458119027 0.101912532 -0.0108185013
-0.089132126 -0.0609053035 -0.0390859081
-0.461113657 0.0963272567 -0.0168594392
-0.0851314782 -0.0738669751 -0.0400017451
-0.0767298537 -0.0783970836 -0.0413369468
-0.0260117773 -0.304735821 0.0257443578
-0.0787833309 -0.0652613719 -0.0406161144
-0.0689408899 -0.0834577243 -0.0428183634
-0.0875437174 -0.0457913279 -0.0385101418
-0.0817605502 -0.0534877321 -0.0400659806
-0.0779508895 -0.0551607011 -0.0405669113
-0.0749534163 -0.0651957376 -0.0414674118
-0.0716130038 -0.0749080706 -0.0423188542
-0.070861274 -0.069931567 -0.0418018083
-0.0715997816 -0.0584503376 -0.0411178679
-0.0809907449 -0.0438899805 -0.0398981359
-0.076143481 -0.0973737207 -0.0416169651
-0.0757632914 -0.0879015936 -0.0416154339
-0.0831042664 -0.0843294932 -0.0405266184
-0.0910706486 -0.153830519 -0.0430683691
-0.0864022696 -0.0631965546 -0.0394642391
-0.0819822766 -0.0756659297 -0.0401628696
-0.0878980114 -0.053362063 -0.03894879
-0.0750403771 -0.164139762 -0.0420203371
-0.0739655757 -0.146756929 -0.0423390762
-0.0837705011 -0.0327081374 -0.0392252455
-0.0890915917 -0.0213654398 -0.0380574224
-0.0878400631 -0.0334590441 -0.0386406525
-0.0794180291 -0.0261432092 -0.0395497909
-0.0809315785 -0.0152628324 -0.03916636
-0.0880744087 -0.0202153429 -0.0381352692
-0.0192716146 -0.306720008 0.0343691071
-0.0782912156 -0.196235343 -0.0410415724
-0.0924015494 -0.0374229626 -0.038104818
-0.0905559404 -0.0344598953 -0.037827576
-0.0930144291 -0.0149766439 -0.0370232488
-0.0659403993 -0.150038183 -0.0432977801
-0.0902369301 -0.0237103718 -0.0378505706
-0.0916749479 -0.0105021873 -0.0373291413
-0.0927474834 -0.0238937505 -0.0373243228
-0.0919998717 -0.0365095959 -0.0480905544
-0.0930725122 -0.0143360334 -0.037027981
-0.47636876 0.0657989877 0.0080761271
-0.0879837771 -0.0697306763 -0.0396114754
-0.0648248947 -0.179587891 -0.0434803281
-0.0889464368 -0.0715349209 -0.0394663072
-0.0923213085 -0.0511090518 -0.0383806963
-0.0915633766 -0.048142891 -0.0384431299
-0.0620853856 -0.172990402 -0.0436686661
-0.0904935931 -0.0608072626 -0.0389351932
-0.0906287487 -0.063128931 -0.0390130793
-0.0928240297 -0.0515417083 -0.0383035788
-0.054077798 -0.214028461 -0.0448305785
-0.0983512102 -0.0644542503 -0.0407345772
-0.151545776 0.188331717 -0.0154016517
-0.0956555685 -0.0764655185 -0.0385826208
-0.0966792132 -0.0585591663 -0.0385646669
-0.107189183 -0.0494119027 -0.0373279206
-0.0940544273 -0.0474429254 -0.0381051268
-0.095699784 -0.0552819977 -0.0382458976
-0.096996816 -0.055505442 -0.0383705328
-0.0987771985 -0.0362789752 -0.0383439699
-0.0597128977 -0.226340008 -0.0437070633
-0.0924494246 -0.037843851 -0.0381203645
-0.0946493261 -0.0298459387 -0.0419249207
-0.443954356 0.121276293 -0.00462507049
-0.0970725063 -0.00819529885 -0.0408355927
-0.0324179355 -0.254710791 -0.0458406715
-0.0945209576 -0.0294420089 -0.0391947798
-0.0942849682 -0.0338276126 -0.0379997467
-0.0943032532 -0.0285600268 -0.0380228514
-0.0965009764 -0.0277556657 -0.0382223955
-0.164109275 -0.317779595 0.0152581717
-0.0993973782 -0.0245562949 -0.0380871782
-0.0997141131 -0.043294013 -0.0382623432
-0.105311546 -0.0244894378 -0.0372182925
-0.0542282989 0.266659662 -0.00689843295
-0.0988474227 -0.0232062862 -0.0381696728
-0.0180919876 -0.272332364 -0.0448188022
-0.100477494 -0.00871179942 -0.0377975048
-0.0981570982 -0.0139486107 -0.0382174043
-0.0698796192 -0.0508997358 -0.0411642315
-0.0817672894 -0.0715304826 -0.0397928572
-0.0789988529 -0.0855519882 -0.0406266925
-0.0737638158 -0.0465076157 -0.0403985192
-0.0742570623 -0.226941896 -0.0380836311
-0.0793982214 -0.0538692342 -0.0402517771
-0.0867708564 -0.0467823844 -0.0386279545
-0.0749068468 -0.0391454015 -0.0404158374
-0.0678764418 -0.0378310572 -0.0402783186
-0.0181003231 -0.272212527 -0.0449722581
-0.0769038446 -0.0167976347 -0.0395352997
-0.0690915966 -0.019313677 -0.0396875417
0.0196190122 -0.303609102 -0.0758964017
-0.0112991393 -0.295544668 -0.0666399274
-0.065103812 -0.0159037001 -0.0394167223
-0.0633606565 -0.0227491468 -0.0395963965
0.365532183 0.197242344 0.0160478339
-0.0594314742 -0.222453934 -0.043873599
0.35883819 0.183690433 0.0262127963
-0.0828638901 -0.0300184687 -0.0391204699
-0.0596415136 -0.239828692 -0.0422992965
-0.0762294348 -0.0241216353 -0.0393697558
-0.250147118 0.243241697 -0.00723653509
0.191584616 0.0350212165 -0.0317761738
-0.0711550756 -0.00580048486 -0.0387891687
-0.0815452135 -0.293875179 0.0165646978
-0.070610271 -0.00418743662 -0.0386364512
-0.0770412478 0.0054612313 -0.0378349895
-0.0903347938 -0.00463974504 -0.0373394577
-0.0735945513 -0.282947823 -0.000936224304
-0.0870395686 -0.154995719 -0.0398512554
-0.0437034474 -0.254923479 -0.0443571308
-0.0942663096 -0.134320092 -0.0427649478
-0.0927129774 -0.128990075 -0.0411255807
-0.0883723767 -0.145872678 -0.0397966925
-0.0890595176 -0.137457428 -0.0396980785
-0.0908643739 -0.126155922 -0.0394911541
0.412885638 0.114288651 0.0779972342
-0.0918434365 -0.116187631 -0.0393543351
-0.429762155 0.137123955 -0.00457806635
-0.089713274 -0.138787699 -0.0389963157
-0.0929362051 -0.13545736 -0.0361833242
-0.0960218993 -0.144556456 -0.0316485489
-0.0994645065 -0.154052197 -0.0265905301
-0.0396371378 -0.233543131 -0.0458730128
-0.0947886364 -0.119317277 -0.0356673127
-0.269260837 -0.0876224193 -0.0138021475
-0.0364677906 -0.228820564 -0.0404432787
-0.275266974 -0.0965228474 -0.0146034678
-0.263271728 -0.0800266199 -0.0119952312
-0.263639488 -0.0800817606 -0.0125006222
-0.257562703 -0.0709583276 -0.0122432027
-0.106031861 -0.111802 -0.045112064
0.410322155 0.113408108 0.074343331
-0.104566398 -0.0958859574 -0.042491093
-0.107673588 -0.102643986 -0.0441407559
-0.0946694812 -0.0971451644 -0.0385685222
-0.0929727546 -0.106316833 -0.0389010641
-0.0923002381 -0.114353524 -0.0392142195
-0.0936840999 -0.110247628 -0.0381255751
-0.0949500282 -0.094113526 -0.0384071893
-0.107347733 -0.0928614061 -0.0418674772
-0.103723892 -0.0861978409 -0.0396372189
-0.103245841 -0.0788577227 -0.0380610713
-0.0404348543 -0.24816609 -0.0454683587
-0.256944675 -0.0681613733 -0.0130233025
-0.251669502 -0.0609614518 -0.0126536155
-0.256000917 -0.0680232196 -0.012618431
0.419652491 0.15196291 0.0620545262
-0.260799683 -0.070596142 -0.0145974856
-0.256245194 -0.0631956299 -0.0143273787
-0.239356069 -0.0508398428 -0.0122672768
-0.246727466 -0.0534255046 -0.0126865072
0.404915515 0.113686466 0.0670000099
0.227334057 -0.00297842927 -0.0368897597
-0.126992377 0.270756806 -0.00784665319
0.10233585 -0.294859678 0.0570194395
-0.0464857712 -0.22283954 -0.0453660491
0.138774664 -0.29029405 0.0583701794
-0.105868107 -0.0867990466 -0.036981086
-0.105784741 -0.0792571118 -0.0376892093
-0.118265704 -0.0846041151 -0.0332758407
-0.232390793 -0.0533394027 -0.0129756189
-0.120759951 -0.0809988622 -0.0319078103
-0.0980476668 -0.088475488 -0.0383559708
-0.2415299 -0.0550637173 -0.011823927
-0.235208792 -0.0494968444 -0.0118877413
-0.258225579 -0.0718644895 -0.0123509558
0.164577846 -0.284460725 0.0671136145
-0.246020055 -0.0590905758 -0.0120403335
-0.252540721 -0.0654764714 -0.0123415461
-0.2326159 -0.0505520963 -0.0123408883
-0.259991404 -0.0741662963 -0.0126815648
-0.254676554 -0.0704825709 -0.0111518681
-0.250409177 -0.062389086 -0.0120000141
-0.224238429 -0.0506673798 -0.0132776847
0.152388021 -0.285620355 0.0664191905
-0.280631989 -0.10909012 -0.0169892991
-0.048789289 0.266902319 -0.00586877171
-0.290248062 -0.133255217 -0.0204976913
-0.270814365 -0.0880666777 -0.0148440319
-0.0860428217 -0.29926778 0.049495651
-0.269445837 -0.0866841439 -0.0143957024
0.140174017 -0.292476753 0.0550260596
0.153794398 -0.291535648 0.0476563625
-0.277716832 -0.102165349 -0.0159822894
-0.280789207 -0.10963103 -0.0176403147
-0.274850753 -0.0954827936 -0.0151346159
0.187357047 -0.277749667 -0.0345708047
-0.292746624 -0.135542311 -0.0176432681
-0.296804432 -0.139957523 -0.0136118875
-0.297610767 -0.141719083 -0.0135355589
-0.0358893531 -0.284018587 -0.0233617177
-0.440122101 0.126392676 -0.0085524975
-0.285050564 -0.11956225 -0.0241670202
-0.0545662892 0.267419277 -0.00655693753
-0.287521579 -0.124493852 -0.0183517479
0.250194572 -0.284023461 0.0673525207
-0.287255921 -0.119760372 -0.0139655278
-0.285541791 -0.11676056 -0.0146955739
-0.0203090825 -0.261631793 -0.0465141093
-0.284056536 -0.116487034 -0.0168468639
-0.27834522 -0.102373827 -0.0144933794
-0.275928586 -0.100230444 -0.0130823382
-0.278860172 -0.109253407 -0.0102885208
0.222062106 -0.281456305 0.0698246933
-0.264995791 -0.0868068758 -0.00946780267
-0.251603055 -0.0554772565 -0.0141362372
-0.267850592 -0.0811519341 -0.0153686267
-0.264189791 -0.0738134618 -0.0154431459
-0.25968641 -0.0647548703 -0.0157435698
-0.277649652 -0.102174261 -0.018964133
-0.273218133 -0.0919400216 -0.0184546013
-0.273609135 -0.0925903225 -0.0190881413
-0.268990894 -0.082342622 -0.0175996973
-0.00198176076 -0.292516909 -0.0106726194
-0.246007089 -0.0482672809 -0.0136670715
-0.0444351397 -0.306977293 0.047065567
-0.264625638 -0.0731223885 -0.0160606029
-0.253126432 -0.0555818848 -0.0149422906
-0.264969423 -0.0734439257 -0.0167000092
-0.265106317 -0.074067394 -0.0166822231
0.380792409 -0.057877402 0.0934119777
-0.275682902 -0.0961918699 -0.0210768026
0.275958846 -0.000552398016 -0.0468130536
-0.282561377 -0.113416016 -0.0191898466
-0.276970508 -0.0996271946 -0.0146257231
-0.280013952 -0.105797197 -0.0149657354
0.015702812 -0.30627629 0.0376992386
-0.0711388945 0.276263887 -0.00267757669
-0.274702818 -0.0950407531 -0.0146905872
-0.433471271 0.135435824 -0.0136087141
-0.266889751 -0.0734146956 -0.0192753042
-0.280775974 -0.102789151 -0.0142750642
-0.275980176 -0.0929749116 -0.014647123
-0.285735215 -0.111147467 -0.0138659329
0.38652257 -0.102894447 0.0868075692
-0.109307876 -0.0752936254 -0.0369251591
-0.115700589 -0.0698205306 -0.036156919
-0.109187523 -0.0690826054 -0.0372773215
0.385868426 -0.120798165 0.0833505549
-0.134854586 -0.051347131 -0.0325900071
-0.10959304 -0.0748319656 -0.0368516144
-0.0243709775 -0.309188262 0.0454354665
-0.159808348 -0.0468204006 -0.0260994106
-0.11846431 -0.0487585641 -0.0353755203
-0.220985388 -0.0184797567 -0.0138735337
-0.213564688 -0.0106168914 -0.0144049194
0.399552655 -0.127499645 0.0823934308
0.390267866 -0.120613461 0.083178165
-0.213814106 -0.0330004922 -0.014884076
-0.227419399 -0.0316282366 -0.0132899541
-0.228003598 -0.0378394337 -0.0130819336
-0.178605645 -0.0288393304 -0.0215410123
-0.0693386367 0.271634138 -0.00634156309
-0.245270789 -0.0478550806 -0.0133526121
-0.233181593 -0.0310372126 -0.0134780165
-0.234215301 -0.0290597516 -0.0138648859
-0.228818926 -0.0433776434 -0.0127329018
0.40050327 -0.157130801 0.0743989169
-0.227849674 -0.0260043147 -0.0134830577
-0.228490121 -0.020513053 -0.0138593732
-0.212784329 -0.0419370288 -0.0149061423
-0.122721612 -0.0370957793 -0.0343317392
-0.464078365 -0.315646026 0.0128097441
-0.385834726 0.171925106 0.00601986845
-0.0866836796 0.27199837 -0.00645561041
0.433161475 -0.264678753 0.0204024861
-0.191215234 -0.00913982001 -0.0178033091
0.057461204 -0.30358955 0.0478718044
-0.465069346 -0.316283535 0.00366137537
0.0799507046 -0.302456014 0.0508043839
-0.124024179 -0.00585914 -0.0328592429
0.150752499 -0.292805677 0.0523717576
-0.144648471 -0.0160843965 -0.0282527176
-0.207375098 0.00554564509 -0.0148826932
0.115929701 -0.302351967 0.0556197297
-0.225896984 -0.0145889942 -0.0142699921
-0.241812661 -0.0336652038 -0.0153672537
-0.230538546 -0.0115556467 -0.0162667826
-0.23615688 -0.0222703365 -0.0158375915
-0.230861852 -0.0188744038 -0.0148998616
-0.235578462 -0.0240665729 -0.0153761529
-0.234884188 -0.00666328834 -0.0235169328
-0.2294727 -0.00142028394 -0.0180460732
-0.215626028 -0.0013862854 -0.0142247367
-0.217004032 -0.000154831942 -0.0143552749
-0.238972339 -0.0174753686 -0.0212528613
0.0362407747 -0.302186334 0.0249244981
-0.231689501 0.00597390894 -0.0289651434
0.00502582711 -0.296659716 -0.00203011754
-0.254058886 -0.0552493973 -0.0154553899
-0.260207284 -0.0648823643 -0.0159541746
-0.252079254 -0.0488962682 -0.0160025589
-0.241231844 -0.0264092411 -0.0169405989
0.044791506 -0.300325317 0.020797677
-0.248664373 -0.0402824509 -0.0165079152
-0.249928929 -0.0423438469 -0.0163379274
0.0458554163 -0.298274385 0.0111240941
0.032790573 -0.288623723 -0.0208240212
-0.268305979 -0.0813339264 -0.0155264399
0.0451646611 -0.295646595 0.000538879304
-0.26464014 -0.0734967501 -0.0157957938
-0.473792033 -0.320847075 -0.000803836623
0.138702057 -0.291727039 0.0297072534
-0.259705841 -0.0619247315 -0.0161247304
-0.255906093 -0.0514951915 -0.0164332047
-0.250890482 -0.040563665 -0.0166070525
0.0965812595 -0.293201233 0.00796246566
-0.258025439 -0.0528629771 -0.0165417891
-0.264760376 -0.0571510076 -0.0159643201
-0.475570933 -0.323436116 0.0122916165
-0.268177993 -0.0682803741 -0.0157271871
-0.261866105 -0.0636333199 -0.0162233839
-0.276818057 -0.0756616687 -0.0144906619
-0.261753516 -0.046555906 -0.0159073605
-0.270294958 -0.0524233202 -0.0153860093
-0.480780153 -0.32421021 -1.97003004e-05
-0.279263425 -0.0648414153 -0.0133910059
-0.280884828 -0.0636590816 -0.0131718636
-0.473596821 -0.32189465 -0.00791497808
0.175681879 -0.29041621 0.0528822742
-0.473792033 -0.320847075 -0.000803836623
-0.241039019 -0.0195988623 -0.0242640623
-0.245243078 -0.0279118604 -0.021819865
-0.246400077 -0.0339903135 -0.0168096126
-0.238786045 -0.0173367088 -0.0207652104
-0.248693504 -0.0382380679 -0.0168474525
-0.245788495 -0.0327938353 -0.0167719627
-0.460560635 -0.314729812 -0.000595243858
-0.460447629 -0.315176629 0.0180861319
-0.23530513 -0.0127180527 -0.0176168991
-0.229668111 0.00179937587 -0.0202945729
-0.233076613 -0.00778334481 -0.0182039291
-0.243971459 -0.0289248784 -0.0172139693
-0.248542995 -0.0328818288 -0.0165107601
-0.452560922 -0.310333767 0.0031678719
-0.233735658 -0.00445881761 -0.0181794334
-0.442421092 -0.304554012 0.0133144237
-0.26184883 -0.0333824422 -0.014494219
-0.251864227 -0.0266653576 -0.0156952331
-0.266556446 -0.0447686685 -0.0148734858
0.272750645 -0.293121813 0.0579999648
-0.395451124 0.165196716 0.00433301121
-0.378479012 0.177220616 0.00602241839
-0.249591916 -0.0300833503 -0.016436247
-0.242655895 -0.0070445145 -0.0166310041
-0.239880306 -0.0123242779 -0.0171916251
-0.255242594 -0.0228284197 -0.0144895435
-0.260132235 -0.0181552079 -0.0125420039
0.217822105 -0.289851289 0.0532824993
-0.356698702 -0.248819078 -0.025637874
0.249759688 -0.292279117 0.0554725611
-0.377504319 -0.268682242 -0.043616615
-0.391030774 -0.275780858 -0.0392826698
-0.407895613 -0.287369137 -0.0410358067
-0.388041852 -0.276262157 -0.0449971102
-0.438890748 -0.301944356 0.00371428187
0.161983246 -0.291106867 0.0480071477
-0.37611322 -0.265620459 -0.0369477494
-0.373365183 -0.261012017 -0.0284412655
-0.381247022 -0.26781019 -0.0336723795
0.18079238 -0.289248251 0.0431161877
-0.405553498 -0.283755727 -0.0317706784
-0.360380756 -0.248230226 -0.0166899863
-0.397966573 -0.276528084 -0.023992168
-0.407460802 -0.283375209 -0.0268370504
-0.401088873 -0.27694624 -0.0140238072
-0.39221569 -0.271270543 -0.016593441
-0.375187583 -0.259896797 -0.0195897552
-0.383965715 -0.264485746 -0.0119962921
-0.368357978 -0.252750778 -0.00958735933
-0.386032982 -0.265710927 -0.00498565607
-0.453071038 -0.310945856 0.0149431399
-0.420240617 -0.289577301 0.00237756057
-0.33585061 -0.237552663 -0.0308073206
0.20531599 -0.289081158 0.0517545673
-0.423928622 -0.291738265 -0.00387000825
-0.355979197 -0.250854173 -0.0322043766
0.167127026 -0.289027331 0.0272031992
0.135200342 -0.289243297 0.00342677438
-0.393566874 0.167543208 -0.0031875677
-0.325454735 -0.228900192 -0.0302943156
0.17011303 -0.287926609 0.0132424949
0.206731521 -0.288419568 0.0408528515
-0.429108799 -0.295349484 0.00269277217
-0.232207748 -0.326703668 0.0990792334
-0.34755805 -0.243773109 -0.02991129
-0.353777175 -0.246905801 -0.0275239126
0.258011348 -0.291613541 0.0509691976
-0.0895384199 0.278113943 -0.00340255113
-0.380159377 -0.268993241 -0.0404814443
-0.389065697 -0.273198427 -0.0357334517
0.247621182 -0.289374886 0.0303391991
-0.363181855 -0.256899896 -0.0355219004
-0.371993023 -0.262488574 -0.0356435793
-0.362770459 -0.254836248 -0.0319525713
-0.372860259 -0.260751914 -0.0293846657
-0.378906113 -0.262296275 -0.0220799167
-0.339734062 -0.234851172 -0.0220933614
-0.34601341 -0.241512 -0.0260482123
-0.34416348 -0.232710693 -0.0126935009
-0.352531407 -0.240334123 -0.0130749687
-0.360252103 -0.246590896 -0.012867289
-0.471522974 0.0774501035 0.00998223462
-0.347618178 -0.235407579 -0.0111708129
-0.363199959 -0.248695953 -0.00859564975
-0.385137645 0.174187011 -0.00437568181
-0.436267775 -0.306829581 -0.0464344055
0.209269465 -0.287392012 0.0151768898
-0.231879166 -0.327121824 0.0916103482
-0.424720624 -0.297260186 -0.0371860621
0.324347087 -0.298716408 0.0532127907
-0.0632288886 0.269915156 -0.00655145196
0.316160665 -0.293330946 0.0295896521
0.294041017 -0.291886541 0.0261397235
-0.428052049 -0.302266039 -0.0486159815
-0.420078833 -0.292180423 -0.0281123606
-0.0943949845 -0.30849809 0.0585462989
-0.411547748 -0.292787814 -0.0510417182
-0.401796291 -0.284222571 -0.0460032647
-0.418840069 -0.295235534 -0.043844252
-0.430246632 -0.301113051 -0.0389255042
-0.41640499 -0.291579821 -0.0399285443
-0.420078833 -0.292180423 -0.0281123606
-0.422325113 -0.29296478 -0.0228440612
0.302721997 -0.290795407 0.0178175855
-0.254456911 -0.332117502 0.0835549275
-0.247583837 -0.329543533 0.0808820807
-0.227726513 -0.326126944 0.0746626995
0.293870341 -0.286445553 -0.00133061543
-0.449069222 -0.314151718 -0.0469016203
-0.439821293 -0.304722667 -0.0294834559
-0.238464266 -0.327868795 0.0778378104
-0.405893248 -0.280964532 -0.0175451103
-0.41503455 -0.285930382 -0.003259448
-0.427944902 -0.295607835 -0.0144896774
-0.414232013 -0.286940537 -0.0210107401
-0.448160717 -0.309100366 -0.0146588833
-0.443954975 -0.307182292 -0.02191389
-0.435349289 -0.301199837 -0.0213943708
-0.450118809 -0.309589973 -0.00644234608
-0.0663345787 0.273270742 -0.00472328773
-0.443211948 -0.305391394 -0.00833057592
-0.430528457 -0.297034427 -0.0103540881
-0.438197758 -0.301979118 -0.00729105516
-0.431785838 -0.297456297 -0.00102114782
-0.0798744146 0.280371856 -0.00041076971
-0.420506281 -0.290141925 -0.00889671352
-0.397904403 -0.280398092 -0.0395528682
-0.398267144 -0.277941652 -0.0311269774
-0.244345177 -0.329663648 0.0906306843
-0.407070172 -0.282775426 -0.0263552516
-0.380870332 -0.263477057 -0.0198294961
-0.397606527 -0.275240379 -0.0208691256
-0.410932547 -0.284104953 -0.0146000752
-0.403070823 -0.27705604 -0.00518808141
0.343097195 -0.288068006 0.00691756721
-0.411186336 -0.284050693 -0.0100831917
-0.401111947 -0.276734688 -0.0101301082
-0.415180754 -0.286417508 -0.00672681907
-0.41503455 -0.285930382 -0.003259448
0.00477303207 0.238182137 -0.0153499102
-0.39223069 -0.271067613 -0.0160336317
-0.389845803 -0.268367507 -0.0103795969
-0.34518195 0.204387771 0.00181579646
-0.395707861 -0.272929745 -0.00731422601
-0.372783641 -0.255826823 -0.00649625165
0.0333607249 0.219886337 -0.0220808128
-0.331328745 -0.231861987 -0.0283097343
-0.378800654 0.177957682 0.00143999939
0.108241251 0.0403824564 -0.0734973595
-0.344334702 -0.238304823 -0.0233809408
-0.33489888 -0.228316994 -0.0195330353
-0.326415621 -0.216671214 -0.0167613567
-0.340421493 -0.231261824 -0.0162023745
0.142882064 0.0491569064 -0.0521269567
-0.326087329 -0.213122352 -0.0145915703
0.0924957828 0.0305122007 -0.0810905897
-0.316089784 -0.191397634 -0.0142622659
-0.356696317 -0.248753279 -0.0255418211
-0.366456792 -0.253488864 -0.0207769714
-0.345044988 -0.233605833 -0.0135658679
-0.334800167 -0.224628546 -0.0137128754
-0.326307977 -0.213548353 -0.0145430355
-0.332670193 -0.220903062 -0.0136909948
-0.348089613 -0.235868383 -0.0115992646
-0.356018813 -0.243768234 -0.0166337682
-0.360042932 -0.246373709 -0.013312441
-0.364540265 -0.249320412 -0.0105953957
0.119456312 0.0373004269 -0.06513077
-0.367613065 -0.251945316 -0.0094370508
-0.347547078 -0.23533664 -0.0111775536
-0.0855400672 0.278169172 -0.0038961528
-0.0997576242 0.253667882 -0.0103063538
-0.343095585 -0.231120328 -0.0115746127
0.13976411 0.0345794025 -0.0561545048
-0.345281826 -0.228688942 -0.0104496614
-0.338077418 -0.213185242 -0.01132465
0.143804439 0.0246884758 -0.0573384614
0.156975416 0.0580927413 -0.0455086672
-0.316089784 -0.191397634 -0.0142622659
-0.306477106 -0.164919534 -0.013494693
0.180874932 0.0368344639 -0.0387025265
-0.325189607 -0.193062585 -0.0119396259
0.264702466 -0.00819704775 -0.0459448903
-0.315922295 -0.18237063 -0.0133082766
-0.231879166 -0.327121824 0.0916103482
0.393639507 0.22399753 0.0230488082
-0.303943152 -0.156985545 -0.013288039
-0.310648972 -0.167631262 -0.0127828291
-0.309268982 -0.155121717 -0.0120914145
-0.309891441 -0.154531232 -0.0119590218
-0.373682165 0.183882155 -0.00542138027
-0.322150934 -0.173064073 -0.0109048535
-0.13268215 0.202561624 -0.0171146604
-0.319777862 -0.169663274 -0.0112355932
-0.318540667 -0.160654558 -0.0105300019
-0.132390546 0.21415009 -0.0152369297
-0.0550373407 -0.0838294592 -0.0448054857
-0.331098386 -0.187295318 -0.0113744326
0.135129912 0.0238771707 -0.0609552825
-0.333984162 -0.201785525 -0.0114234955
-0.449109819 -0.308272525 -0.00466102909
-0.285200237 -0.115412343 -0.0138269911
0.105243034 0.0236310637 -0.0730481051
-0.296734466 -0.139704653 -0.0134882148
-0.297561529 -0.132355395 -0.012963553
-0.122426086 0.232046713 -0.0136108277
-0.111465608 0.260090085 -0.00824385409
0.124020713 0.00908039438 -0.0694898619
-0.181337987 0.157562168 -0.020030218
-0.3103871 -0.145774651 -0.0118075314
-0.315685503 -0.14993694 -0.0104955586
0.114428643 -0.0101170073 -0.0790816261
-0.311117093 -0.139115674 -0.0108122629
0.120547539 -0.0220208032 -0.0801956991
-0.10292118 0.266918159 -0.00703111672
-0.290619927 -0.121289978 -0.0134659788
0.140493417 -0.0528182107 -0.0817431679
0.121599704 -0.00189408522 -0.0739788305
-0.106473291 0.271160875 -0.0058222951
0.148113973 -0.0111808296 -0.0660098749
-0.304081805 -0.133768125 -0.0121771827
-0.306349588 -0.12671405 -0.0108951029
-0.397661667 0.167478964 -0.0177983078
0.117954827 -0.0258896196 -0.0827417643
-0.0700363474 -0.123641403 -0.0429253568
-0.0487203931 -0.116909442 -0.0459570456
-0.12953983 0.256267897 -0.0082243318
-0.296947751 -0.112257351 -0.0118389495
-0.30374236 -0.111520417 -0.0106306254
0.232944683 -0.0196687986 -0.045388422
-0.286631228 -0.106012134 -0.0133907232
-0.288255897 -0.0963730155 -0.0129577691
0.192376321 -0.0410032019 -0.0603396825
-0.292081327 -0.0918809887 -0.0118984972
-0.201651311 -0.321926822 0.0918631726
0.158980507 -0.0685039899 -0.0829837978
0.203084472 -0.0514124679 -0.0652251095
-0.289853035 -0.081456102 -0.0117015903
-0.394164396 0.16865935 -0.0126549552
0.226335798 -0.0558434227 -0.0766693382
-0.0899960419 -0.000693344291 -0.0374391014
-0.0910879099 0.00901762571 -0.0371301298
-0.0886850143 -0.000609145287 -0.0375923853
-0.0916518678 -0.00391730296 -0.0371489459
-0.0941349145 0.000933888963 -0.0366299779
-0.218226314 -0.32457344 0.076105015
-0.0954865097 0.00841234752 -0.0367846562
0.285661149 -0.0098230454 -0.0573920252
-0.0996924943 0.0251682191 -0.0374854755
-0.139580846 0.213954415 -0.0141223097
-0.0952546107 0.00953468244 -0.0366312049
-0.198083528 -0.32132266 0.085344954
-0.201654618 -0.322008924 0.0792769817
-0.145953098 0.204530834 -0.0143590469
-0.189632678 -0.31799999 0.0935046279
-0.100785922 0.034141359 -0.0377221109
-0.101689092 0.043065107 -0.0369412035
-0.181834199 -0.317251759 0.0893320158
-0.14014344 0.234588395 -0.0110625083
-0.0975729798 0.0428665043 -0.035058301
-0.380179283 0.178325388 -0.0141889528
-0.100550198 0.0440778394 -0.0364928686
0.22194097 -0.0478986224 -0.0659562854
-0.103032729 0.0533279906 -0.0366371609
-0.0973196586 -0.00655424146 -0.0407863953
-0.0973529768 -0.00545078055 -0.0381615111
-0.0955610969 -0.0174130486 -0.038117776
-0.101105199 0.000332698789 -0.0564623593
-0.0990254785 0.00209648127 -0.0452520971
0.212230146 -0.0803463292 -0.0911355802
-0.100238633 0.0183700985 -0.0433446112
0.190524134 -0.0788477019 -0.0837967801
-0.148581436 0.238531191 -0.0093476972
-0.0977694905 -0.00574418593 -0.0420551583
-0.09793091 -0.00196571059 -0.0381455306
-0.121409529 0.265070623 -0.0063584551
-0.0976463376 -0.00427156348 -0.0381878235
-0.103086208 0.0290183175 -0.049850281
0.215019104 -0.0753838307 -0.0889189689
-0.098275091 0.00416834082 -0.0379639394
-0.183992067 -0.320017998 0.082774685
-0.179276165 -0.319118875 0.084221472
-0.108766393 0.0103323131 -0.0358794176
-0.0997261869 0.0224955549 -0.0376690571
-0.132311057 0.265073634 -0.00534191018
-0.141417845 0.259429526 -0.00564419215
-0.101088346 0.0334223238 -0.0404130164
0.140982868 -0.270752733 -0.053132781
-0.122514985 -0.310866927 0.0655420493
-0.101066303 0.0265837251 -0.0433242554
-0.102439086 0.0332452375 -0.0456066956
-0.104775918 0.0649396917 -0.0393276788
-0.104224491 0.0534831569 -0.0449328079
0.148616666 -0.259208284 -0.0640245507
-0.103767798 0.0401570192 -0.0487615493
-0.103346737 0.0434539688 -0.0471709234
-0.104797693 0.0529085063 -0.0474141845
0.102070386 -0.260235447 -0.0654042022
-0.1060337 0.070058846 -0.0420607126
-0.104503583 0.0496457447 -0.0459105134
-0.102277243 0.0386617893 -0.0408799616
-0.102990949 0.0505418598 -0.0368259672
-0.105269709 0.0539933738 -0.0485005991
-0.101483113 0.0376346003 -0.0372599267
-0.106715741 0.0608043353 -0.050924922
-0.26667291 0.240163446 -0.00248866582
-0.195233882 -0.321324835 0.0761133709
-0.111856503 0.0502486564 -0.0345327021
-0.108828729 0.27483816 -0.00175189574
-0.10424797 0.0598173835 -0.0365196118
-0.0771471439 0.000890015908 -0.0386502906
-0.0844974179 0.00322370198 -0.0379742485
-0.0871036796 0.00740701033 -0.0377110407
-0.0698044364 -0.000484715246 -0.0389536043
-0.000796028528 -0.259109088 -0.0526502471
0.0591414644 -0.265370489 -0.0626534981
-0.0702574372 0.0174913182 -0.0379875721
0.0536729453 -0.277294444 -0.0520697479
-0.244528693 -0.329639105 0.0682194549
0.0442017159 -0.277767723 -0.0507699248
-0.078396616 0.0190930862 -0.0373403087
-0.0702349694 0.0089114903 -0.0382911454
0.0649042009 -0.278241017 -0.0513761432
-0.0669064229 0.0036230486 -0.0387783376
-0.071679659 0.0274974468 -0.0372259637
-0.0786583668 0.0180758537 -0.0373437273
-0.0742405701 0.0367069282 -0.0362264773
0.0792286396 -0.278019744 -0.0507744795
-0.0794541551 0.0296946134 -0.0367360411
0.112768959 -0.285309287 -0.0578378653
-0.0957398515 0.0408798704 -0.0353769082
0.138644302 -0.284348403 -0.0552060978
-0.0804417755 0.030946545 -0.03681223
-0.0882528483 0.0363682614 -0.0361568276
-0.0772045971 0.0417178783 -0.036143497
0.157441269 -0.277036979 -0.0396989612
-0.0981915901 0.0528092933 -0.0344858593
-0.368157368 0.186041131 0.00235103679
-0.466807525 0.0864918576 -0.00217639737
-0.236841603 -0.327990329 0.0756397553
-0.0803374661 0.0516436379 -0.0348309277
-0.0855801441 0.0621024584 -0.0339366144
-0.119866772 0.270933856 -0.00258832117
-0.0919188438 0.0673500563 -0.0334557858
-0.080818042 0.0653740507 -0.033178153
-0.0984669194 0.0533830952 -0.0344897961
-0.100528349 0.0637561909 -0.0347793747
-0.100823346 0.0631221334 -0.0350366881
-0.0752192468 0.0377729798 -0.0364319815
-0.0891722777 0.035550654 -0.036044747
0.169980988 -0.270804383 -0.0512664918
-0.0933193159 0.034626186 -0.0358056162
-0.0780334753 0.0478684153 -0.0347855515
-0.067857006 0.0535441914 -0.0329714103
-0.0844433564 0.0742694825 -0.032659758
0.190474646 -0.268562968 -0.0528362935
-0.084494351 0.06203035 -0.0337262734
-0.251844262 -0.330894718 0.0599784133
0.250276052 -0.279782461 -0.0381254167
-0.106945782 0.271767904 -0.00572315263
-0.230547149 -0.327015499 0.052830949
-0.23502011 -0.327670326 0.0624167308
-0.0985278921 0.0642647659 -0.0334614833
-0.128893289 0.00535665501 -0.0310047345
-0.12755993 0.0305257276 -0.0302208638
-0.119314726 0.0396654026 -0.0325868571
-0.132456537 0.0653632272 -0.029000528
0.235587306 -0.276904443 -0.0423444762
-0.260266651 -0.333415149 0.0626533409
0.250110147 -0.272292624 -0.0483392988
-0.104429742 0.0658260192 -0.036505058
-0.104377762 0.0657202544 -0.03613645
-0.102298391 0.0658121698 -0.0353939165
-0.10597282 0.0773050352 -0.0352624093
-0.107542037 0.0885094791 -0.0345951998
-0.108775616 0.0969180975 -0.0333064509
0.171961627 -0.260378182 -0.062231369
-0.111684941 0.111886467 -0.0311275606
-0.281899908 0.233840446 0.00413560413
-0.108423673 0.0775783148 -0.0498477383
-0.106999269 0.0801162028 -0.0410757848
0.183088623 -0.259355354 -0.0636075258
-0.10833837 0.065723278 -0.0551745454
-0.107284709 0.0869313697 -0.036958393
-0.309588185 0.22475136 0.00231225716
-0.096275828 0.279395719 -0.00159216675
0.210856313 -0.265196358 -0.0569049494
-0.12379064 0.268745422 -0.00483273428
-0.108331009 0.0797984463 -0.0458709562
-0.105729665 0.073286247 -0.0356563962
0.172371693 -0.291192323 -0.0585098839
-0.111107003 0.110309221 -0.0371077691
-0.112933132 0.119877514 -0.0328176741
0.220040909 -0.279302206 -0.0427971648
-0.110407103 0.105272267 -0.0418003528
-0.114152587 0.126354755 -0.0316154416
-0.110512385 0.102416664 -0.0431784758
0.164866754 -0.276715086 -0.0453621019
-0.110484577 0.102144059 -0.042938961
0.230297307 -0.271925555 -0.0488323836
-0.114504705 0.125554948 -0.0290594685
-0.116404053 0.138619243 -0.0291564179
-0.114217375 0.14146106 -0.0340326976
-0.11265849 0.118235575 -0.0407721777
-0.116491689 0.134820228 -0.0275216965
0.266467463 -0.271828335 -0.0480331015
-0.108761527 0.0967577549 -0.0333196648
-0.248453245 -0.330733983 0.0788900991
-0.127914973 0.271826085 0.00160780983
-0.114303032 0.125207037 -0.0299982255
-0.114504705 0.125554948 -0.0290594685
-0.122915249 0.156607996 -0.0239520048
-0.133500308 0.168449456 -0.0208153211
-0.122262796 0.158362304 -0.0242028911
0.265594258 -0.28558284 -0.0420525496
-0.118711333 0.143858184 -0.0261107691
-0.252218067 -0.331162105 0.0579699067
-0.0968284368 0.0696080671 -0.0335078836
-0.092589662 0.0881000571 -0.0320745717
0.254196676 -0.279904955 -0.0385984612
-0.102530624 0.0715963538 -0.0342827454
-0.102317807 0.079620282 -0.0329511995
0.235416228 -0.278765375 -0.0400633391
-0.102712277 0.0857858194 -0.0323627365
-0.228702031 -0.32625402 0.0817089202
-0.245238787 -0.330034894 0.0680645381
-0.0918433117 0.0825932986 -0.0319297884
-0.086465723 0.0854370065 -0.0315731117
-0.23502011 -0.327670326 0.0624167308
-0.0864660861 0.0854365479 -0.0315731315
-0.0961458249 0.0850399367 -0.0322913945
-0.149370474 0.26894909 0.00595657742
-0.111369111 0.117710214 -0.0296707247
-0.241687784 -0.329221313 0.0580431184
-0.10809533 0.118273438 -0.0290362038
-0.101586667 0.0853171524 -0.0324827521
-0.100136867 0.096340773 -0.0314437404
-0.0921921681 0.113234362 -0.0293677962
-0.158390143 0.266765685 0.00637427024
-0.126995374 0.270851378 -0.000348420899
-0.470810453 0.0789563708 0.000572618532
-0.113940179 0.124941703 -0.0289777403
-0.116074763 0.133297212 -0.0277024503
0.380706925 -0.104267423 -0.0493982717
-0.111644797 0.121089768 -0.0287754986
-0.10567598 0.129876226 -0.0279305961
-0.252993468 -0.331205188 0.0417360839
-0.0866156875 0.103433531 -0.0299357165
-0.0930723391 0.104192952 -0.0299410957
0.382475243 -0.133457749 -0.0391854189
-0.0955603107 0.0926896077 -0.0310126036
-0.108403344 0.116854271 -0.028964187
-0.231608969 -0.327466154 0.040293232
-0.109369564 0.128107038 -0.0276344782
-0.176331289 0.170146375 -0.0186335397
0.407415767 -0.152476266 -0.0411041529
-0.113493411 0.135026974 -0.0271045367
-0.0959241612 0.124627659 -0.0287333342
-0.119577092 0.0835202725 -0.032293262
0.378074752 -0.162478068 -0.0245778771
0.396112282 -0.136848938 -0.0466229334
-0.153563777 0.0904546556 -0.0217514083
-0.244566568 -0.33214196 0.0244388942
-0.234983805 -0.329400002 0.0221750931
-0.141467285 0.118405223 -0.0234791793
0.417911756 -0.243817586 -0.00460214188
-0.113614299 0.121038734 -0.0295734492
0.337063653 -0.284505878 -0.019820768
-0.128480196 0.127495307 -0.0259791043
-0.130968912 0.148060275 -0.0233407254
-0.481540899 0.0635829716 -0.00828746621
-0.120420689 0.273587078 9.87794221e-05
-0.00845515062 -0.282532988 -0.0308508514
-0.207776576 0.0140351046 -0.014702882
-0.201371547 0.0173008736 -0.0150883482
-0.131483368 0.268622119 -0.00274095501
-0.141427811 0.265497404 -0.00300825837
0.00103115863 -0.289236681 -0.0184252079
0.0434444007 -0.286668642 -0.0250012372
-0.184697701 0.0367400154 -0.0169240137
-0.210611892 0.0126530514 -0.0145384981
-0.149983661 0.263197825 -0.00327707743
0.00326486899 -0.283421977 -0.0307574802
-0.224689268 0.0115208014 -0.0191421657
-0.248174044 -0.331550877 0.0422274977
-0.213403659 0.0234368162 -0.0173928273
-0.225602063 0.0192798884 -0.0277215105
-0.208743621 0.0334052588 -0.0176089904
-0.205341944 0.0262388371 -0.0154779872
-0.227893146 0.0199065006 -0.0346424141
0.0126989646 -0.274273752 -0.0473254425
-0.216843227 0.0302346798 -0.0198599187
-0.210773421 0.0392786424 -0.0193155754
-0.478099321 0.0685905335 -0.0147085701
-0.197159785 0.0291682174 -0.0153084807
0.0296214889 -0.276514769 -0.0493458769
0.0420117708 -0.278606322 -0.0437342791
-0.235251696 -0.327888012 0.0485540092
-0.190251786 0.0558953505 -0.0156838095
0.0319959519 -0.288450009 -0.0613432612
-0.185276293 0.0667093673 -0.0160548484
-0.193813326 0.0471737194 -0.0153654676
-0.185276293 0.0667093673 -0.0160548484
-0.19808556 0.0549143128 -0.0179438439
-0.201484992 0.0612443958 -0.0199232704
-0.159648266 0.167325083 -0.00594156756
-0.199622496 0.079504427 -0.0215501355
-0.465123714 0.086123184 0.00829576275
-0.217924382 0.0343749208 -0.0240701123
-0.207812408 0.0606473772 -0.0215018209
-0.207800833 0.0547315624 -0.0207382231
-0.465385552 0.0906040067 -0.0114734427
-0.336697438 0.210420117 0.000654115665
-0.205616771 0.0658202888 -0.0215375518
0.0929102925 -0.289420335 -0.0104886131
-0.235076857 -0.328194383 0.0423824349
0.0812509728 -0.290109275 -0.0103563081
0.105463316 -0.283463501 -0.0274498001
-0.226511683 0.012781944 -0.0222614097
-0.223423338 0.0183748437 -0.02066958
-0.223425976 0.0208974775 -0.0224843082
-0.229138091 0.0013758442 -0.0187179415
-0.233808986 -0.329452725 0.0223959874
-0.226272144 0.0172497519 -0.0192577591
-0.22315274 0.0286352627 -0.0309651972
0.134015589 -0.281708612 -0.0264104911
-0.147318376 0.265659558 -0.000283412921
-0.235976651 0.013105388 -0.0175762797
-0.237633411 0.0171671279 -0.0173878801
-0.243136763 0.00746817649 -0.0159032757
0.134346607 -0.286482369 -0.00943057615
-0.243286476 0.0111534142 -0.0160784557
-0.208475398 -0.322806872 0.0781928749
-0.267121693 0.2397921 -0.00141260487
-0.24417237 -0.00328324242 -0.0159356827
0.114008189 -0.280301579 -0.0330830969
-0.249093509 -0.0121591491 -0.0148959011
-0.212857878 0.0440850362 -0.0207644995
-0.216490572 0.0350353681 -0.0204151262
-0.23085356 0.0229798796 -0.0186322578
0.155265272 -0.27844883 -0.033891827
-0.227424753 0.0246474239 -0.0194137433
-0.204763989 0.0718444925 -0.0220117831
-0.214548487 -0.324047019 0.0652633836
-0.217777177 0.0438746159 -0.0208561499
-0.209377311 0.0566692154 -0.0212040819
-0.216251237 0.0569179012 -0.0213796495
0.0739792356 -0.278046287 -0.0512041114
-0.225478961 0.0355870459 -0.0199225501
-0.222201375 -0.325687018 0.0594148855
-0.209875581 -0.323748017 0.0517090323
0.109001156 -0.277966587 -0.04274775
-0.23655096 0.0309409567 -0.0173288154
-0.234471377 0.0344297552 -0.0181889572
0.0912990493 -0.277737804 -0.0503515736
-0.230290631 0.0354311274 -0.0189334586
0.0900413731 -0.289941301 -0.0623124491
-0.192530717 -0.32113718 0.0431972401
-0.185166516 -0.31995859 0.0718807266
-0.22773059 0.059275684 -0.0204473693
0.0273777555 -0.307863054 -0.079366254
-0.228378769 0.048080657 -0.0194722898
-0.204588462 -0.322352286 0.0665338913
-0.230050252 0.0541996158 -0.019239853
0.0727176403 -0.300053322 -0.0718985307
0.0458073763 -0.301412886 -0.0740555631
-0.175872528 0.0846175425 -0.0169063176
-0.181460704 0.0761885896 -0.0162908722
0.12006533 -0.286983882 -0.0586519883
-0.186830572 0.0996238893 -0.0202981504
0.111913543 -0.296132672 -0.067020674
-0.170754242 0.106543001 -0.0168274734
-0.196234388 0.0953949922 -0.0292839488
-0.190651299 0.103709802 -0.0214470815
-0.17697082 0.10973341 -0.0184714141
-0.197590311 0.0902756475 -0.0247697924
-0.200199196 0.0772841254 -0.0216654653
-0.200236002 0.0792158224 -0.0217271866
-0.20143836 0.0836825916 -0.0221699671
-0.139789993 0.272139598 -0.0105437798
-0.196246028 0.09574776 -0.022339706
-0.187076602 0.113356336 -0.0212006451
-0.191605098 0.105740228 -0.021816532
-0.193996266 0.100131418 -0.0220930707
0.102549888 -0.313715431 -0.0812191435
-0.207281404 0.0841415227 -0.0222861566
0.12557424 -0.299029046 -0.0690003944
-0.166488072 0.124217934 -0.0168364043
-0.173168568 0.125122419 -0.0183475603
0.153320695 -0.291791237 -0.060602032
-0.178941501 0.129091295 -0.019721634
-0.374555788 0.179402698 0.0105226422
-0.183225588 0.134358941 -0.0208489039
-0.195035407 0.106708847 -0.0222727901
-0.199738347 0.112694334 -0.0226210662
-0.192892699 0.120341565 -0.0223226029
-0.206263572 0.113501823 -0.0222325025
0.176922737 -0.284728338 -0.00867572337
-0.210050895 0.107563564 -0.0225445079
-0.192310248 0.123845084 -0.0220989293
-0.190804694 0.120560879 -0.0218488782
-0.179513409 0.146615639 -0.0202963924
-0.194697584 0.129999658 -0.0220149605
-0.199923951 0.137776222 -0.0222340166
-0.475632058 0.0723010512 -0.00724026646
-0.201021245 0.138921842 -0.0220399401
-0.218807407 0.101829767 -0.0216236707
-0.213902835 0.1035874 -0.0215759696
-0.217684821 0.114745031 -0.0207118995
-0.208956707 0.120995609 -0.0224421319
-0.208186723 0.126224791 -0.0215832493
-0.469766143 0.0813695053 -0.00804271171
-0.208967917 0.121004166 -0.0224429601
-0.188520223 -0.32039824 0.0561197407
-0.28240591 0.235098379 -0.00374529118
-0.14407354 -0.311608805 0.0754625544
0.159549543 -0.276641602 -0.0460071274
-0.202449402 0.139373761 -0.0215522006
-0.184408453 -0.319742685 0.0705160287
-0.305954868 0.226261643 -0.00330946776
-0.205609458 0.0693952518 -0.021895215
-0.2156151 0.0842392601 -0.0221574016
-0.212374878 0.0950844412 -0.0223914838
-0.21308988 0.0843045412 -0.0221820935
-0.220452839 0.075740314 -0.0214511498
0.191984163 -0.281237186 -0.0213322149
0.195804948 -0.278526335 -0.0314616566
-0.224615575 0.0829377691 -0.0214066913
-0.22461806 0.0611144103 -0.0207612262
-0.228281474 0.0697413953 -0.0208547572
-0.22234795 0.0664581108 -0.021101147
-0.171487221 -0.318501857 0.0592083533
0.199409748 -0.283703321 -0.0484172995
0.252811247 -0.286974274 0.00483755587
0.229299663 -0.278712608 -0.0317913863
0.228410645 -0.285118906 -0.00222570887
0.239963978 -0.279200664 -0.0315252896
0.270797107 -0.285596279 -0.00199179472
-0.215917693 0.112017837 -0.0214638843
0.281716316 -0.281533042 -0.0248525578
-0.145489149 -0.315116236 0.0745135549
-0.215107333 0.109562111 -0.0216867298
0.249354205 -0.279694969 -0.0346621794
0.246677413 -0.294842898 -0.0531803819
-0.210763177 0.127121682 -0.020814711
0.295923293 -0.292960862 -0.0432513097
0.292305712 -0.30229154 -0.0527814924
-0.117254107 0.149160442 -0.0298449153
-0.171161939 -0.318479019 0.0353801276
0.162899708 -0.289307832 -0.0574728761
0.179741461 -0.310378628 -0.0741226775
-0.120959076 0.156886073 -0.0248734465
-0.221091404 -0.32696833 0.0225296804
-0.282789704 0.234751789 -0.00286260911
0.201881847 -0.296660507 -0.0597624678
-0.11883255 0.145454866 -0.0258540465
0.238767185 -0.309953974 -0.06691699
-0.115659632 0.144059713 -0.0262041468
-0.11613693 0.152331023 -0.0253634801
-0.109763655 0.160576628 -0.0242359301
-0.117526971 0.162261034 -0.024622031
-0.120182894 0.164057846 -0.0241400156
-0.122097629 0.167389561 -0.0237220177
-0.117096045 0.174044496 -0.0231626156
0.0075404943 0.217131566 -0.0294361784
-0.107068007 0.14196826 -0.0262964213
0.255114758 -0.304712783 -0.0603624444
-0.222045734 -0.326436229 0.0345814254
0.25075973 -0.312433664 -0.0668390049
-0.10740891 0.152181943 -0.0248097258
-0.106716716 0.167257648 -0.0227692876
-0.0995722208 0.273199132 -0.00588775496
-0.108062412 0.162294758 -0.0237814426
-0.205255166 -0.323757861 0.0311904849
0.29371753 -0.282436001 -0.0208331159
-0.105986294 0.190939445 -0.0209894813
-0.105735628 0.170250547 -0.0217562354
-0.167018946 0.175700094 -0.0171993383
-0.102235918 0.178389242 -0.0202555259
-0.106667248 0.170322622 -0.0218160213
-0.0102571769 0.229814553 -0.0239905129
0.31821848 -0.290265407 -0.0343095132
-0.00376640749 0.230653629 -0.0216073881
-0.302787833 0.227201581 -0.000191092099
-0.018019229 0.236870188 -0.0194332092
-0.160630099 0.154540273 -0.0166583459
-0.364226176 0.187029935 0.013719691
-0.105593916 0.274665736 -0.00682949695
-0.0256801917 0.241269063 -0.0172481348
-0.0191261763 0.239750756 -0.0174683052
0.385724551 -0.306672655 -0.0238039261
-0.11296135 0.188752915 -0.0217117592
0.308640805 -0.300512878 -0.0482756911
-0.0265273408 0.241905395 -0.0170160017
-0.0358252732 0.247145585 -0.0151014737
0.338883183 -0.308845318 -0.0478385119
-0.0540726475 0.24938338 -0.0131525079
-0.117714712 0.273178388 -0.00861897844
-0.000720744962 0.228253788 -0.0230093142
-0.235562734 0.247008714 -0.00288102229
-0.0185866762 0.236388639 -0.0196098623
-0.325037585 0.216862595 0.00327135928
0.00467178713 0.230163165 -0.0204463358
-0.476421584 0.0692534159 0.0131212531
-0.00363533407 0.235226574 -0.0182831608
-0.0208306525 0.239793386 -0.0174609412
-0.301708781 0.227931938 -0.000749193748
-0.382763535 0.173409189 0.0111313797
-0.0297401275 0.242602629 -0.0161654823
-0.0272318766 0.243926447 -0.0158883467
-0.119722212 0.150137861 -0.0256716405
-0.121784645 0.161258925 -0.0243403459
-0.123213392 0.167593691 -0.0235181554
-0.37660748 0.177535344 0.00925827521
-0.134997703 0.160210541 -0.0215969192
-0.149022885 0.166447361 -0.0185133556
-0.193381826 -0.322051545 0.0328623916
-0.12210069 0.160911136 -0.0241912354
-0.129276264 0.174252337 -0.0209787241
-0.140191417 0.174406164 -0.0188763903
-0.132596775 0.173518688 -0.0205694416
-0.15898809 0.169084476 -0.016728264
-0.150081777 0.170052979 -0.0177794329
-0.146239385 0.184595079 -0.0168522319
-0.119978443 0.167472229 -0.03151015
-0.124249861 0.174358374 -0.0231843173
-0.125725497 0.175341867 -0.0222228064
-0.125887081 0.183405451 -0.0214808596
-0.396253046 0.163670222 0.0159878666
-0.19343161 -0.322378039 0.0241581915
-0.124087991 0.182818641 -0.0218870077
-0.120054737 0.191870867 -0.0210908788
-0.390386402 0.168146343 0.0115677339
-0.123389778 0.190897364 -0.020878122
-0.12024047 0.201058076 -0.0208664005
-0.128828849 0.196359477 -0.0191454087
-0.306149023 0.226262704 -0.00355092633
-0.13612788 0.188293699 -0.0183267788
-0.134010074 0.188404295 -0.0187044727
-0.146714848 0.189607739 -0.0160566156
-0.143961077 0.197771002 -0.0155187149
-0.128965179 0.17941852 -0.0207759725
-0.295891861 0.230518142 -0.00512180497
-0.141267063 0.206329619 -0.0150210477
-0.132159347 0.205387237 -0.0169659756
-0.148016397 0.213086375 -0.0136704318
-0.301157785 0.228662112 -0.00652367394
-0.0209760989 0.244057109 -0.0153474262
-0.0296752618 0.248639763 -0.0137126986
-0.0316541497 0.249087428 -0.0137017502
-0.0211788876 0.244119171 -0.0153476689
-0.38589573 0.171949677 0.00393040344
-0.175715572 -0.31944771 0.0318672916
-0.0158815947 0.243172034 -0.0159319305
-0.0207439725 0.246683576 -0.0145797969
-0.400272208 0.159711479 0.018026105
-0.185890131 -0.321159491 0.0311559388
-0.0333350447 0.2495328 -0.0136137681
-0.0401272651 0.249946132 -0.0140333648
-0.420411373 0.14234596 0.0110441239
-0.0707952647 0.258207329 -0.010604011
-0.0493313797 0.255560164 -0.011661642
-0.16080831 0.163599762 -0.0168947842
-0.390847314 0.168552011 0.00853534347
-0.234357709 0.247343119 -0.00418262561
-0.349323104 0.201043877 0.00654834781
-0.056003016 0.260369772 -0.0101807867
-0.459798981 0.0958172663 0.0159636536
-0.100470406 0.260320105 -0.00867728456
-0.0928977465 0.266523375 -0.00744455723
-0.0407721456 0.253909689 -0.0122105498
-0.0678207015 0.264952087 -0.00859233755
-0.0626435627 0.262848499 -0.00945034621
-0.0812210857 0.265739559 -0.0083566695
-0.0776553754 0.263903311 -0.00864515822
-0.101572999 0.265740402 -0.00721628501
-0.0818225291 0.267805858 -0.00748674849
-0.344955617 0.204503673 0.00257696325
-0.0175578492 0.246227509 -0.0146069066
-0.0277804374 0.250800938 -0.0133114554
-0.0368934639 0.25514249 -0.012108491
-0.361943755 0.19119512 0.00631446797
-0.234799858 0.246392719 -0.00585537468
-0.0557398934 0.26039329 -0.0101995586
-0.0492929367 0.259303567 -0.0107908914
-0.0471426177 0.259168396 -0.0108296707
-0.0332596276 0.253873694 -0.0121859528
-0.0385951135 0.257210677 -0.0113757948
-0.0443861319 0.261755355 -0.00869670227
-0.183200712 -0.320740281 0.0242087809
-0.0662617761 0.267466262 -0.00836288765
-0.058767951 0.263669104 -0.00953962508
-0.0557239175 0.263345566 -0.00945137426
-0.158202593 -0.316858688 0.0182061196
-0.0855698203 0.270473026 -0.00705281651
-0.0886244802 0.273621025 -0.00623588806
-0.0960564724 0.273347882 -0.00601116302
-0.0785608022 0.271871828 -0.00688880644
-0.0624307217 0.267788573 -0.00781485889
-0.471522974 0.0774501035 0.00998223462
-0.07414155 0.271635446 -0.00717715717
-0.079368509 0.274774454 -0.00538271784
-0.157803012 0.167984411 -0.0165552061
-0.283419774 0.234979809 -0.00473103758
-0.379558028 0.176535335 0.00361552221
-0.125545992 0.218153473 -0.0159729253
-0.118862693 0.234557573 -0.0137154046
-0.131046229 0.216069963 -0.0153817584
-0.357920305 0.19473135 0.00337766898
-0.113643747 0.259298169 -0.00809774786
-0.17639658 -0.317973305 0.0849217932
-0.136784059 0.210007442 -0.0152454522
-0.13475809 0.226367403 -0.0132526833
-0.468293177 0.0812666195 0.0156808261
-0.132336134 0.248699335 -0.00899219307
-0.151978004 0.215066382 -0.0131333039
-0.151420796 -0.310955598 0.0825233001
-0.147717188 0.226499466 -0.0119132239
-0.166801893 -0.317048261 0.0805811256
-0.141417845 0.259429526 -0.00564419215
-0.151402766 0.242003626 -0.00897614763
-0.151576866 0.2560385 -0.00555865872
-0.161011422 0.253702457 -0.00531330682
-0.121161984 0.27424899 -0.0100537765
-0.10748651 0.268125438 -0.00624647446
-0.102794332 0.26890481 -0.00672531323
-0.09749041 0.272317039 -0.0062139251
-0.121411122 0.265015651 -0.00636557155
-0.117894724 0.267655442 -0.00584088987
-0.327789731 0.215652559 0.00420475588
-0.135353318 0.267474021 -0.00667433059
-0.323305226 0.217056872 0.00683141026
-0.126199621 0.269628822 -0.00712646496
-0.107600441 0.271157449 -0.00592229526
-0.341811341 0.205812979 0.00861936852
-0.160519965 0.180929322 -0.0163175504
-0.101679041 0.274715959 -0.00706416358
